Timestamp,roll,pitch,heading,rollRate,pitchRate,yawRate,groundSpeed,airSpeed,airSpeedSetpoint,climbRate,altitudeRelative,altitudeAMSL,altitudeAboveTerr,altitudeTuning,altitudeTuningSetpoint,xTrackError,rangeFinderDist,flightDistance,flightTime,distanceToHome,timeToHome,missionItemIndex,headingToNextWP,distanceToNextWP,headingToHome,distanceToGCS,hobbs,throttlePct,imuTemp,battery0.id,battery0.batteryFunction,battery0.batteryType,battery0.voltage,battery0.current,battery0.mahConsumed,battery0.temperature,battery0.percentRemaining,battery0.timeRemaining,battery0.timeRemainingStr,battery0.chargeState,battery0.instantPower,clock.currentTime,clock.currentUTCTime,clock.currentDate,distanceSensor.rotationNone,distanceSensor.rotationYaw45,distanceSensor.rotationYaw90,distanceSensor.rotationYaw135,distanceSensor.rotationYaw180,distanceSensor.rotationYaw225,distanceSensor.rotationYaw270,distanceSensor.rotationYaw315,distanceSensor.rotationPitch90,distanceSensor.rotationPitch270,distanceSensor.minDistance,distanceSensor.maxDistance,efi.health,efi.ecuIndex,efi.rpm,efi.fuelConsumed,efi.fuelFlow,efi.engineLoad,efi.sparkTime,efi.throttlePos,efi.baroPress,efi.intakePress,efi.intakeTemp,efi.cylinderTemp,efi.ignTime,efi.exGasTemp,efi.injTime,efi.throttleOut,efi.ptComp,escStatus.index,escStatus.rpm1,escStatus.rpm2,escStatus.rpm3,escStatus.rpm4,escStatus.current1,escStatus.current2,escStatus.current3,escStatus.current4,escStatus.voltage1,escStatus.voltage2,escStatus.voltage3,escStatus.voltage4,estimatorStatus.goodAttitudeEsimate,estimatorStatus.goodHorizVelEstimate,estimatorStatus.goodVertVelEstimate,estimatorStatus.goodHorizPosRelEstimate,estimatorStatus.goodHorizPosAbsEstimate,estimatorStatus.goodVertPosAbsEstimate,estimatorStatus.goodVertPosAGLEstimate,estimatorStatus.goodConstPosModeEstimate,estimatorStatus.goodPredHorizPosRelEstimate,estimatorStatus.goodPredHorizPosAbsEstimate,estimatorStatus.gpsGlitch,estimatorStatus.accelError,estimatorStatus.velRatio,estimatorStatus.horizPosRatio,estimatorStatus.vertPosRatio,estimatorStatus.magRatio,estimatorStatus.haglRatio,estimatorStatus.tasRatio,estimatorStatus.horizPosAccuracy,estimatorStatus.vertPosAccuracy,generator.status,generator.genSpeed,generator.batteryCurrent,generator.loadCurrent,generator.powerGenerated,generator.busVoltage,generator.batCurrentSetpoint,generator.rectifierTemp,generator.genTemp,generator.runtime,generator.timeMaintenance,gps.lat,gps.lon,gps.mgrs,gps.hdop,gps.vdop,gps.courseOverGround,gps.lock,gps.count,gps2.lat,gps2.lon,gps2.mgrs,gps2.hdop,gps2.vdop,gps2.courseOverGround,gps2.lock,gps2.count,hygrometer.temperature,hygrometer.humidity,hygrometer.hygrometerid,localPosition.x,localPosition.y,localPosition.z,localPosition.vx,localPosition.vy,localPosition.vz,localPositionSetpoint.x,localPositionSetpoint.y,localPositionSetpoint.z,localPositionSetpoint.vx,localPositionSetpoint.vy,localPositionSetpoint.vz,rpm.rpm1,rpm.rpm2,rpm.rpm3,rpm.rpm4,setpoint.roll,setpoint.pitch,setpoint.yaw,setpoint.rollRate,setpoint.pitchRate,setpoint.yawRate,temperature.temperature1,temperature.temperature2,temperature.temperature3,terrain.blocksPending,terrain.blocksLoaded,vibration.xAxis,vibration.yAxis,vibration.zAxis,vibration.clipCount1,vibration.clipCount2,vibration.clipCount3,wind.direction,wind.speed,wind.verticalSpeed
2025-10-30 11:49:38.836,0.0,-0.4,1,0.0,-0.0,-0.0,0.0,0.0,0.000,-0.0,-0.0,-22.3,-378.3,-0.000,0.000,0.000,0.000,0.0,00:00:00,0.0,227.1,1,--.--,0,--.--,--.--,0000:00:00,0,0,0,1,1,16.20,-1.00,0,--.--,100,--.--,--:--:--,1,-16.20,11:49:38,10:49:38,10/30/25,--.--,--.--,--.--,--.--,--.--,--.--,--.--,--.--,--.--,--.--,--.--,--.--,0,--.--,--.--,--.--,--.--,--.--,--.--,--.--,--.--,--.--,--.--,--.--,--.--,--.--,--.--,--.--,--.--,0,12.000,0.000,12.000,0.000,1.030,1.000,1.030,1.000,16.172,16.172,16.172,16.172,true,true,true,true,true,true,true,false,true,true,false,false,0.00,0.00,0.00,0.07,--.--,0.00,0.08,0.08,9223372036854775808,0,--.--,--.--,--.--,--.--,--.--,0,0,0,0,44.5793644,8.9422160,32TMQ 95412 36226,0.0,0.0,0.0,3,15,--.--,--.--,,--.--,--.--,--.--,0,0,--.--,--.--,0,-0.0,-0.0,0.0,0.0,-0.0,0.0,--.--,--.--,--.--,--.--,--.--,--.--,--.--,--.--,--.--,--.--,0.0,0.0,2.0,-0.1,2.5,-0.0,0.00,--.--,--.--,0,0,0.0,0.0,0.0,0,0,0,--.--,--.--,--.--
2025-10-30 11:49:39.830,0.0,-0.4,1,0.0,-0.0,-0.0,0.0,0.0,0.000,-0.0,-0.0,-22.3,-378.3,-0.000,0.000,0.000,0.000,0.0,00:00:00,0.0,0.0,1,--.--,0,--.--,--.--,0000:00:00,19,0,0,1,1,16.17,-1.00,0,--.--,100,--.--,--:--:--,1,-16.17,11:49:39,10:49:39,10/30/25,--.--,--.--,--.--,--.--,--.--,--.--,--.--,--.--,--.--,--.--,--.--,--.--,0,--.--,--.--,--.--,--.--,--.--,--.--,--.--,--.--,--.--,--.--,--.--,--.--,--.--,--.--,--.--,--.--,0,1194.000,1122.000,1188.000,1128.000,3.985,3.805,3.970,3.820,16.142,16.142,16.142,16.142,true,true,true,true,true,true,true,false,true,true,false,false,0.00,0.00,0.00,0.02,--.--,0.00,0.08,0.08,9223372036854775808,0,--.--,--.--,--.--,--.--,--.--,0,0,0,0,44.5793644,8.9422160,32TMQ 95412 36226,0.0,0.0,0.0,3,15,--.--,--.--,,--.--,--.--,--.--,0,0,--.--,--.--,0,-0.0,-0.0,0.0,0.0,-0.0,0.0,-0.0,-0.0,0.0,-0.0,0.0,0.8,--.--,--.--,--.--,--.--,0.0,0.0,2.0,-0.1,2.5,-0.0,0.00,--.--,--.--,0,0,0.0,0.0,0.0,0,0,0,--.--,--.--,--.--
2025-10-30 11:49:40.830,0.0,-0.4,1,0.0,-0.0,-0.0,0.0,0.0,0.000,0.0,0.0,-22.3,-378.3,-0.000,0.000,0.000,0.000,0.0,00:00:01,0.0,29.5,1,--.--,0,--.--,--.--,0000:00:00,38,0,0,1,1,16.17,-1.00,0,--.--,100,--.--,--:--:--,1,-16.17,11:49:40,10:49:40,10/30/25,--.--,--.--,--.--,--.--,--.--,--.--,--.--,--.--,--.--,--.--,--.--,--.--,0,--.--,--.--,--.--,--.--,--.--,--.--,--.--,--.--,--.--,--.--,--.--,--.--,--.--,--.--,--.--,--.--,0,2388.000,2238.000,2382.000,2244.000,6.970,6.595,6.955,6.610,16.112,16.112,16.112,16.112,true,true,true,true,true,true,true,false,true,true,false,false,0.00,0.00,0.00,0.02,--.--,0.00,0.08,0.08,9223372036854775808,0,--.--,--.--,--.--,--.--,--.--,0,0,0,0,44.5793644,8.9422160,32TMQ 95412 36226,0.0,0.0,0.0,3,15,--.--,--.--,,--.--,--.--,--.--,0,0,--.--,--.--,0,0.0,-0.0,0.0,0.0,0.0,-0.0,-0.0,-0.0,-0.0,-0.0,-0.0,-0.2,--.--,--.--,--.--,--.--,0.0,0.0,2.0,-0.1,2.5,-0.0,0.00,--.--,--.--,0,0,0.0,0.0,0.0,0,0,0,--.--,--.--,--.--
2025-10-30 11:49:41.831,-0.0,0.5,1,0.1,-1.2,-0.0,0.0,0.0,0.000,0.1,0.0,-22.2,-378.3,0.009,0.000,0.000,0.000,0.0,00:00:02,0.0,0.0,1,--.--,0,--.--,--.--,0000:00:00,52,0,0,1,1,16.11,-1.00,0,--.--,100,--.--,--:--:--,1,-16.11,11:49:41,10:49:41,10/30/25,--.--,--.--,--.--,--.--,--.--,--.--,--.--,--.--,--.--,--.--,--.--,--.--,0,--.--,--.--,--.--,--.--,--.--,--.--,--.--,--.--,--.--,--.--,--.--,--.--,--.--,--.--,--.--,--.--,0,3126.000,3138.000,3126.000,3132.000,8.815,8.845,8.815,8.830,16.082,16.082,16.082,16.082,true,true,true,true,true,true,false,false,true,true,false,false,0.01,0.00,0.00,0.02,--.--,0.00,0.08,0.08,9223372036854775808,0,--.--,--.--,--.--,--.--,--.--,0,0,0,0,44.5793644,8.9422160,32TMQ 95412 36226,0.0,0.0,0.0,3,15,--.--,--.--,,--.--,--.--,--.--,0,0,--.--,--.--,0,-0.0,-0.0,-0.0,-0.0,-0.0,-0.1,-0.0,-0.0,-0.0,0.0,0.0,-0.7,--.--,--.--,--.--,--.--,0.0,-0.0,2.0,-0.0,-0.0,0.0,0.00,--.--,--.--,0,0,0.0,0.0,0.0,0,0,0,--.--,--.--,--.--
2025-10-30 11:49:42.830,0.0,-0.6,1,-0.1,-0.5,-0.0,0.0,0.0,0.000,0.8,0.4,-21.8,-378.3,0.419,0.000,0.000,0.000,0.0,00:00:03,0.0,1.0,1,--.--,0,--.--,--.--,0000:00:00,54,0,0,1,1,16.11,-1.00,0,--.--,100,--.--,--:--:--,1,-16.11,11:49:42,10:49:42,10/30/25,--.--,--.--,--.--,--.--,--.--,--.--,--.--,--.--,--.--,--.--,--.--,--.--,0,--.--,--.--,--.--,--.--,--.--,--.--,--.--,--.--,--.--,--.--,--.--,--.--,--.--,--.--,--.--,--.--,0,3288.000,3288.000,3288.000,3288.000,9.220,9.220,9.220,9.220,16.052,16.052,16.052,16.052,true,true,true,true,true,true,false,false,true,true,false,false,0.01,0.00,0.00,0.02,--.--,0.00,0.08,0.08,9223372036854775808,0,--.--,--.--,--.--,--.--,--.--,0,0,0,0,44.5793640,8.9422160,32TMQ 95412 36226,0.0,0.0,183.0,3,15,--.--,--.--,,--.--,--.--,--.--,0,0,--.--,--.--,0,-0.0,-0.0,-0.4,-0.0,-0.0,-0.8,-0.0,-0.0,-0.4,0.0,0.0,-1.2,--.--,--.--,--.--,--.--,0.0,-0.8,1.9,0.0,-1.8,0.0,0.00,--.--,--.--,0,0,0.0,0.0,0.0,0,0,0,--.--,--.--,--.--
2025-10-30 11:49:43.837,0.0,-0.7,1,0.1,0.1,-0.0,0.0,0.0,0.000,1.3,1.5,-20.8,-378.3,1.491,0.000,0.000,0.000,0.0,00:00:05,0.1,3.1,1,--.--,0,--.--,--.--,0000:00:00,51,0,0,1,1,16.05,-1.00,0,--.--,100,--.--,--:--:--,1,-16.05,11:49:43,10:49:43,10/30/25,--.--,--.--,--.--,--.--,--.--,--.--,--.--,--.--,--.--,--.--,--.--,--.--,0,--.--,--.--,--.--,--.--,--.--,--.--,--.--,--.--,--.--,--.--,--.--,--.--,--.--,--.--,--.--,--.--,0,3096.000,3090.000,3096.000,3090.000,8.740,8.725,8.740,8.725,16.022,16.022,16.022,16.022,true,true,true,true,true,true,false,false,true,true,false,false,0.02,0.00,0.01,0.01,--.--,0.00,0.08,0.08,9223372036854775808,0,--.--,--.--,--.--,--.--,--.--,0,0,0,0,44.5793637,8.9422159,32TMQ 95412 36226,0.0,0.0,0.0,3,15,--.--,--.--,,--.--,--.--,--.--,0,0,--.--,--.--,0,-0.1,-0.0,-1.5,0.0,-0.0,-1.3,-0.0,-0.0,-1.5,0.1,0.0,-1.5,--.--,--.--,--.--,--.--,0.0,-0.8,1.9,0.0,-0.4,-0.0,0.00,--.--,--.--,0,0,0.0,0.0,0.0,0,0,0,--.--,--.--,--.--
2025-10-30 11:49:44.838,0.1,-0.3,2,0.2,0.4,-0.0,0.0,0.0,0.000,1.4,2.9,-19.4,-376.8,2.863,0.000,0.000,0.000,0.0,00:00:06,0.0,0.8,1,--.--,0,--.--,--.--,0000:00:00,50,0,0,1,1,16.05,-1.00,0,--.--,100,--.--,--:--:--,1,-16.05,11:49:44,10:49:44,10/30/25,--.--,--.--,--.--,--.--,--.--,--.--,--.--,--.--,--.--,--.--,--.--,--.--,0,--.--,--.--,--.--,--.--,--.--,--.--,--.--,--.--,--.--,--.--,--.--,--.--,--.--,--.--,--.--,--.--,0,3054.000,3054.000,3054.000,3054.000,8.635,8.635,8.635,8.635,15.992,15.992,15.992,15.992,true,true,true,true,true,true,false,false,true,true,false,false,0.02,0.00,0.01,0.01,--.--,0.00,0.08,0.08,9223372036854775808,0,--.--,--.--,--.--,--.--,--.--,0,0,0,0,44.5793641,8.9422158,32TMQ 95412 36226,0.0,0.0,350.0,3,15,--.--,--.--,,--.--,--.--,--.--,0,0,--.--,--.--,0,-0.0,-0.0,-2.9,0.0,-0.0,-1.4,-0.0,-0.0,-2.9,0.0,0.0,-1.5,--.--,--.--,--.--,--.--,0.1,-0.4,2.1,0.2,0.3,0.0,0.00,--.--,--.--,0,0,0.0,0.0,0.0,0,0,0,--.--,--.--,--.--
2025-10-30 11:49:45.838,0.1,0.0,1,-0.1,0.2,0.1,0.0,0.0,0.000,1.5,2.9,-19.4,-375.4,3.970,0.000,0.000,0.000,0.0,00:00:07,0.0,0.2,1,--.--,0,--.--,--.--,0000:00:00,50,0,0,1,1,16.05,-1.00,0,--.--,100,--.--,--:--:--,1,-16.05,11:49:45,10:49:45,10/30/25,--.--,--.--,--.--,--.--,--.--,--.--,--.--,--.--,--.--,--.--,--.--,--.--,0,--.--,--.--,--.--,--.--,--.--,--.--,--.--,--.--,--.--,--.--,--.--,--.--,--.--,--.--,--.--,--.--,0,3054.000,3054.000,3054.000,3054.000,8.635,8.635,8.635,8.635,15.992,15.992,15.992,15.992,true,true,true,true,true,true,false,false,true,true,false,false,0.02,0.00,0.01,0.01,--.--,0.00,0.08,0.08,9223372036854775808,0,--.--,--.--,--.--,--.--,--.--,0,0,0,0,44.5793645,8.9422157,32TMQ 95412 36226,0.0,0.0,3.4,3,15,--.--,--.--,,--.--,--.--,--.--,0,0,--.--,--.--,0,0.0,-0.0,-4.3,0.0,0.0,-1.5,-0.0,-0.0,-4.4,-0.0,0.0,-1.5,--.--,--.--,--.--,--.--,0.1,0.0,2.0,-0.1,0.3,0.2,0.00,--.--,--.--,0,0,0.0,0.0,0.0,0,0,0,--.--,--.--,--.--
2025-10-30 11:49:46.837,0.0,0.0,1,0.0,-0.3,0.2,0.0,0.0,0.000,1.5,4.4,-17.9,-373.9,5.487,0.000,0.000,0.000,0.0,00:00:08,0.0,3.6,1,--.--,0,--.--,--.--,0000:00:00,50,0,0,1,1,15.99,-1.00,0,--.--,100,--.--,--:--:--,1,-15.99,11:49:46,10:49:46,10/30/25,--.--,--.--,--.--,--.--,--.--,--.--,--.--,--.--,--.--,--.--,--.--,--.--,0,--.--,--.--,--.--,--.--,--.--,--.--,--.--,--.--,--.--,--.--,--.--,--.--,--.--,--.--,--.--,--.--,0,3048.000,3048.000,3042.000,3042.000,8.620,8.620,8.605,8.605,15.962,15.962,15.962,15.962,true,true,true,true,true,true,false,false,true,true,false,false,0.02,0.00,0.01,1.05,--.--,0.00,0.08,0.08,9223372036854775808,0,--.--,--.--,--.--,--.--,--.--,0,0,0,0,44.5793648,8.9422159,32TMQ 95412 36226,0.0,0.0,87.7,3,15,--.--,--.--,,--.--,--.--,--.--,0,0,--.--,--.--,0,0.0,-0.0,-5.8,-0.0,0.0,-1.5,-0.0,-0.0,-5.8,-0.0,0.0,-1.5,--.--,--.--,--.--,--.--,0.1,0.0,2.0,-0.0,-0.2,0.2,0.00,--.--,--.--,0,0,0.0,0.0,0.0,0,0,0,--.--,--.--,--.--
2025-10-30 11:49:47.839,-0.1,-0.3,1,-0.1,-0.3,0.5,0.0,0.0,0.000,1.5,7.4,-14.9,-372.4,7.388,0.000,0.000,0.000,0.0,00:00:09,0.0,0.8,1,--.--,0,--.--,--.--,0000:00:00,50,0,0,1,1,15.93,-1.00,0,--.--,96,--.--,--:--:--,1,-15.93,11:49:47,10:49:47,10/30/25,--.--,--.--,--.--,--.--,--.--,--.--,--.--,--.--,--.--,--.--,--.--,--.--,0,--.--,--.--,--.--,--.--,--.--,--.--,--.--,--.--,--.--,--.--,--.--,--.--,--.--,--.--,--.--,--.--,0,3042.000,3042.000,3036.000,3036.000,8.605,8.605,8.590,8.590,15.902,15.902,15.902,15.902,true,true,true,true,true,true,false,false,true,true,false,false,0.01,0.00,0.01,1.02,--.--,0.00,0.08,0.08,9223372036854775808,0,--.--,--.--,--.--,--.--,--.--,0,0,0,0,44.5793645,8.9422162,32TMQ 95412 36226,0.0,0.0,162.9,3,15,--.--,--.--,,--.--,--.--,--.--,0,0,--.--,--.--,0,0.0,0.0,-7.4,-0.0,0.0,-1.5,-0.0,-0.0,-7.4,-0.0,-0.0,-1.5,--.--,--.--,--.--,--.--,-0.1,-0.3,2.0,-0.2,-0.3,0.6,0.00,--.--,--.--,0,0,0.0,0.0,0.0,0,0,0,--.--,--.--,--.--
2025-10-30 11:49:48.837,-0.0,-0.5,1,0.1,-0.1,0.2,0.0,0.0,0.000,1.5,7.4,-14.9,-370.9,8.540,0.000,0.000,0.000,0.0,00:00:10,0.0,0.8,1,--.--,0,--.--,--.--,0000:00:00,50,0,0,1,1,15.93,-1.00,0,--.--,96,--.--,--:--:--,1,-15.93,11:49:48,10:49:48,10/30/25,--.--,--.--,--.--,--.--,--.--,--.--,--.--,--.--,--.--,--.--,--.--,--.--,0,--.--,--.--,--.--,--.--,--.--,--.--,--.--,--.--,--.--,--.--,--.--,--.--,--.--,--.--,--.--,--.--,0,3042.000,3042.000,3036.000,3036.000,8.605,8.605,8.590,8.590,15.902,15.902,15.902,15.902,true,true,true,true,true,true,false,false,true,true,false,false,0.01,0.00,0.01,1.02,--.--,0.00,0.08,0.08,9223372036854775808,0,--.--,--.--,--.--,--.--,--.--,0,0,0,0,44.5793642,8.9422162,32TMQ 95412 36226,0.0,0.0,189.9,3,15,--.--,--.--,,--.--,--.--,--.--,0,0,--.--,--.--,0,-0.0,0.0,-8.9,-0.0,-0.0,-1.5,-0.0,-0.0,-8.9,0.0,-0.0,-1.5,--.--,--.--,--.--,--.--,-0.0,-0.5,2.0,0.2,-0.2,0.1,0.00,--.--,--.--,0,0,0.0,0.0,0.0,0,0,0,--.--,--.--,--.--
2025-10-30 11:49:49.839,0.0,-0.4,1,0.1,0.2,0.1,0.0,0.0,0.000,1.6,10.5,-11.8,-369.3,10.470,0.000,0.000,0.000,0.0,00:00:11,0.0,1.3,1,--.--,0,--.--,--.--,0000:00:00,57,0,0,1,1,15.87,-1.00,0,--.--,95,--.--,--:--:--,1,-15.87,11:49:49,10:49:49,10/30/25,--.--,--.--,--.--,--.--,--.--,--.--,--.--,--.--,--.--,--.--,--.--,--.--,0,--.--,--.--,--.--,--.--,--.--,--.--,--.--,--.--,--.--,--.--,--.--,--.--,--.--,--.--,--.--,--.--,0,3468.000,3468.000,3468.000,3474.000,9.670,9.670,9.670,9.685,15.842,15.842,15.842,15.842,true,true,true,true,true,true,false,false,true,true,false,false,0.00,0.00,0.01,1.04,--.--,0.00,0.08,0.08,9223372036854775808,0,--.--,--.--,--.--,--.--,--.--,0,0,0,0,44.5793641,8.9422160,32TMQ 95412 36226,0.0,0.0,317.0,3,15,--.--,--.--,,--.--,--.--,--.--,0,0,--.--,--.--,0,-0.0,0.0,-10.5,0.0,-0.0,-1.6,-0.0,-0.0,-10.5,0.0,-0.0,-1.7,--.--,--.--,--.--,--.--,0.0,-0.4,2.0,0.0,0.2,0.2,0.00,--.--,--.--,0,0,0.0,0.0,0.0,0,0,0,--.--,--.--,--.--
2025-10-30 11:49:50.838,0.1,-0.2,1,0.1,0.2,0.1,0.0,0.0,0.000,2.8,12.7,-9.6,-367.8,12.680,0.000,0.000,0.000,0.0,00:00:12,0.0,0.0,1,--.--,0,--.--,--.--,0000:00:00,57,0,0,1,1,15.87,-1.00,0,--.--,95,--.--,--:--:--,1,-15.87,11:49:50,10:49:50,10/30/25,--.--,--.--,--.--,--.--,--.--,--.--,--.--,--.--,--.--,--.--,--.--,--.--,0,--.--,--.--,--.--,--.--,--.--,--.--,--.--,--.--,--.--,--.--,--.--,--.--,--.--,--.--,--.--,--.--,0,3438.000,3438.000,3438.000,3438.000,9.595,9.595,9.595,9.595,15.812,15.812,15.812,15.812,true,true,true,true,true,true,false,false,true,true,false,false,0.00,0.00,0.01,1.04,--.--,0.00,0.08,0.08,9223372036854775808,0,--.--,--.--,--.--,--.--,--.--,0,0,0,0,44.5793644,8.9422159,32TMQ 95412 36226,0.0,0.0,352.6,3,15,--.--,--.--,,--.--,--.--,--.--,0,0,--.--,--.--,0,-0.0,-0.0,-12.7,0.0,-0.0,-2.8,-0.0,-0.0,-12.9,0.0,0.0,-3.0,--.--,--.--,--.--,--.--,0.1,-0.2,2.0,0.1,0.2,0.1,0.00,--.--,--.--,0,0,0.0,0.0,0.0,0,0,0,--.--,--.--,--.--
2025-10-30 11:49:51.837,0.1,-0.2,3,0.1,-0.1,-0.0,0.0,0.0,0.000,2.8,12.7,-9.6,-365.6,14.698,0.000,0.000,0.000,0.0,00:00:13,0.0,1.7,1,--.--,0,--.--,--.--,0000:00:00,57,0,0,1,1,15.87,-1.00,0,--.--,95,--.--,--:--:--,1,-15.87,11:49:51,10:49:51,10/30/25,--.--,--.--,--.--,--.--,--.--,--.--,--.--,--.--,--.--,--.--,--.--,--.--,0,--.--,--.--,--.--,--.--,--.--,--.--,--.--,--.--,--.--,--.--,--.--,--.--,--.--,--.--,--.--,--.--,0,3438.000,3438.000,3438.000,3438.000,9.595,9.595,9.595,9.595,15.812,15.812,15.812,15.812,true,true,true,true,true,true,false,false,true,true,false,false,0.00,0.00,0.01,1.04,--.--,0.00,0.08,0.08,9223372036854775808,0,--.--,--.--,--.--,--.--,--.--,0,0,0,0,44.5793645,8.9422159,32TMQ 95412 36226,0.0,0.0,35.5,3,15,--.--,--.--,,--.--,--.--,--.--,0,0,--.--,--.--,0,0.0,-0.0,-15.4,0.0,0.0,-2.9,-0.0,-0.0,-15.9,-0.0,0.0,-3.0,--.--,--.--,--.--,--.--,0.1,-0.2,3.4,0.0,-0.1,-0.0,0.00,--.--,--.--,0,0,0.0,0.0,0.0,0,0,0,--.--,--.--,--.--
2025-10-30 11:49:52.837,-0.0,-0.3,3,-0.2,-0.0,0.2,0.0,0.0,0.000,2.9,15.4,-6.8,-362.8,17.586,0.000,0.000,0.000,0.0,00:00:14,0.0,1.1,1,--.--,0,--.--,--.--,0000:00:00,57,0,0,1,1,15.81,-1.00,0,--.--,91,--.--,--:--:--,1,-15.81,11:49:52,10:49:52,10/30/25,--.--,--.--,--.--,--.--,--.--,--.--,--.--,--.--,--.--,--.--,--.--,--.--,0,--.--,--.--,--.--,--.--,--.--,--.--,--.--,--.--,--.--,--.--,--.--,--.--,--.--,--.--,--.--,--.--,0,3450.000,3456.000,3456.000,3456.000,9.625,9.640,9.640,9.640,15.782,15.782,15.782,15.782,true,true,true,true,true,true,false,false,true,true,false,false,0.03,0.00,0.01,1.03,--.--,0.00,0.08,0.08,9223372036854775808,0,--.--,--.--,--.--,--.--,--.--,0,0,0,0,44.5793645,8.9422161,32TMQ 95412 36226,0.0,0.0,126.5,3,15,--.--,--.--,,--.--,--.--,--.--,0,0,--.--,--.--,0,0.0,0.0,-18.3,-0.0,0.0,-2.9,-0.0,-0.0,-18.8,-0.0,-0.0,-3.0,--.--,--.--,--.--,--.--,-0.0,-0.3,3.4,-0.2,0.0,0.3,0.00,--.--,--.--,0,0,0.0,0.0,0.0,0,0,0,--.--,--.--,--.--
2025-10-30 11:49:53.837,-0.1,-0.3,3,0.0,-0.0,0.1,0.0,0.0,0.000,2.9,18.3,-3.9,-359.9,20.563,0.000,0.000,0.000,0.0,00:00:15,0.0,2.4,1,--.--,0,--.--,--.--,0000:00:00,57,0,0,1,1,15.81,-1.00,0,--.--,91,--.--,--:--:--,1,-15.81,11:49:53,10:49:53,10/30/25,--.--,--.--,--.--,--.--,--.--,--.--,--.--,--.--,--.--,--.--,--.--,--.--,0,--.--,--.--,--.--,--.--,--.--,--.--,--.--,--.--,--.--,--.--,--.--,--.--,--.--,--.--,--.--,--.--,0,3450.000,3444.000,3438.000,3444.000,9.625,9.610,9.595,9.610,15.752,15.752,15.752,15.752,true,true,true,true,true,true,false,false,true,true,false,false,0.03,0.00,0.01,1.03,--.--,0.00,0.08,0.08,9223372036854775808,0,--.--,--.--,--.--,--.--,--.--,0,0,0,0,44.5793644,8.9422163,32TMQ 95412 36226,0.0,0.0,150.9,3,15,--.--,--.--,,--.--,--.--,--.--,0,0,--.--,--.--,0,-0.0,0.0,-21.3,-0.0,-0.0,-3.0,-0.0,-0.0,-21.9,0.0,-0.0,-3.0,--.--,--.--,--.--,--.--,-0.1,-0.3,3.4,0.0,-0.1,0.0,0.00,--.--,--.--,0,0,0.0,0.0,0.0,0,0,0,--.--,--.--,--.--
2025-10-30 11:49:54.838,-0.1,-0.3,3,0.0,0.2,-0.1,0.0,0.0,0.000,3.0,21.3,-0.9,-356.9,23.595,0.000,0.000,0.000,0.0,00:00:16,0.0,1.7,1,--.--,0,--.--,--.--,0000:00:00,57,0,0,1,1,15.75,-1.00,0,--.--,88,--.--,--:--:--,1,-15.75,11:49:54,10:49:54,10/30/25,--.--,--.--,--.--,--.--,--.--,--.--,--.--,--.--,--.--,--.--,--.--,--.--,0,--.--,--.--,--.--,--.--,--.--,--.--,--.--,--.--,--.--,--.--,--.--,--.--,--.--,--.--,--.--,--.--,0,3444.000,3438.000,3444.000,3444.000,9.610,9.595,9.610,9.610,15.722,15.722,15.722,15.722,true,true,true,true,true,true,false,false,true,true,false,false,0.01,0.00,0.01,1.04,--.--,0.00,0.08,0.08,9223372036854775808,0,--.--,--.--,--.--,--.--,--.--,0,0,0,0,44.5793643,8.9422162,32TMQ 95412 36226,0.0,0.0,278.3,3,15,--.--,--.--,,--.--,--.--,--.--,0,0,--.--,--.--,0,-0.0,0.0,-24.3,0.0,-0.0,-3.0,-0.0,-0.0,-24.9,0.0,-0.0,-3.0,--.--,--.--,--.--,--.--,-0.0,-0.3,3.4,0.0,0.1,-0.1,0.00,--.--,--.--,0,0,0.0,0.0,0.0,0,0,0,--.--,--.--,--.--
2025-10-30 11:49:55.838,0.1,-0.3,3,0.2,0.1,-0.0,0.0,0.0,0.000,3.0,27.3,5.0,-353.9,27.330,0.000,0.000,0.000,0.0,00:00:17,0.0,0.6,1,--.--,0,--.--,--.--,0000:00:00,57,0,0,1,1,15.69,-1.00,0,--.--,85,--.--,--:--:--,1,-15.69,11:49:55,10:49:55,10/30/25,--.--,--.--,--.--,--.--,--.--,--.--,--.--,--.--,--.--,--.--,--.--,--.--,0,--.--,--.--,--.--,--.--,--.--,--.--,--.--,--.--,--.--,--.--,--.--,--.--,--.--,--.--,--.--,--.--,0,3450.000,3450.000,3438.000,3444.000,9.625,9.625,9.595,9.610,15.662,15.662,15.662,15.662,true,true,true,true,true,true,false,false,true,true,false,false,0.00,0.00,0.02,1.04,--.--,0.00,0.08,0.08,9223372036854775808,0,--.--,--.--,--.--,--.--,--.--,0,0,0,0,44.5793644,8.9422159,32TMQ 95412 36226,0.0,0.0,304.6,3,15,--.--,--.--,,--.--,--.--,--.--,0,0,--.--,--.--,0,-0.0,0.0,-27.3,0.0,-0.0,-3.0,-0.0,-0.0,-27.8,0.0,-0.0,-3.0,--.--,--.--,--.--,--.--,0.1,-0.3,3.4,0.1,0.1,0.2,0.00,--.--,--.--,0,0,0.0,0.0,0.0,0,0,0,--.--,--.--,--.--
2025-10-30 11:49:56.829,0.2,-0.2,3,0.1,0.1,0.2,0.0,0.0,0.000,3.0,27.3,5.0,-351.0,29.557,0.000,0.000,0.000,0.0,00:00:17,0.0,2.5,1,--.--,0,--.--,--.--,0000:00:00,57,0,0,1,1,15.69,-1.00,0,--.--,85,--.--,--:--:--,1,-15.69,11:49:56,10:49:56,10/30/25,--.--,--.--,--.--,--.--,--.--,--.--,--.--,--.--,--.--,--.--,--.--,--.--,0,--.--,--.--,--.--,--.--,--.--,--.--,--.--,--.--,--.--,--.--,--.--,--.--,--.--,--.--,--.--,--.--,0,3450.000,3450.000,3438.000,3444.000,9.625,9.625,9.595,9.610,15.662,15.662,15.662,15.662,true,true,true,true,true,true,false,false,true,true,false,false,0.00,0.00,0.02,1.04,--.--,0.00,0.08,0.08,9223372036854775808,0,--.--,--.--,--.--,--.--,--.--,0,0,0,0,44.5793645,8.9422157,32TMQ 95412 36226,0.0,0.0,327.6,3,15,--.--,--.--,,--.--,--.--,--.--,0,0,--.--,--.--,0,0.0,-0.0,-30.3,0.0,0.0,-3.0,-0.0,-0.0,-30.9,-0.0,0.0,-3.0,--.--,--.--,--.--,--.--,0.2,-0.2,3.4,0.1,0.1,0.2,0.00,--.--,--.--,0,0,0.0,0.0,0.0,0,0,0,--.--,--.--,--.--
2025-10-30 11:49:57.829,0.1,-0.2,3,0.0,0.1,0.2,0.0,0.0,0.000,3.0,30.3,8.1,-347.9,32.631,0.000,0.000,0.000,0.0,00:00:18,0.0,2.0,1,--.--,0,--.--,--.--,0000:00:00,57,0,0,1,1,15.69,-1.00,0,--.--,85,--.--,--:--:--,1,-15.69,11:49:57,10:49:57,10/30/25,--.--,--.--,--.--,--.--,--.--,--.--,--.--,--.--,--.--,--.--,--.--,--.--,0,--.--,--.--,--.--,--.--,--.--,--.--,--.--,--.--,--.--,--.--,--.--,--.--,--.--,--.--,--.--,--.--,0,3444.000,3444.000,3444.000,3444.000,9.610,9.610,9.610,9.610,15.632,15.632,15.632,15.632,true,true,true,true,true,true,false,false,true,true,false,false,0.00,0.00,0.02,1.04,--.--,0.00,0.08,0.08,9223372036854775808,0,--.--,--.--,--.--,--.--,--.--,0,0,0,0,44.5793646,8.9422158,32TMQ 95412 36226,0.0,0.0,77.4,3,15,--.--,--.--,,--.--,--.--,--.--,0,0,--.--,--.--,0,0.0,-0.0,-33.3,-0.0,0.0,-3.0,0.0,-0.0,-33.9,-0.0,0.0,-3.0,--.--,--.--,--.--,--.--,0.1,-0.2,3.4,0.1,0.1,0.2,0.00,--.--,--.--,0,0,0.0,0.0,0.0,0,0,0,--.--,--.--,--.--
2025-10-30 11:49:58.838,-0.1,-0.2,3,-0.2,-0.2,0.1,0.0,0.0,0.000,3.0,36.3,14.1,-344.9,36.356,0.000,0.000,0.000,0.0,00:00:20,0.0,1.3,1,--.--,0,--.--,--.--,0000:00:00,57,0,0,1,1,15.63,-1.00,0,--.--,81,--.--,--:--:--,1,-15.63,11:49:58,10:49:58,10/30/25,--.--,--.--,--.--,--.--,--.--,--.--,--.--,--.--,--.--,--.--,--.--,--.--,0,--.--,--.--,--.--,--.--,--.--,--.--,--.--,--.--,--.--,--.--,--.--,--.--,--.--,--.--,--.--,--.--,0,3450.000,3450.000,3450.000,3450.000,9.625,9.625,9.625,9.625,15.572,15.572,15.572,15.572,true,true,true,true,true,true,false,false,true,true,false,false,0.01,0.00,0.01,1.05,--.--,0.00,0.08,0.08,9223372036854775808,0,--.--,--.--,--.--,--.--,--.--,0,0,0,0,44.5793645,8.9422162,32TMQ 95412 36226,0.0,0.0,125.7,3,15,--.--,--.--,,--.--,--.--,--.--,0,0,--.--,--.--,0,0.0,0.0,-36.3,-0.0,0.0,-3.0,0.0,-0.0,-36.8,-0.0,-0.0,-3.0,--.--,--.--,--.--,--.--,-0.1,-0.2,4.0,-0.2,-0.1,-0.0,0.00,--.--,--.--,0,0,0.0,0.0,0.0,0,0,0,--.--,--.--,--.--
2025-10-30 11:49:59.830,-0.1,-0.4,3,0.1,-0.1,0.1,0.0,0.0,0.000,3.0,36.3,14.1,-341.9,38.599,0.000,0.000,0.000,0.0,00:00:20,0.0,1.8,1,--.--,0,--.--,--.--,0000:00:00,57,0,0,1,1,15.63,-1.00,0,--.--,81,--.--,--:--:--,1,-15.63,11:49:59,10:49:59,10/30/25,--.--,--.--,--.--,--.--,--.--,--.--,--.--,--.--,--.--,--.--,--.--,--.--,0,--.--,--.--,--.--,--.--,--.--,--.--,--.--,--.--,--.--,--.--,--.--,--.--,--.--,--.--,--.--,--.--,0,3450.000,3450.000,3450.000,3450.000,9.625,9.625,9.625,9.625,15.572,15.572,15.572,15.572,true,true,true,true,true,true,false,false,true,true,false,false,0.01,0.00,0.01,1.05,--.--,0.00,0.08,0.08,9223372036854775808,0,--.--,--.--,--.--,--.--,--.--,0,0,0,0,44.5793644,8.9422164,32TMQ 95412 36226,0.0,0.0,165.2,3,15,--.--,--.--,,--.--,--.--,--.--,0,0,--.--,--.--,0,-0.0,0.0,-39.3,-0.0,-0.0,-3.0,0.0,-0.0,-39.9,0.0,-0.0,-3.0,--.--,--.--,--.--,--.--,-0.2,-0.4,4.0,-0.0,-0.1,0.2,0.00,--.--,--.--,0,0,0.0,0.0,0.0,0,0,0,--.--,--.--,--.--
2025-10-30 11:50:00.837,-0.0,-0.4,3,0.1,0.0,0.3,0.0,0.0,0.000,3.0,39.3,17.1,-338.9,41.599,0.000,0.000,0.000,0.0,00:00:22,0.0,1.6,1,--.--,0,--.--,--.--,0000:00:00,57,0,0,1,1,15.57,-1.00,0,--.--,78,--.--,--:--:--,1,-15.57,11:50:00,10:50:00,10/30/25,--.--,--.--,--.--,--.--,--.--,--.--,--.--,--.--,--.--,--.--,--.--,--.--,0,--.--,--.--,--.--,--.--,--.--,--.--,--.--,--.--,--.--,--.--,--.--,--.--,--.--,--.--,--.--,--.--,0,3450.000,3456.000,3450.000,3450.000,9.625,9.640,9.625,9.625,15.542,15.542,15.542,15.542,true,true,true,true,true,true,false,false,true,true,false,false,0.00,0.00,0.01,1.06,--.--,0.00,0.08,0.08,9223372036854775808,0,--.--,--.--,--.--,--.--,--.--,0,0,0,0,44.5793642,8.9422163,32TMQ 95412 36226,0.0,0.0,238.1,3,15,--.--,--.--,,--.--,--.--,--.--,0,0,--.--,--.--,0,-0.0,0.0,-42.3,0.0,-0.0,-3.0,0.0,-0.0,-42.8,0.0,-0.0,-3.0,--.--,--.--,--.--,--.--,-0.1,-0.4,4.0,0.0,-0.1,0.3,0.00,--.--,--.--,0,0,0.0,0.0,0.0,0,0,0,--.--,--.--,--.--
2025-10-30 11:50:01.838,0.2,-0.4,3,0.3,-0.0,0.2,0.0,0.0,0.000,3.0,42.3,20.1,-335.9,44.600,0.000,0.000,0.000,0.0,00:00:23,0.0,0.6,1,--.--,0,--.--,--.--,0000:00:00,57,0,0,1,1,15.57,-1.00,0,--.--,78,--.--,--:--:--,1,-15.57,11:50:01,10:50:01,10/30/25,--.--,--.--,--.--,--.--,--.--,--.--,--.--,--.--,--.--,--.--,--.--,--.--,0,--.--,--.--,--.--,--.--,--.--,--.--,--.--,--.--,--.--,--.--,--.--,--.--,--.--,--.--,--.--,--.--,0,3450.000,3450.000,3456.000,3450.000,9.625,9.625,9.640,9.625,15.512,15.512,15.512,15.512,true,true,true,true,true,true,false,false,true,true,false,false,0.00,0.00,0.01,1.06,--.--,0.00,0.08,0.08,9223372036854775808,0,--.--,--.--,--.--,--.--,--.--,0,0,0,0,44.5793642,8.9422159,32TMQ 95412 36226,0.0,0.0,296.9,3,15,--.--,--.--,,--.--,--.--,--.--,0,0,--.--,--.--,0,-0.0,-0.0,-45.3,0.0,-0.0,-3.0,0.0,-0.0,-45.7,0.0,0.0,-3.0,--.--,--.--,--.--,--.--,0.2,-0.4,4.0,0.3,0.0,0.2,0.00,--.--,--.--,0,0,0.0,0.0,0.0,0,0,0,--.--,--.--,--.--
2025-10-30 11:50:02.838,0.2,-0.2,3,-0.1,0.1,0.1,0.0,0.0,0.000,3.0,45.4,23.1,-332.9,47.602,0.000,0.000,0.000,0.0,00:00:24,0.0,0.4,1,--.--,0,--.--,--.--,0000:00:00,57,0,0,1,1,15.51,-1.00,0,--.--,75,--.--,--:--:--,1,-15.51,11:50:02,10:50:02,10/30/25,--.--,--.--,--.--,--.--,--.--,--.--,--.--,--.--,--.--,--.--,--.--,--.--,0,--.--,--.--,--.--,--.--,--.--,--.--,--.--,--.--,--.--,--.--,--.--,--.--,--.--,--.--,--.--,--.--,0,3456.000,3456.000,3456.000,3450.000,9.640,9.640,9.640,9.625,15.482,15.482,15.482,15.482,true,true,true,true,true,true,false,false,true,true,false,false,0.00,0.00,0.00,1.07,--.--,0.00,0.08,0.08,9223372036854775808,0,--.--,--.--,--.--,--.--,--.--,0,0,0,0,44.5793644,8.9422157,32TMQ 95412 36226,0.0,0.0,354.1,3,15,--.--,--.--,,--.--,--.--,--.--,0,0,--.--,--.--,0,-0.0,-0.0,-48.3,0.0,0.0,-3.0,0.0,-0.0,-48.8,0.0,0.0,-3.0,--.--,--.--,--.--,--.--,0.2,-0.2,4.0,-0.0,0.2,0.1,0.00,--.--,--.--,0,0,0.0,0.0,0.0,0,0,0,--.--,--.--,--.--
2025-10-30 11:50:03.831,0.1,-0.2,3,-0.1,-0.0,0.2,0.0,0.0,0.000,3.0,48.3,26.1,-329.9,50.582,0.000,0.000,0.000,0.0,00:00:24,0.0,1.0,1,--.--,0,--.--,--.--,0000:00:00,57,0,0,1,1,15.51,-1.00,0,--.--,75,--.--,--:--:--,1,-15.51,11:50:03,10:50:03,10/30/25,--.--,--.--,--.--,--.--,--.--,--.--,--.--,--.--,--.--,--.--,--.--,--.--,0,--.--,--.--,--.--,--.--,--.--,--.--,--.--,--.--,--.--,--.--,--.--,--.--,--.--,--.--,--.--,--.--,0,3450.000,3456.000,3456.000,3456.000,9.625,9.640,9.640,9.640,15.452,15.452,15.452,15.452,true,true,true,true,true,true,false,false,true,true,false,false,0.00,0.00,0.00,1.07,--.--,0.00,0.08,0.08,9223372036854775808,0,--.--,--.--,--.--,--.--,--.--,0,0,0,0,44.5793646,8.9422158,32TMQ 95412 36226,0.0,0.0,54.5,3,15,--.--,--.--,,--.--,--.--,--.--,0,0,--.--,--.--,0,0.0,-0.0,-51.3,0.0,0.0,-3.0,0.0,-0.0,-51.7,-0.0,0.0,-3.0,--.--,--.--,--.--,--.--,0.1,-0.1,4.0,-0.2,0.1,0.2,0.00,--.--,--.--,0,0,0.0,0.0,0.0,0,0,0,--.--,--.--,--.--
2025-10-30 11:50:04.843,-0.1,-0.2,3,-0.1,-0.1,0.2,0.0,0.0,0.000,3.0,51.3,29.1,-326.9,53.587,0.000,0.000,0.000,0.0,00:00:26,0.0,1.6,1,--.--,0,--.--,--.--,0000:00:00,57,0,0,1,1,15.45,-1.00,0,--.--,71,--.--,--:--:--,1,-15.45,11:50:04,10:50:04,10/30/25,--.--,--.--,--.--,--.--,--.--,--.--,--.--,--.--,--.--,--.--,--.--,--.--,0,--.--,--.--,--.--,--.--,--.--,--.--,--.--,--.--,--.--,--.--,--.--,--.--,--.--,--.--,--.--,--.--,0,3456.000,3456.000,3456.000,3456.000,9.640,9.640,9.640,9.640,15.422,15.422,15.422,15.422,true,true,true,true,true,true,false,false,true,true,false,false,0.00,0.00,0.00,1.04,--.--,0.00,0.08,0.08,9223372036854775808,0,--.--,--.--,--.--,--.--,--.--,0,0,0,0,44.5793646,8.9422161,32TMQ 95412 36226,0.0,0.0,128.1,3,15,--.--,--.--,,--.--,--.--,--.--,0,0,--.--,--.--,0,0.0,0.0,-54.3,-0.0,0.0,-3.0,0.0,-0.0,-54.7,-0.0,-0.0,-3.0,--.--,--.--,--.--,--.--,-0.1,-0.2,4.0,0.0,-0.1,0.3,0.00,--.--,--.--,0,0,0.0,0.0,0.0,0,0,0,--.--,--.--,--.--
2025-10-30 11:50:05.843,0.0,-0.5,4,0.3,-0.4,-1.8,0.0,0.0,0.000,3.0,54.3,32.1,-323.9,56.558,0.000,0.000,0.000,0.0,00:00:27,0.0,0.8,1,--.--,0,--.--,--.--,0000:00:00,57,0,0,1,1,15.45,-1.00,0,--.--,71,--.--,--:--:--,1,-15.45,11:50:05,10:50:05,10/30/25,--.--,--.--,--.--,--.--,--.--,--.--,--.--,--.--,--.--,--.--,--.--,--.--,0,--.--,--.--,--.--,--.--,--.--,--.--,--.--,--.--,--.--,--.--,--.--,--.--,--.--,--.--,--.--,--.--,0,3462.000,3456.000,3456.000,3456.000,9.655,9.640,9.640,9.640,15.392,15.392,15.392,15.392,true,true,true,true,true,true,false,false,true,true,false,false,0.00,0.00,0.00,1.04,--.--,0.00,0.08,0.08,9223372036854775808,0,--.--,--.--,--.--,--.--,--.--,0,0,0,0,44.5793644,8.9422162,32TMQ 95412 36226,0.0,0.0,190.7,3,15,--.--,--.--,,--.--,--.--,--.--,0,0,--.--,--.--,0,-0.0,0.0,-57.3,-0.0,-0.0,-3.0,0.0,-0.0,-57.8,0.0,-0.0,-3.0,--.--,--.--,--.--,--.--,0.0,-0.5,4.0,0.5,-0.3,-2.2,0.00,--.--,--.--,0,0,0.0,0.0,0.0,0,0,0,--.--,--.--,--.--
2025-10-30 11:50:06.843,-0.0,-0.8,3,0.0,-0.2,1.0,0.0,0.0,0.000,3.0,57.3,35.1,-320.9,59.576,0.000,0.000,0.000,0.0,00:00:28,0.0,1.2,1,--.--,0,--.--,--.--,0000:00:00,57,0,0,1,1,15.39,-1.00,0,--.--,68,--.--,--:--:--,1,-15.39,11:50:06,10:50:06,10/30/25,--.--,--.--,--.--,--.--,--.--,--.--,--.--,--.--,--.--,--.--,--.--,--.--,0,--.--,--.--,--.--,--.--,--.--,--.--,--.--,--.--,--.--,--.--,--.--,--.--,--.--,--.--,--.--,--.--,0,3474.000,3474.000,3444.000,3450.000,9.685,9.685,9.610,9.625,15.362,15.362,15.362,15.362,true,true,true,true,true,true,false,false,true,true,false,false,0.00,0.00,0.00,0.08,--.--,0.00,0.08,0.08,9223372036854775808,0,--.--,--.--,--.--,--.--,--.--,0,0,0,0,44.5793640,8.9422160,32TMQ 95412 36226,0.0,0.0,204.8,3,15,--.--,--.--,,--.--,--.--,--.--,0,0,--.--,--.--,0,-0.0,0.0,-60.3,-0.0,-0.0,-3.0,0.0,-0.0,-60.7,0.0,-0.0,-3.0,--.--,--.--,--.--,--.--,-0.0,-0.8,4.0,-0.2,-0.2,1.6,0.00,--.--,--.--,0,0,0.0,0.0,0.0,0,0,0,--.--,--.--,--.--
2025-10-30 11:50:07.832,0.2,-0.8,4,0.3,0.2,0.2,0.0,0.0,0.000,3.0,60.3,38.0,-318.0,62.587,0.000,0.000,0.000,0.0,00:00:28,0.0,2.8,1,--.--,0,--.--,--.--,0000:00:00,57,0,0,1,1,15.39,-1.00,0,--.--,68,--.--,--:--:--,1,-15.39,11:50:07,10:50:07,10/30/25,--.--,--.--,--.--,--.--,--.--,--.--,--.--,--.--,--.--,--.--,--.--,--.--,0,--.--,--.--,--.--,--.--,--.--,--.--,--.--,--.--,--.--,--.--,--.--,--.--,--.--,--.--,--.--,--.--,0,3468.000,3468.000,3450.000,3450.000,9.670,9.670,9.625,9.625,15.332,15.332,15.332,15.332,true,true,true,true,true,true,false,false,true,true,false,false,0.00,0.00,0.00,0.08,--.--,0.00,0.08,0.08,9223372036854775808,0,--.--,--.--,--.--,--.--,--.--,0,0,0,0,44.5793638,8.9422157,32TMQ 95412 36226,0.0,0.0,284.5,3,15,--.--,--.--,,--.--,--.--,--.--,0,0,--.--,--.--,0,-0.1,-0.0,-63.4,0.0,-0.0,-3.0,0.0,-0.0,-63.6,0.0,0.0,-3.0,--.--,--.--,--.--,--.--,0.2,-0.8,4.0,0.5,0.1,-0.3,0.00,--.--,--.--,0,0,0.0,0.0,0.0,0,0,0,--.--,--.--,--.--
2025-10-30 11:50:08.830,0.2,-0.6,3,0.0,0.2,0.2,0.0,0.0,0.000,3.0,63.4,41.1,-314.9,65.589,0.000,0.000,0.000,0.0,00:00:29,0.0,1.3,1,--.--,0,--.--,--.--,0000:00:00,57,0,0,1,1,15.33,-1.00,0,--.--,65,--.--,--:--:--,1,-15.33,11:50:08,10:50:08,10/30/25,--.--,--.--,--.--,--.--,--.--,--.--,--.--,--.--,--.--,--.--,--.--,--.--,0,--.--,--.--,--.--,--.--,--.--,--.--,--.--,--.--,--.--,--.--,--.--,--.--,--.--,--.--,--.--,--.--,0,3450.000,3456.000,3462.000,3468.000,9.625,9.640,9.655,9.670,15.302,15.302,15.302,15.302,true,true,true,true,true,true,false,false,true,true,false,false,0.01,0.00,0.01,0.05,--.--,0.00,0.08,0.08,9223372036854775808,0,--.--,--.--,--.--,--.--,--.--,0,0,0,0,44.5793641,8.9422155,32TMQ 95412 36226,0.0,0.0,354.2,3,15,--.--,--.--,,--.--,--.--,--.--,0,0,--.--,--.--,0,-0.0,-0.0,-66.3,0.0,0.0,-3.0,0.0,-0.0,-66.5,0.0,0.0,-3.0,--.--,--.--,--.--,--.--,0.2,-0.6,4.0,-0.1,0.3,0.3,0.00,--.--,--.--,0,0,0.0,0.0,0.0,0,0,0,--.--,--.--,--.--
2025-10-30 11:50:09.829,0.1,-0.4,3,-0.2,0.1,0.3,0.0,0.0,0.000,3.0,66.3,44.1,-311.9,68.589,0.000,0.000,0.000,0.0,00:00:30,0.0,0.8,1,--.--,0,--.--,--.--,0000:00:00,57,0,0,1,1,15.33,-1.00,0,--.--,65,--.--,--:--:--,1,-15.33,11:50:09,10:50:09,10/30/25,--.--,--.--,--.--,--.--,--.--,--.--,--.--,--.--,--.--,--.--,--.--,--.--,0,--.--,--.--,--.--,--.--,--.--,--.--,--.--,--.--,--.--,--.--,--.--,--.--,--.--,--.--,--.--,--.--,0,3468.000,3468.000,3462.000,3462.000,9.670,9.670,9.655,9.655,15.300,15.300,15.300,15.300,true,true,true,true,true,true,false,false,true,true,false,false,0.01,0.00,0.01,0.05,--.--,0.00,0.08,0.08,9223372036854775808,0,--.--,--.--,--.--,--.--,--.--,0,0,0,0,44.5793644,8.9422157,32TMQ 95412 36226,0.0,0.0,43.0,3,15,--.--,--.--,,--.--,--.--,--.--,0,0,--.--,--.--,0,0.0,-0.0,-69.3,0.0,0.0,-3.0,0.0,-0.0,-69.5,-0.0,0.0,-3.0,--.--,--.--,--.--,--.--,0.1,-0.4,4.0,-0.1,0.1,0.2,0.00,--.--,--.--,0,0,0.0,0.0,0.0,0,0,0,--.--,--.--,--.--
2025-10-30 11:50:10.829,-0.1,-0.5,3,-0.1,-0.2,0.1,0.0,0.0,0.000,3.0,69.3,47.1,-308.9,71.593,0.000,0.000,0.000,0.0,00:00:31,0.0,0.5,1,--.--,0,--.--,--.--,0000:00:00,57,0,0,1,1,15.30,-1.00,0,--.--,63,--.--,--:--:--,1,-15.30,11:50:10,10:50:10,10/30/25,--.--,--.--,--.--,--.--,--.--,--.--,--.--,--.--,--.--,--.--,--.--,--.--,0,--.--,--.--,--.--,--.--,--.--,--.--,--.--,--.--,--.--,--.--,--.--,--.--,--.--,--.--,--.--,--.--,0,3462.000,3462.000,3468.000,3468.000,9.655,9.655,9.670,9.670,15.300,15.300,15.300,15.300,true,true,true,true,true,true,false,false,true,true,false,false,0.00,0.00,0.01,0.04,--.--,0.00,0.08,0.08,9223372036854775808,0,--.--,--.--,--.--,--.--,--.--,0,0,0,0,44.5793645,8.9422161,32TMQ 95412 36226,0.0,0.0,106.8,3,15,--.--,--.--,,--.--,--.--,--.--,0,0,--.--,--.--,0,0.0,0.0,-72.3,-0.0,0.0,-3.0,0.0,-0.0,-72.5,-0.0,-0.0,-3.0,--.--,--.--,--.--,--.--,-0.1,-0.5,4.0,-0.1,-0.2,0.0,0.00,--.--,--.--,0,0,0.0,0.0,0.0,0,0,0,--.--,--.--,--.--
2025-10-30 11:50:11.831,-0.2,-0.7,3,0.1,-0.1,0.2,0.0,0.0,0.000,3.0,72.4,50.1,-305.9,74.596,0.000,0.000,0.000,0.0,00:00:32,0.0,1.7,1,--.--,0,--.--,--.--,0000:00:00,57,0,0,1,1,15.30,-1.00,0,--.--,63,--.--,--:--:--,1,-15.30,11:50:11,10:50:11,10/30/25,--.--,--.--,--.--,--.--,--.--,--.--,--.--,--.--,--.--,--.--,--.--,--.--,0,--.--,--.--,--.--,--.--,--.--,--.--,--.--,--.--,--.--,--.--,--.--,--.--,--.--,--.--,--.--,--.--,0,3462.000,3468.000,3462.000,3468.000,9.655,9.670,9.655,9.670,15.300,15.300,15.300,15.300,true,true,true,true,true,true,false,false,true,true,false,false,0.00,0.00,0.01,0.04,--.--,0.00,0.08,0.08,9223372036854775808,0,--.--,--.--,--.--,--.--,--.--,0,0,0,0,44.5793643,8.9422164,32TMQ 95412 36226,0.0,0.0,165.6,3,15,--.--,--.--,,--.--,--.--,--.--,0,0,--.--,--.--,0,-0.0,0.0,-75.2,-0.0,-0.0,-3.0,0.0,-0.0,-75.4,0.0,-0.0,-3.0,--.--,--.--,--.--,--.--,-0.2,-0.7,4.0,0.1,-0.3,0.3,0.00,--.--,--.--,0,0,0.0,0.0,0.0,0,0,0,--.--,--.--,--.--
2025-10-30 11:50:12.832,-0.0,-0.7,3,0.2,-0.1,0.2,0.0,0.0,0.000,3.0,75.3,53.1,-302.9,77.635,0.000,0.000,0.000,0.0,00:00:33,0.0,1.5,1,--.--,0,--.--,--.--,0000:00:00,57,0,0,1,1,15.30,-1.00,0,--.--,63,--.--,--:--:--,1,-15.30,11:50:12,10:50:12,10/30/25,--.--,--.--,--.--,--.--,--.--,--.--,--.--,--.--,--.--,--.--,--.--,--.--,0,--.--,--.--,--.--,--.--,--.--,--.--,--.--,--.--,--.--,--.--,--.--,--.--,--.--,--.--,--.--,--.--,0,3468.000,3468.000,3462.000,3468.000,9.670,9.670,9.655,9.670,15.300,15.300,15.300,15.300,true,true,true,true,true,true,false,false,true,true,false,false,0.00,0.00,0.01,0.03,--.--,0.00,0.08,0.08,9223372036854775808,0,--.--,--.--,--.--,--.--,--.--,0,0,0,0,44.5793641,8.9422163,32TMQ 95412 36226,0.0,0.0,242.8,3,15,--.--,--.--,,--.--,--.--,--.--,0,0,--.--,--.--,0,-0.0,0.0,-78.3,0.0,-0.0,-3.0,0.0,-0.0,-78.4,0.0,-0.0,-3.0,--.--,--.--,--.--,--.--,-0.0,-0.7,4.0,0.2,-0.1,0.3,0.00,--.--,--.--,0,0,0.0,0.0,0.0,0,0,0,--.--,--.--,--.--
2025-10-30 11:50:13.831,0.2,-0.7,3,0.1,0.1,0.1,0.0,0.0,0.000,3.0,78.4,56.1,-299.9,80.606,0.000,0.000,0.000,0.0,00:00:34,0.0,1.0,1,--.--,0,--.--,--.--,0000:00:00,57,0,0,1,1,15.30,-1.00,0,--.--,63,--.--,--:--:--,1,-15.30,11:50:13,10:50:13,10/30/25,--.--,--.--,--.--,--.--,--.--,--.--,--.--,--.--,--.--,--.--,--.--,--.--,0,--.--,--.--,--.--,--.--,--.--,--.--,--.--,--.--,--.--,--.--,--.--,--.--,--.--,--.--,--.--,--.--,0,3468.000,3468.000,3468.000,3468.000,9.670,9.670,9.670,9.670,15.300,15.300,15.300,15.300,true,true,true,true,true,true,false,false,true,true,false,false,0.00,0.00,0.01,0.03,--.--,0.00,0.08,0.08,9223372036854775808,0,--.--,--.--,--.--,--.--,--.--,0,0,0,0,44.5793641,8.9422159,32TMQ 95412 36226,0.0,0.0,299.8,3,15,--.--,--.--,,--.--,--.--,--.--,0,0,--.--,--.--,0,-0.0,-0.0,-81.3,0.0,-0.0,-3.0,0.0,-0.0,-81.4,0.0,0.0,-3.0,--.--,--.--,--.--,--.--,0.2,-0.7,4.0,0.1,0.1,0.1,0.00,--.--,--.--,0,0,0.0,0.0,0.0,0,0,0,--.--,--.--,--.--
2025-10-30 11:50:14.833,0.1,-0.5,3,-0.2,0.1,-0.1,0.0,0.0,0.000,3.0,81.4,59.1,-296.9,83.605,0.000,0.000,0.000,0.0,00:00:35,0.0,1.1,1,--.--,0,--.--,--.--,0000:00:00,57,0,0,1,1,15.30,-1.00,0,--.--,63,--.--,--:--:--,1,-15.30,11:50:14,10:50:14,10/30/25,--.--,--.--,--.--,--.--,--.--,--.--,--.--,--.--,--.--,--.--,--.--,--.--,0,--.--,--.--,--.--,--.--,--.--,--.--,--.--,--.--,--.--,--.--,--.--,--.--,--.--,--.--,--.--,--.--,0,3468.000,3468.000,3468.000,3474.000,9.670,9.670,9.670,9.685,15.300,15.300,15.300,15.300,true,true,true,true,true,true,false,false,true,true,false,false,0.00,0.00,0.00,0.02,--.--,0.00,0.08,0.08,9223372036854775808,0,--.--,--.--,--.--,--.--,--.--,0,0,0,0,44.5793643,8.9422157,32TMQ 95412 36226,0.0,0.0,6.8,3,15,--.--,--.--,,--.--,--.--,--.--,0,0,--.--,--.--,0,-0.0,-0.0,-84.3,0.0,0.0,-3.0,0.0,-0.0,-84.4,0.0,0.0,-3.0,--.--,--.--,--.--,--.--,0.1,-0.5,4.0,-0.2,0.2,-0.1,0.00,--.--,--.--,0,0,0.0,0.0,0.0,0,0,0,--.--,--.--,--.--
2025-10-30 11:50:15.833,0.0,-0.5,3,-0.3,-0.1,0.1,0.0,0.0,0.000,3.0,84.4,62.1,-293.9,86.609,0.000,0.000,0.000,0.0,00:00:36,0.0,0.9,1,--.--,0,--.--,--.--,0000:00:00,57,0,0,1,1,15.30,-1.00,0,--.--,63,--.--,--:--:--,1,-15.30,11:50:15,10:50:15,10/30/25,--.--,--.--,--.--,--.--,--.--,--.--,--.--,--.--,--.--,--.--,--.--,--.--,0,--.--,--.--,--.--,--.--,--.--,--.--,--.--,--.--,--.--,--.--,--.--,--.--,--.--,--.--,--.--,--.--,0,3468.000,3468.000,3468.000,3474.000,9.670,9.670,9.670,9.685,15.300,15.300,15.300,15.300,true,true,true,true,true,true,false,false,true,true,false,false,0.00,0.00,0.00,0.02,--.--,0.00,0.08,0.08,9223372036854775808,0,--.--,--.--,--.--,--.--,--.--,0,0,0,0,44.5793646,8.9422159,32TMQ 95412 36226,0.0,0.0,62.3,3,15,--.--,--.--,,--.--,--.--,--.--,0,0,--.--,--.--,0,0.0,-0.0,-87.3,0.0,0.0,-3.0,0.0,-0.0,-87.4,-0.0,0.0,-3.0,--.--,--.--,--.--,--.--,0.0,-0.5,4.0,-0.2,0.0,0.1,0.00,--.--,--.--,0,0,0.0,0.0,0.0,0,0,0,--.--,--.--,--.--
2025-10-30 11:50:16.829,-0.1,-0.5,3,-0.0,-0.1,0.1,0.0,0.0,0.000,3.0,87.3,65.1,-290.9,89.583,0.000,0.000,0.000,0.0,00:00:37,0.0,2.0,1,--.--,0,--.--,--.--,0000:00:00,57,0,0,1,1,15.30,-1.00,0,--.--,63,--.--,--:--:--,1,-15.30,11:50:16,10:50:16,10/30/25,--.--,--.--,--.--,--.--,--.--,--.--,--.--,--.--,--.--,--.--,--.--,--.--,0,--.--,--.--,--.--,--.--,--.--,--.--,--.--,--.--,--.--,--.--,--.--,--.--,--.--,--.--,--.--,--.--,0,3474.000,3474.000,3468.000,3468.000,9.685,9.685,9.670,9.670,15.300,15.300,15.300,15.300,true,true,true,true,true,true,false,false,true,true,false,false,0.00,0.00,0.01,0.01,--.--,0.00,0.08,0.08,9223372036854775808,0,--.--,--.--,--.--,--.--,--.--,0,0,0,0,44.5793645,8.9422162,32TMQ 95412 36226,0.0,0.0,131.6,3,15,--.--,--.--,,--.--,--.--,--.--,0,0,--.--,--.--,0,0.0,0.0,-90.3,-0.0,0.0,-3.0,0.0,-0.0,-90.3,-0.0,-0.0,-3.0,--.--,--.--,--.--,--.--,-0.1,-0.5,4.0,-0.1,-0.0,0.1,0.00,--.--,--.--,0,0,0.0,0.0,0.0,0,0,0,--.--,--.--,--.--
2025-10-30 11:50:17.836,-0.0,-0.7,3,0.0,-0.2,-0.0,0.0,0.0,0.000,3.0,90.3,68.1,-287.9,92.587,0.000,0.000,0.000,0.0,00:00:39,0.0,1.3,1,--.--,0,--.--,--.--,0000:00:00,57,0,0,1,1,15.30,-1.00,0,--.--,63,--.--,--:--:--,1,-15.30,11:50:17,10:50:17,10/30/25,--.--,--.--,--.--,--.--,--.--,--.--,--.--,--.--,--.--,--.--,--.--,--.--,0,--.--,--.--,--.--,--.--,--.--,--.--,--.--,--.--,--.--,--.--,--.--,--.--,--.--,--.--,--.--,--.--,0,3468.000,3474.000,3474.000,3474.000,9.670,9.685,9.685,9.685,15.300,15.300,15.300,15.300,true,true,true,true,true,true,false,false,true,true,false,false,0.00,0.00,0.01,0.01,--.--,0.00,0.08,0.08,9223372036854775808,0,--.--,--.--,--.--,--.--,--.--,0,0,0,0,44.5793644,8.9422162,32TMQ 95412 36226,0.0,0.0,205.6,3,15,--.--,--.--,,--.--,--.--,--.--,0,0,--.--,--.--,0,-0.0,0.0,-93.3,-0.0,-0.0,-3.0,0.0,-0.0,-93.4,0.0,-0.0,-3.0,--.--,--.--,--.--,--.--,-0.0,-0.7,4.0,-0.0,-0.2,-0.0,0.00,--.--,--.--,0,0,0.0,0.0,0.0,0,0,0,--.--,--.--,--.--
2025-10-30 11:50:18.832,0.0,-0.7,3,0.0,0.1,0.1,0.0,0.0,0.000,3.0,93.3,71.1,-284.9,95.565,0.000,0.000,0.000,0.0,00:00:39,0.0,1.4,1,--.--,0,--.--,--.--,0000:00:00,57,0,0,1,1,15.30,-1.00,0,--.--,63,--.--,--:--:--,1,-15.30,11:50:18,10:50:18,10/30/25,--.--,--.--,--.--,--.--,--.--,--.--,--.--,--.--,--.--,--.--,--.--,--.--,0,--.--,--.--,--.--,--.--,--.--,--.--,--.--,--.--,--.--,--.--,--.--,--.--,--.--,--.--,--.--,--.--,0,3474.000,3474.000,3474.000,3474.000,9.685,9.685,9.685,9.685,15.300,15.300,15.300,15.300,true,true,true,true,true,true,false,false,true,true,false,false,0.00,0.00,0.00,0.03,--.--,0.00,0.08,0.08,9223372036854775808,0,--.--,--.--,--.--,--.--,--.--,0,0,0,0,44.5793642,8.9422160,32TMQ 95412 36226,0.0,0.0,256.1,3,15,--.--,--.--,,--.--,--.--,--.--,0,0,--.--,--.--,0,-0.0,0.0,-96.2,0.0,-0.0,-3.0,0.0,-0.0,-96.3,0.0,-0.0,-3.0,--.--,--.--,--.--,--.--,0.0,-0.7,4.0,-0.0,0.2,0.1,0.00,--.--,--.--,0,0,0.0,0.0,0.0,0,0,0,--.--,--.--,--.--
2025-10-30 11:50:19.832,0.1,-0.6,3,0.0,0.2,0.0,0.0,0.0,0.000,3.0,96.3,74.1,-281.9,98.589,0.000,0.000,0.000,0.0,00:00:40,0.0,1.0,1,--.--,0,--.--,--.--,0000:00:00,57,0,0,1,1,15.30,-1.00,0,--.--,63,--.--,--:--:--,1,-15.30,11:50:19,10:50:19,10/30/25,--.--,--.--,--.--,--.--,--.--,--.--,--.--,--.--,--.--,--.--,--.--,--.--,0,--.--,--.--,--.--,--.--,--.--,--.--,--.--,--.--,--.--,--.--,--.--,--.--,--.--,--.--,--.--,--.--,0,3474.000,3474.000,3474.000,3474.000,9.685,9.685,9.685,9.685,15.300,15.300,15.300,15.300,true,true,true,true,true,true,false,false,true,true,false,false,0.00,0.00,0.00,0.03,--.--,0.00,0.08,0.08,9223372036854775808,0,--.--,--.--,--.--,--.--,--.--,0,0,0,0,44.5793643,8.9422158,32TMQ 95412 36226,0.0,0.0,327.8,3,15,--.--,--.--,,--.--,--.--,--.--,0,0,--.--,--.--,0,-0.0,-0.0,-99.3,0.0,-0.0,-3.0,0.0,-0.0,-99.3,0.0,0.0,-3.0,--.--,--.--,--.--,--.--,0.1,-0.6,4.0,0.0,0.1,0.0,0.00,--.--,--.--,0,0,0.0,0.0,0.0,0,0,0,--.--,--.--,--.--
2025-10-30 11:50:20.831,0.1,-0.5,3,0.0,0.1,0.0,0.0,0.0,0.000,3.0,99.3,77.1,-278.9,101.662,0.000,0.000,0.000,0.0,00:00:41,0.0,0.8,1,--.--,0,--.--,--.--,0000:00:00,57,0,0,1,1,15.30,-1.00,0,--.--,63,--.--,--:--:--,1,-15.30,11:50:20,10:50:20,10/30/25,--.--,--.--,--.--,--.--,--.--,--.--,--.--,--.--,--.--,--.--,--.--,--.--,0,--.--,--.--,--.--,--.--,--.--,--.--,--.--,--.--,--.--,--.--,--.--,--.--,--.--,--.--,--.--,--.--,0,3474.000,3480.000,3480.000,3474.000,9.685,9.700,9.700,9.685,15.300,15.300,15.300,15.300,true,true,true,true,true,true,false,false,true,true,false,false,0.00,0.00,0.01,0.04,--.--,0.00,0.08,0.08,9223372036854775808,0,--.--,--.--,--.--,--.--,--.--,0,0,0,0,44.5793645,8.9422158,32TMQ 95412 36226,0.0,0.0,29.4,3,15,--.--,--.--,,--.--,--.--,--.--,0,0,--.--,--.--,0,-0.0,-0.0,-102.3,0.0,0.0,-3.0,0.0,-0.0,-102.3,0.0,0.0,-2.9,--.--,--.--,--.--,--.--,0.1,-0.5,4.0,0.0,0.0,0.0,0.00,--.--,--.--,0,0,0.0,0.0,0.0,0,0,0,--.--,--.--,--.--
2025-10-30 11:50:21.838,-0.0,-0.5,3,0.0,-0.1,-0.1,0.0,0.0,0.000,3.0,102.4,80.1,-275.9,104.471,0.000,0.000,0.000,0.0,00:00:43,0.0,1.2,1,--.--,0,--.--,--.--,0000:00:00,58,0,0,1,1,15.30,-1.00,0,--.--,63,--.--,--:--:--,1,-15.30,11:50:21,10:50:21,10/30/25,--.--,--.--,--.--,--.--,--.--,--.--,--.--,--.--,--.--,--.--,--.--,--.--,0,--.--,--.--,--.--,--.--,--.--,--.--,--.--,--.--,--.--,--.--,--.--,--.--,--.--,--.--,--.--,--.--,0,3480.000,3480.000,3480.000,3480.000,9.700,9.700,9.700,9.700,15.300,15.300,15.300,15.300,true,true,true,true,true,true,false,false,true,true,false,false,0.00,0.00,0.01,0.04,--.--,0.00,0.08,0.08,9223372036854775808,0,--.--,--.--,--.--,--.--,--.--,0,0,0,0,44.5793645,8.9422160,32TMQ 95412 36226,0.0,0.0,87.3,3,15,--.--,--.--,,--.--,--.--,--.--,0,0,--.--,--.--,0,0.0,-0.0,-105.2,-0.0,0.0,-3.0,0.0,-0.0,-105.3,-0.0,0.0,-3.0,--.--,--.--,--.--,--.--,-0.0,-0.5,4.0,0.0,-0.0,-0.1,0.00,--.--,--.--,0,0,0.0,0.0,0.0,0,0,0,--.--,--.--,--.--
2025-10-30 11:50:22.837,-0.1,-0.6,3,0.1,-0.0,0.0,0.0,0.0,0.000,3.0,105.2,83.0,-273.0,107.536,0.000,0.000,0.000,0.0,00:00:44,0.0,2.7,1,--.--,0,--.--,--.--,0000:00:00,57,0,0,1,1,15.30,-1.00,0,--.--,63,--.--,--:--:--,1,-15.30,11:50:22,10:50:22,10/30/25,--.--,--.--,--.--,--.--,--.--,--.--,--.--,--.--,--.--,--.--,--.--,--.--,0,--.--,--.--,--.--,--.--,--.--,--.--,--.--,--.--,--.--,--.--,--.--,--.--,--.--,--.--,--.--,--.--,0,3486.000,3474.000,3480.000,3480.000,9.715,9.685,9.700,9.700,15.300,15.300,15.300,15.300,true,true,true,true,true,true,false,false,true,true,false,false,0.01,0.00,0.01,0.02,--.--,0.00,0.08,0.08,9223372036854775808,0,--.--,--.--,--.--,--.--,--.--,0,0,0,0,44.5793645,8.9422162,32TMQ 95412 36226,0.0,0.0,137.8,3,15,--.--,--.--,,--.--,--.--,--.--,0,0,--.--,--.--,0,0.0,0.0,-108.2,-0.0,-0.0,-3.0,0.0,-0.0,-108.3,-0.0,-0.0,-3.0,--.--,--.--,--.--,--.--,-0.1,-0.6,4.0,0.0,-0.1,0.0,0.00,--.--,--.--,0,0,0.0,0.0,0.0,0,0,0,--.--,--.--,--.--
2025-10-30 11:50:23.837,-0.1,-0.7,3,0.0,-0.0,0.1,0.0,0.0,0.000,3.0,108.3,86.0,-270.0,110.508,0.000,0.000,0.000,0.0,00:00:45,0.0,1.5,1,--.--,0,--.--,--.--,0000:00:00,57,0,0,1,1,15.30,-1.00,0,--.--,63,--.--,--:--:--,1,-15.30,11:50:23,10:50:23,10/30/25,--.--,--.--,--.--,--.--,--.--,--.--,--.--,--.--,--.--,--.--,--.--,--.--,0,--.--,--.--,--.--,--.--,--.--,--.--,--.--,--.--,--.--,--.--,--.--,--.--,--.--,--.--,--.--,--.--,0,3474.000,3480.000,3474.000,3480.000,9.685,9.700,9.685,9.700,15.300,15.300,15.300,15.300,true,true,true,true,true,true,false,false,true,true,false,false,0.01,0.00,0.01,0.02,--.--,0.00,0.08,0.08,9223372036854775808,0,--.--,--.--,--.--,--.--,--.--,0,0,0,0,44.5793643,8.9422163,32TMQ 95412 36226,0.0,0.0,206.7,3,15,--.--,--.--,,--.--,--.--,--.--,0,0,--.--,--.--,0,-0.0,0.0,-111.2,-0.0,-0.0,-3.0,0.0,-0.0,-111.3,0.0,-0.0,-3.0,--.--,--.--,--.--,--.--,-0.1,-0.7,4.0,0.0,-0.0,0.1,0.00,--.--,--.--,0,0,0.0,0.0,0.0,0,0,0,--.--,--.--,--.--
2025-10-30 11:50:24.831,0.0,-0.7,3,0.1,-0.1,0.0,0.0,0.0,0.000,3.0,111.3,89.0,-267.0,113.528,0.000,0.000,0.000,0.0,00:00:45,0.0,1.2,1,--.--,0,--.--,--.--,0000:00:00,54,0,0,1,1,15.30,-1.00,0,--.--,63,--.--,--:--:--,1,-15.30,11:50:24,10:50:24,10/30/25,--.--,--.--,--.--,--.--,--.--,--.--,--.--,--.--,--.--,--.--,--.--,--.--,0,--.--,--.--,--.--,--.--,--.--,--.--,--.--,--.--,--.--,--.--,--.--,--.--,--.--,--.--,--.--,--.--,0,3474.000,3480.000,3474.000,3480.000,9.685,9.700,9.685,9.700,15.300,15.300,15.300,15.300,true,true,true,true,true,true,false,false,true,true,false,false,0.00,0.00,0.01,0.03,--.--,0.00,0.08,0.08,9223372036854775808,0,--.--,--.--,--.--,--.--,--.--,0,0,0,0,44.5793642,8.9422161,32TMQ 95412 36226,0.0,0.0,275.0,3,15,--.--,--.--,,--.--,--.--,--.--,0,0,--.--,--.--,0,-0.0,0.0,-114.2,0.0,-0.0,-2.8,0.0,-0.0,-114.2,0.0,-0.0,-2.7,--.--,--.--,--.--,--.--,0.0,-0.7,4.0,0.1,-0.0,-0.0,0.00,--.--,--.--,0,0,0.0,0.0,0.0,0,0,0,--.--,--.--,--.--
2025-10-30 11:50:25.838,0.1,-0.7,3,0.0,0.1,-0.1,0.0,0.0,0.000,2.1,114.2,92.0,-264.0,116.127,0.000,0.000,0.000,0.0,00:00:47,0.0,1.3,1,--.--,0,--.--,--.--,0000:00:00,44,0,0,1,1,15.30,-1.00,0,--.--,63,--.--,--:--:--,1,-15.30,11:50:25,10:50:25,10/30/25,--.--,--.--,--.--,--.--,--.--,--.--,--.--,--.--,--.--,--.--,--.--,--.--,0,--.--,--.--,--.--,--.--,--.--,--.--,--.--,--.--,--.--,--.--,--.--,--.--,--.--,--.--,--.--,--.--,0,2976.000,2976.000,2976.000,2982.000,8.440,8.440,8.440,8.455,15.300,15.300,15.300,15.300,true,true,true,true,true,true,false,false,true,true,false,false,0.00,0.00,0.01,0.03,--.--,0.00,0.08,0.08,9223372036854775808,0,--.--,--.--,--.--,--.--,--.--,0,0,0,0,44.5793643,8.9422159,32TMQ 95412 36226,0.0,0.0,330.0,3,15,--.--,--.--,,--.--,--.--,--.--,0,0,--.--,--.--,0,-0.0,-0.0,-116.6,0.0,-0.0,-1.8,0.0,-0.0,-116.4,0.0,0.0,-1.5,--.--,--.--,--.--,--.--,0.1,-0.7,4.0,0.0,0.1,-0.1,0.00,--.--,--.--,0,0,0.0,0.0,0.0,0,0,0,--.--,--.--,--.--
2025-10-30 11:50:26.838,0.1,-0.5,3,-0.0,0.1,0.2,0.0,0.0,0.000,1.1,116.6,94.4,-261.6,117.829,0.000,0.000,0.000,0.0,00:00:48,0.0,3.8,1,--.--,0,--.--,--.--,0000:00:00,44,0,0,1,1,15.30,-1.00,0,--.--,60,--.--,--:--:--,1,-15.30,11:50:26,10:50:26,10/30/25,--.--,--.--,--.--,--.--,--.--,--.--,--.--,--.--,--.--,--.--,--.--,--.--,0,--.--,--.--,--.--,--.--,--.--,--.--,--.--,--.--,--.--,--.--,--.--,--.--,--.--,--.--,--.--,--.--,0,2634.000,2634.000,2628.000,2628.000,7.585,7.585,7.570,7.570,15.300,15.300,15.300,15.300,true,true,true,true,true,true,false,false,true,true,false,false,0.05,0.00,0.02,0.01,--.--,0.00,0.08,0.08,9223372036854775808,0,--.--,--.--,--.--,--.--,--.--,0,0,0,0,44.5793646,8.9422158,32TMQ 95412 36226,0.0,0.0,8.5,3,15,--.--,--.--,,--.--,--.--,--.--,0,0,--.--,--.--,0,0.0,-0.0,-118.1,0.0,0.0,-1.0,0.0,-0.0,-117.8,-0.0,0.0,-0.8,--.--,--.--,--.--,--.--,0.1,-0.5,4.0,-0.0,0.2,0.3,0.00,--.--,--.--,0,0,0.0,0.0,0.0,0,0,0,--.--,--.--,--.--
2025-10-30 11:50:27.840,0.0,-0.4,3,-0.1,-0.0,0.1,0.0,0.0,0.000,0.6,118.1,95.9,-260.1,118.739,0.000,0.000,0.000,0.0,00:00:49,0.0,2.7,1,--.--,0,--.--,--.--,0000:00:00,46,0,0,1,1,15.30,-1.00,0,--.--,60,--.--,--:--:--,1,-15.30,11:50:27,10:50:27,10/30/25,--.--,--.--,--.--,--.--,--.--,--.--,--.--,--.--,--.--,--.--,--.--,--.--,0,--.--,--.--,--.--,--.--,--.--,--.--,--.--,--.--,--.--,--.--,--.--,--.--,--.--,--.--,--.--,--.--,0,2676.000,2676.000,2670.000,2670.000,7.690,7.690,7.675,7.675,15.300,15.300,15.300,15.300,true,true,true,true,true,true,false,false,true,true,false,false,0.05,0.00,0.02,0.01,--.--,0.00,0.08,0.08,9223372036854775808,0,--.--,--.--,--.--,--.--,--.--,0,0,0,0,44.5793648,8.9422160,32TMQ 95412 36226,0.0,0.0,81.8,3,15,--.--,--.--,,--.--,--.--,--.--,0,0,--.--,--.--,0,0.0,-0.0,-118.9,-0.0,0.0,-0.5,0.0,-0.0,-118.6,-0.0,0.0,-0.5,--.--,--.--,--.--,--.--,0.0,-0.4,4.0,-0.1,0.0,0.1,0.00,--.--,--.--,0,0,0.0,0.0,0.0,0,0,0,--.--,--.--,--.--
2025-10-30 11:50:28.841,-0.3,-0.5,3,-7.5,-2.6,-0.9,0.0,0.0,0.000,0.4,118.9,96.6,-259.4,119.184,0.000,0.000,0.000,0.0,00:00:50,0.0,1.0,1,--.--,0,--.--,--.--,0000:00:00,48,0,0,1,1,15.30,-1.00,0,--.--,60,--.--,--:--:--,1,-15.30,11:50:28,10:50:28,10/30/25,--.--,--.--,--.--,--.--,--.--,--.--,--.--,--.--,--.--,--.--,--.--,--.--,0,--.--,--.--,--.--,--.--,--.--,--.--,--.--,--.--,--.--,--.--,--.--,--.--,--.--,--.--,--.--,--.--,0,2844.000,2844.000,2844.000,2844.000,8.110,8.110,8.110,8.110,15.300,15.300,15.300,15.300,true,true,true,true,true,true,false,false,true,true,false,false,0.02,0.01,0.01,0.03,--.--,0.00,0.08,0.08,9223372036854775808,0,--.--,--.--,--.--,--.--,--.--,0,0,0,0,44.5793646,8.9422161,32TMQ 95412 36226,0.0,0.0,162.4,3,15,--.--,--.--,,--.--,--.--,--.--,0,0,--.--,--.--,0,0.0,0.0,-119.3,-0.0,0.0,-0.4,0.0,-0.0,-119.2,-0.0,-0.0,-0.3,--.--,--.--,--.--,--.--,-0.1,-0.5,4.0,-0.1,-0.2,0.1,0.00,--.--,--.--,0,0,0.0,0.0,0.0,0,0,0,--.--,--.--,--.--
2025-10-30 11:50:29.840,4.4,-19.3,345,4.1,-1.3,-0.1,1.0,0.0,0.000,0.3,119.3,97.0,-259.4,119.456,0.000,0.000,0.000,0.0,00:00:51,0.5,0.2,2,355,0,--.--,--.--,0000:00:00,51,0,0,1,1,15.30,-1.00,0,--.--,60,--.--,--:--:--,1,-15.30,11:50:29,10:50:29,10/30/25,--.--,--.--,--.--,--.--,--.--,--.--,--.--,--.--,--.--,--.--,--.--,--.--,0,--.--,--.--,--.--,--.--,--.--,--.--,--.--,--.--,--.--,--.--,--.--,--.--,--.--,--.--,--.--,--.--,0,2298.000,2382.000,3438.000,3594.000,6.745,6.955,9.595,9.985,15.300,15.300,15.300,15.300,true,true,true,true,true,true,false,false,true,true,false,false,0.02,0.01,0.01,0.03,--.--,0.00,0.08,0.08,9223372036854775808,0,--.--,--.--,--.--,--.--,--.--,0,0,0,0,44.5793653,8.9422156,32TMQ 95412 36226,0.0,0.0,347.4,3,15,--.--,--.--,,--.--,--.--,--.--,0,0,--.--,--.--,0,0.5,-0.1,-119.5,1.7,-0.2,-0.2,0.7,-0.1,-119.5,2.2,-0.2,-0.2,--.--,--.--,--.--,--.--,0.5,-19.6,354.9,-4.9,-9.2,14.3,0.00,--.--,--.--,0,0,0.0,0.0,0.0,0,0,0,--.--,--.--,--.--
2025-10-30 11:50:30.841,-1.7,-16.4,359,-4.3,22.7,4.9,3.9,0.0,0.000,0.1,119.5,97.2,-258.8,119.592,0.000,0.000,0.000,2.1,00:00:52,3.2,0.6,2,355,0,176,--.--,0000:00:00,53,0,0,1,1,15.30,-1.00,0,--.--,62,--.--,--:--:--,1,-15.30,11:50:30,10:50:30,10/30/25,--.--,--.--,--.--,--.--,--.--,--.--,--.--,--.--,--.--,--.--,--.--,--.--,0,--.--,--.--,--.--,--.--,--.--,--.--,--.--,--.--,--.--,--.--,--.--,--.--,--.--,--.--,--.--,--.--,0,3624.000,3588.000,2676.000,2658.000,10.060,9.970,7.690,7.645,15.300,15.300,15.300,15.300,true,true,true,true,true,true,false,false,true,true,false,false,0.25,0.01,0.01,0.18,--.--,0.00,0.08,0.08,9223372036854775808,0,--.--,--.--,--.--,--.--,--.--,0,0,0,0,44.5793853,8.9422144,32TMQ 95412 36228,0.0,0.0,359.3,3,15,--.--,--.--,,--.--,--.--,--.--,0,0,--.--,--.--,0,3.1,-0.2,-119.6,4.5,-0.4,-0.0,3.4,-0.3,-119.6,4.7,-0.4,-0.1,--.--,--.--,--.--,--.--,0.4,-18.0,354.9,0.2,8.9,-5.5,0.00,--.--,--.--,0,0,0.0,0.0,0.0,0,0,0,--.--,--.--,--.--
2025-10-30 11:50:31.840,-0.0,4.3,355,3.6,7.1,-9.3,5.4,0.0,0.000,0.1,119.6,97.3,-258.7,119.551,0.000,0.000,0.000,8.2,00:00:53,8.5,1.3,2,355,0,176,--.--,0000:00:00,51,0,0,1,1,15.30,-1.00,0,--.--,62,--.--,--:--:--,1,-15.30,11:50:31,10:50:31,10/30/25,--.--,--.--,--.--,--.--,--.--,--.--,--.--,--.--,--.--,--.--,--.--,--.--,0,--.--,--.--,--.--,--.--,--.--,--.--,--.--,--.--,--.--,--.--,--.--,--.--,--.--,--.--,--.--,--.--,0,2880.000,2868.000,3510.000,3468.000,8.200,8.170,9.775,9.670,15.300,15.300,15.300,15.300,true,true,true,true,true,true,false,false,true,true,false,false,0.25,0.01,0.01,0.18,--.--,0.00,0.08,0.08,9223372036854775808,0,--.--,--.--,--.--,--.--,--.--,0,0,0,0,44.5794332,8.9422104,32TMQ 95412 36234,0.0,0.0,353.5,3,15,--.--,--.--,,--.--,--.--,--.--,0,0,--.--,--.--,0,8.5,-0.6,-119.5,5.3,-0.7,-0.1,8.1,-0.7,-119.7,4.7,-0.6,-0.1,--.--,--.--,--.--,--.--,-0.3,4.5,354.8,2.4,7.9,-6.3,0.00,--.--,--.--,0,0,0.0,0.0,0.0,0,0,0,--.--,--.--,--.--
2025-10-30 11:50:32.840,2.0,7.6,354,3.2,-2.9,2.1,4.8,0.0,0.000,0.2,119.5,97.3,-258.7,119.532,0.000,0.000,0.000,12.4,00:00:54,14.2,2.7,2,355,0,175,--.--,0000:00:00,50,0,0,1,1,15.30,-1.00,0,--.--,61,--.--,--:--:--,1,-15.30,11:50:32,10:50:32,10/30/25,--.--,--.--,--.--,--.--,--.--,--.--,--.--,--.--,--.--,--.--,--.--,--.--,0,--.--,--.--,--.--,--.--,--.--,--.--,--.--,--.--,--.--,--.--,--.--,--.--,--.--,--.--,--.--,--.--,0,3204.000,3180.000,2964.000,2940.000,9.010,8.950,8.410,8.350,15.300,15.300,15.300,15.300,true,true,true,true,true,true,false,false,true,true,false,false,0.39,0.03,0.02,0.08,--.--,0.00,0.08,0.08,9223372036854775808,0,--.--,--.--,--.--,--.--,--.--,0,0,0,0,44.5794862,8.9421996,32TMQ 95411 36239,0.0,0.0,351.0,3,15,--.--,--.--,,--.--,--.--,--.--,0,0,--.--,--.--,0,14.2,-1.3,-119.5,4.6,-0.6,-0.2,13.1,-1.2,-119.7,4.0,-0.3,-0.1,--.--,--.--,--.--,--.--,2.3,7.7,354.9,3.7,1.7,3.0,0.00,--.--,--.--,0,0,0.0,0.0,0.0,0,0,0,--.--,--.--,--.--
2025-10-30 11:50:33.841,1.5,0.5,355,-3.1,-9.2,-0.4,4.1,0.0,0.000,0.1,119.6,97.3,-258.7,119.643,0.000,0.000,0.000,18.5,00:00:55,18.9,4.3,2,355,0,174,--.--,0000:00:00,48,0,0,1,1,15.30,-1.00,0,--.--,61,--.--,--:--:--,1,-15.30,11:50:33,10:50:33,10/30/25,--.--,--.--,--.--,--.--,--.--,--.--,--.--,--.--,--.--,--.--,--.--,--.--,0,--.--,--.--,--.--,--.--,--.--,--.--,--.--,--.--,--.--,--.--,--.--,--.--,--.--,--.--,--.--,--.--,0,2952.000,3000.000,2940.000,2994.000,8.380,8.500,8.350,8.485,15.300,15.300,15.300,15.300,true,true,true,true,true,true,false,false,true,true,false,false,0.39,0.03,0.02,0.08,--.--,0.00,0.08,0.08,9223372036854775808,0,--.--,--.--,--.--,--.--,--.--,0,0,0,0,44.5795275,8.9421923,32TMQ 95410 36244,0.0,0.0,356.1,3,15,--.--,--.--,,--.--,--.--,--.--,0,0,--.--,--.--,0,18.8,-1.9,-119.7,4.1,-0.2,-0.1,18.2,-1.6,-119.7,4.3,-0.2,-0.0,--.--,--.--,--.--,--.--,1.8,1.5,354.9,-1.8,-4.6,-1.5,0.00,--.--,--.--,0,0,0.0,0.0,0.0,0,0,0,--.--,--.--,--.--
2025-10-30 11:50:34.840,-1.6,-6.7,354,-2.6,-3.6,0.0,4.3,0.0,0.000,-0.0,119.7,97.4,-258.6,119.712,0.000,0.000,0.000,22.6,00:00:56,22.9,5.1,2,355,0,175,--.--,0000:00:00,48,0,0,1,1,15.30,-1.00,0,--.--,61,--.--,--:--:--,1,-15.30,11:50:34,10:50:34,10/30/25,--.--,--.--,--.--,--.--,--.--,--.--,--.--,--.--,--.--,--.--,--.--,--.--,0,--.--,--.--,--.--,--.--,--.--,--.--,--.--,--.--,--.--,--.--,--.--,--.--,--.--,--.--,--.--,--.--,0,2898.000,2844.000,2916.000,2862.000,8.245,8.110,8.290,8.155,15.300,15.300,15.300,15.300,true,true,true,true,true,true,false,false,true,true,false,false,0.07,0.05,0.01,0.01,--.--,0.00,0.08,0.08,9223372036854775808,0,--.--,--.--,--.--,--.--,--.--,0,0,0,0,44.5795617,8.9421914,32TMQ 95410 36248,0.0,0.0,0.1,3,15,--.--,--.--,,--.--,--.--,--.--,0,0,--.--,--.--,0,22.8,-2.0,-119.7,4.4,-0.2,0.0,22.9,-2.1,-119.7,5.1,-0.5,0.0,--.--,--.--,--.--,--.--,-1.6,-6.4,354.9,-3.1,-4.1,0.2,0.00,--.--,--.--,0,0,0.0,0.0,0.0,0,0,0,--.--,--.--,--.--
2025-10-30 11:50:35.841,-2.1,-3.6,354,1.2,5.0,0.4,4.9,0.0,0.000,-0.0,119.7,97.5,-258.5,119.705,0.000,0.000,0.000,26.7,00:00:57,27.3,5.4,2,355,0,175,--.--,0000:00:00,49,0,0,1,1,15.30,-1.00,0,--.--,61,--.--,--:--:--,1,-15.30,11:50:35,10:50:35,10/30/25,--.--,--.--,--.--,--.--,--.--,--.--,--.--,--.--,--.--,--.--,--.--,--.--,0,--.--,--.--,--.--,--.--,--.--,--.--,--.--,--.--,--.--,--.--,--.--,--.--,--.--,--.--,--.--,--.--,0,2964.000,2958.000,2952.000,2934.000,8.410,8.395,8.380,8.335,15.300,15.300,15.300,15.300,true,true,true,true,true,true,false,false,true,true,false,false,0.07,0.05,0.01,0.01,--.--,0.00,0.08,0.08,9223372036854775808,0,--.--,--.--,--.--,--.--,--.--,0,0,0,0,44.5796009,8.9421896,32TMQ 95410 36252,0.0,0.0,355.6,3,15,--.--,--.--,,--.--,--.--,--.--,0,0,--.--,--.--,0,27.2,-2.2,-119.7,4.9,-0.5,0.0,27.3,-2.5,-119.7,5.0,-0.7,0.0,--.--,--.--,--.--,--.--,-2.2,-4.1,354.8,0.6,3.3,0.2,0.00,--.--,--.--,0,0,0.0,0.0,0.0,0,0,0,--.--,--.--,--.--
2025-10-30 11:50:36.840,0.2,-1.4,354,2.7,1.1,0.0,5.0,0.0,0.000,-0.0,119.7,97.4,-258.6,119.695,0.000,0.000,0.000,30.7,00:00:58,32.1,6.2,2,355,0,175,--.--,0000:00:00,49,0,0,1,1,15.30,-1.00,0,--.--,61,--.--,--:--:--,1,-15.30,11:50:36,10:50:36,10/30/25,--.--,--.--,--.--,--.--,--.--,--.--,--.--,--.--,--.--,--.--,--.--,--.--,0,--.--,--.--,--.--,--.--,--.--,--.--,--.--,--.--,--.--,--.--,--.--,--.--,--.--,--.--,--.--,--.--,0,2964.000,2946.000,2970.000,2946.000,8.410,8.365,8.425,8.365,15.300,15.300,15.300,15.300,true,true,true,true,true,true,false,false,true,true,false,false,0.03,0.01,0.01,0.04,--.--,0.00,0.08,0.08,9223372036854775808,0,--.--,--.--,--.--,--.--,--.--,0,0,0,0,44.5796446,8.9421825,32TMQ 95409 36257,0.0,0.0,351.8,3,15,--.--,--.--,,--.--,--.--,--.--,0,0,--.--,--.--,0,32.0,-2.8,-119.7,5.0,-0.6,0.0,32.0,-2.9,-119.7,5.0,-0.6,0.0,--.--,--.--,--.--,--.--,0.1,-0.8,354.8,2.7,5.3,-0.2,0.00,--.--,--.--,0,0,0.0,0.0,0.0,0,0,0,--.--,--.--,--.--
2025-10-30 11:50:37.840,1.7,-0.7,354,0.4,-0.9,0.0,5.0,0.0,0.000,0.0,119.7,97.4,-258.6,119.692,0.000,0.000,0.000,36.9,00:00:59,37.2,7.2,2,355,0,175,--.--,0000:00:00,49,0,0,1,1,15.30,-1.00,0,--.--,61,--.--,--:--:--,1,-15.30,11:50:37,10:50:37,10/30/25,--.--,--.--,--.--,--.--,--.--,--.--,--.--,--.--,--.--,--.--,--.--,--.--,0,--.--,--.--,--.--,--.--,--.--,--.--,--.--,--.--,--.--,--.--,--.--,--.--,--.--,--.--,--.--,--.--,0,2970.000,2922.000,2970.000,2928.000,8.425,8.305,8.425,8.320,15.300,15.300,15.300,15.300,true,true,true,true,true,true,false,false,true,true,false,false,0.03,0.01,0.01,0.04,--.--,0.00,0.08,0.08,9223372036854775808,0,--.--,--.--,--.--,--.--,--.--,0,0,0,0,44.5796901,8.9421733,32TMQ 95409 36262,0.0,0.0,352.5,3,15,--.--,--.--,,--.--,--.--,--.--,0,0,--.--,--.--,0,37.1,-3.4,-119.7,5.0,-0.5,-0.0,37.0,-3.3,-119.7,5.0,-0.4,-0.0,--.--,--.--,--.--,--.--,1.7,-0.5,354.9,0.8,1.6,-0.0,0.00,--.--,--.--,0,0,0.0,0.0,0.0,0,0,0,--.--,--.--,--.--
2025-10-30 11:50:38.840,0.8,-1.1,354,-1.8,-0.6,0.0,5.0,0.0,0.000,0.0,119.7,97.4,-258.6,119.694,0.000,0.000,0.000,41.0,00:01:00,42.2,8.3,2,355,0,175,--.--,0000:00:00,49,0,0,1,1,15.30,-1.00,0,--.--,61,--.--,--:--:--,1,-15.30,11:50:38,10:50:38,10/30/25,--.--,--.--,--.--,--.--,--.--,--.--,--.--,--.--,--.--,--.--,--.--,--.--,0,--.--,--.--,--.--,--.--,--.--,--.--,--.--,--.--,--.--,--.--,--.--,--.--,--.--,--.--,--.--,--.--,0,2928.000,2964.000,2922.000,2964.000,8.320,8.410,8.305,8.410,15.300,15.300,15.300,15.300,true,true,true,true,true,true,false,false,true,true,false,false,0.04,0.02,0.01,0.02,--.--,0.00,0.08,0.08,9223372036854775808,0,--.--,--.--,--.--,--.--,--.--,0,0,0,0,44.5797352,8.9421669,32TMQ 95408 36267,0.0,0.0,356.0,3,15,--.--,--.--,,--.--,--.--,--.--,0,0,--.--,--.--,0,42.0,-3.9,-119.7,4.9,-0.3,-0.0,42.0,-3.8,-119.7,5.0,-0.3,-0.0,--.--,--.--,--.--,--.--,0.8,-1.4,354.9,-1.4,0.5,-0.0,0.00,--.--,--.--,0,0,0.0,0.0,0.0,0,0,0,--.--,--.--,--.--
2025-10-30 11:50:39.840,-1.0,-1.7,354,-1.3,-1.0,-0.1,4.9,0.0,0.000,0.0,119.7,97.4,-260.6,119.697,0.000,0.000,0.000,47.1,00:01:01,47.2,9.3,2,355,0,175,--.--,0000:00:00,49,0,0,1,1,15.30,-1.00,0,--.--,61,--.--,--:--:--,1,-15.30,11:50:39,10:50:39,10/30/25,--.--,--.--,--.--,--.--,--.--,--.--,--.--,--.--,--.--,--.--,--.--,--.--,0,--.--,--.--,--.--,--.--,--.--,--.--,--.--,--.--,--.--,--.--,--.--,--.--,--.--,--.--,--.--,--.--,0,2946.000,2934.000,2952.000,2934.000,8.365,8.335,8.380,8.335,15.300,15.300,15.300,15.300,true,true,true,true,true,true,false,false,true,true,false,false,0.04,0.02,0.01,0.02,--.--,0.00,0.08,0.08,9223372036854775808,0,--.--,--.--,--.--,--.--,--.--,0,0,0,0,44.5797788,8.9421637,32TMQ 95408 36272,0.0,0.0,357.4,3,15,--.--,--.--,,--.--,--.--,--.--,0,0,--.--,--.--,0,47.0,-4.2,-119.7,4.9,-0.3,-0.0,47.0,-4.2,-119.7,5.0,-0.5,-0.0,--.--,--.--,--.--,--.--,-0.9,-2.0,354.9,-1.5,0.5,-0.0,0.00,--.--,--.--,0,0,0.0,0.0,0.0,0,0,0,--.--,--.--,--.--
2025-10-30 11:50:40.839,-1.3,-1.7,354,0.4,-0.5,0.0,5.0,0.0,0.000,0.0,119.7,97.4,-260.6,119.706,0.000,0.000,0.000,51.2,00:01:02,52.1,10.2,2,355,0,175,--.--,0000:00:00,48,0,0,1,1,15.30,-1.00,0,--.--,61,--.--,--:--:--,1,-15.30,11:50:40,10:50:40,10/30/25,--.--,--.--,--.--,--.--,--.--,--.--,--.--,--.--,--.--,--.--,--.--,--.--,0,--.--,--.--,--.--,--.--,--.--,--.--,--.--,--.--,--.--,--.--,--.--,--.--,--.--,--.--,--.--,--.--,0,2928.000,2952.000,2928.000,2952.000,8.320,8.380,8.320,8.380,15.300,15.300,15.300,15.300,true,true,true,true,true,true,false,false,true,true,false,false,0.04,0.01,0.00,0.03,--.--,0.00,0.08,0.08,9223372036854775808,0,--.--,--.--,--.--,--.--,--.--,0,0,0,0,44.5798234,8.9421600,32TMQ 95408 36277,0.0,0.0,355.5,3,15,--.--,--.--,,--.--,--.--,--.--,0,0,--.--,--.--,0,51.9,-4.5,-119.7,5.0,-0.5,-0.0,51.8,-4.7,-119.7,5.0,-0.6,-0.0,--.--,--.--,--.--,--.--,-1.4,-1.6,354.8,0.2,1.3,0.1,0.00,--.--,--.--,0,0,0.0,0.0,0.0,0,0,0,--.--,--.--,--.--
2025-10-30 11:50:41.840,-0.2,-1.5,354,1.4,0.0,0.1,5.0,0.0,0.000,0.0,119.7,97.5,-260.5,119.713,0.000,0.000,0.000,55.3,00:01:03,57.1,11.1,2,355,0,175,--.--,0000:00:00,49,0,0,1,1,15.30,-1.00,0,--.--,61,--.--,--:--:--,1,-15.30,11:50:41,10:50:41,10/30/25,--.--,--.--,--.--,--.--,--.--,--.--,--.--,--.--,--.--,--.--,--.--,--.--,0,--.--,--.--,--.--,--.--,--.--,--.--,--.--,--.--,--.--,--.--,--.--,--.--,--.--,--.--,--.--,--.--,0,2946.000,2940.000,2946.000,2934.000,8.365,8.350,8.365,8.335,15.300,15.300,15.300,15.300,true,true,true,true,true,true,false,false,true,true,false,false,0.04,0.01,0.00,0.03,--.--,0.00,0.08,0.08,9223372036854775808,0,--.--,--.--,--.--,--.--,--.--,0,0,0,0,44.5798684,8.9421537,32TMQ 95407 36282,0.0,0.0,353.2,3,15,--.--,--.--,,--.--,--.--,--.--,0,0,--.--,--.--,0,56.9,-5.0,-119.7,5.0,-0.6,-0.0,56.9,-5.1,-119.7,5.0,-0.5,-0.0,--.--,--.--,--.--,--.--,-0.2,-1.8,354.8,1.3,1.2,0.1,0.00,--.--,--.--,0,0,0.0,0.0,0.0,0,0,0,--.--,--.--,--.--
2025-10-30 11:50:42.838,0.8,-1.4,354,0.5,-1.8,0.1,5.0,0.0,0.000,0.0,119.7,97.5,-260.5,119.718,0.000,0.000,0.000,61.5,00:01:04,62.0,12.1,2,355,0,175,--.--,0000:00:00,49,0,0,1,1,15.30,-1.00,0,--.--,61,--.--,--:--:--,1,-15.30,11:50:42,10:50:42,10/30/25,--.--,--.--,--.--,--.--,--.--,--.--,--.--,--.--,--.--,--.--,--.--,--.--,0,--.--,--.--,--.--,--.--,--.--,--.--,--.--,--.--,--.--,--.--,--.--,--.--,--.--,--.--,--.--,--.--,0,2910.000,2970.000,2910.000,2970.000,8.275,8.425,8.275,8.425,15.300,15.300,15.300,15.300,true,true,true,true,true,true,false,false,true,true,false,false,0.02,0.02,0.01,0.05,--.--,0.00,0.08,0.08,9223372036854775808,0,--.--,--.--,--.--,--.--,--.--,0,0,0,0,44.5799126,8.9421462,32TMQ 95407 36287,0.0,0.0,353.3,3,15,--.--,--.--,,--.--,--.--,--.--,0,0,--.--,--.--,0,61.7,-5.6,-119.7,5.0,-0.5,-0.0,61.9,-5.6,-119.7,5.1,-0.4,-0.0,--.--,--.--,--.--,--.--,0.8,-1.7,354.9,0.9,-2.4,0.0,0.00,--.--,--.--,0,0,0.0,0.0,0.0,0,0,0,--.--,--.--,--.--
2025-10-30 11:50:43.835,0.5,-1.0,354,-0.8,-0.0,-0.0,5.0,0.0,0.000,0.0,119.7,97.5,-260.5,119.723,0.000,0.000,0.000,65.6,00:01:05,67.1,13.1,2,355,0,175,--.--,0000:00:00,49,0,0,1,1,15.30,-1.00,0,--.--,61,--.--,--:--:--,1,-15.30,11:50:43,10:50:43,10/30/25,--.--,--.--,--.--,--.--,--.--,--.--,--.--,--.--,--.--,--.--,--.--,--.--,0,--.--,--.--,--.--,--.--,--.--,--.--,--.--,--.--,--.--,--.--,--.--,--.--,--.--,--.--,--.--,--.--,0,2964.000,2916.000,2964.000,2922.000,8.410,8.290,8.410,8.305,15.300,15.300,15.300,15.300,true,true,true,true,true,true,false,false,true,true,false,false,0.02,0.02,0.01,0.05,--.--,0.00,0.08,0.08,9223372036854775808,0,--.--,--.--,--.--,--.--,--.--,0,0,0,0,44.5799580,8.9421397,32TMQ 95406 36292,0.0,0.0,355.1,3,15,--.--,--.--,,--.--,--.--,--.--,0,0,--.--,--.--,0,66.8,-6.1,-119.7,5.0,-0.4,-0.0,66.8,-6.0,-119.7,5.0,-0.4,-0.0,--.--,--.--,--.--,--.--,0.6,-0.9,354.9,-0.6,1.6,-0.1,0.00,--.--,--.--,0,0,0.0,0.0,0.0,0,0,0,--.--,--.--,--.--
2025-10-30 11:50:44.836,-0.5,-1.2,354,-0.9,-0.2,-0.0,5.0,0.0,0.000,0.0,119.7,97.5,-258.5,119.728,0.000,0.000,0.000,71.8,00:01:06,72.2,14.2,2,355,0,175,--.--,0000:00:00,49,0,0,1,1,15.30,-1.00,0,--.--,61,--.--,--:--:--,1,-15.30,11:50:44,10:50:44,10/30/25,--.--,--.--,--.--,--.--,--.--,--.--,--.--,--.--,--.--,--.--,--.--,--.--,0,--.--,--.--,--.--,--.--,--.--,--.--,--.--,--.--,--.--,--.--,--.--,--.--,--.--,--.--,--.--,--.--,0,2946.000,2928.000,2952.000,2934.000,8.365,8.320,8.380,8.335,15.300,15.300,15.300,15.300,true,true,true,true,true,true,false,false,true,true,false,false,0.01,0.03,0.00,0.02,--.--,0.00,0.08,0.08,9223372036854775808,0,--.--,--.--,--.--,--.--,--.--,0,0,0,0,44.5800025,8.9421351,32TMQ 95406 36297,0.0,0.0,356.2,3,15,--.--,--.--,,--.--,--.--,--.--,0,0,--.--,--.--,0,71.9,-6.5,-119.7,5.0,-0.4,-0.0,71.8,-6.5,-119.7,4.9,-0.4,-0.0,--.--,--.--,--.--,--.--,-0.4,-0.6,354.9,-1.0,4.3,-0.0,0.00,--.--,--.--,0,0,0.0,0.0,0.0,0,0,0,--.--,--.--,--.--
2025-10-30 11:50:45.839,-0.8,-1.1,354,0.1,-2.0,-0.0,4.9,0.0,0.000,0.0,119.7,97.5,-258.5,119.733,0.000,0.000,0.000,75.9,00:01:07,77.2,15.4,2,355,0,175,--.--,0000:00:00,49,0,0,1,1,15.30,-1.00,0,--.--,61,--.--,--:--:--,1,-15.30,11:50:45,10:50:45,10/30/25,--.--,--.--,--.--,--.--,--.--,--.--,--.--,--.--,--.--,--.--,--.--,--.--,0,--.--,--.--,--.--,--.--,--.--,--.--,--.--,--.--,--.--,--.--,--.--,--.--,--.--,--.--,--.--,--.--,0,2946.000,2934.000,2946.000,2934.000,8.365,8.335,8.365,8.335,15.300,15.300,15.300,15.300,true,true,true,true,true,true,false,false,true,true,false,false,0.01,0.03,0.00,0.02,--.--,0.00,0.08,0.08,9223372036854775808,0,--.--,--.--,--.--,--.--,--.--,0,0,0,0,44.5800474,8.9421307,32TMQ 95405 36302,0.0,0.0,355.4,3,15,--.--,--.--,,--.--,--.--,--.--,0,0,--.--,--.--,0,76.9,-6.8,-119.7,4.9,-0.4,-0.0,76.8,-6.9,-119.7,4.9,-0.5,-0.0,--.--,--.--,--.--,--.--,-0.9,-0.8,354.9,-0.1,-1.2,0.0,0.00,--.--,--.--,0,0,0.0,0.0,0.0,0,0,0,--.--,--.--,--.--
2025-10-30 11:50:46.838,-0.3,-2.1,354,0.9,0.3,-0.0,4.9,0.0,0.000,0.0,119.7,97.5,-258.5,119.739,0.000,0.000,0.000,82.0,00:01:08,82.1,16.4,2,355,0,175,--.--,0000:00:00,49,0,0,1,1,15.30,-1.00,0,--.--,61,--.--,--:--:--,1,-15.30,11:50:46,10:50:46,10/30/25,--.--,--.--,--.--,--.--,--.--,--.--,--.--,--.--,--.--,--.--,--.--,--.--,0,--.--,--.--,--.--,--.--,--.--,--.--,--.--,--.--,--.--,--.--,--.--,--.--,--.--,--.--,--.--,--.--,0,2922.000,2964.000,2922.000,2964.000,8.305,8.410,8.305,8.410,15.300,15.300,15.300,15.300,true,true,true,true,true,true,false,false,true,true,false,false,0.01,0.02,0.00,0.02,--.--,0.00,0.08,0.08,9223372036854775808,0,--.--,--.--,--.--,--.--,--.--,0,0,0,0,44.5800916,8.9421250,32TMQ 95405 36307,0.0,0.0,354.0,3,15,--.--,--.--,,--.--,--.--,--.--,0,0,--.--,--.--,0,81.8,-7.3,-119.7,4.9,-0.5,-0.0,81.9,-7.4,-119.7,5.1,-0.5,-0.0,--.--,--.--,--.--,--.--,-0.3,-1.9,354.8,0.7,0.5,0.0,0.00,--.--,--.--,0,0,0.0,0.0,0.0,0,0,0,--.--,--.--,--.--
2025-10-30 11:50:47.838,0.4,-1.7,354,0.4,-0.3,0.1,5.0,0.0,0.000,0.0,119.7,97.5,-258.5,119.745,0.000,0.000,0.000,86.1,00:01:09,87.0,17.1,2,355,0,175,--.--,0000:00:00,49,0,0,1,1,15.30,-1.00,0,--.--,61,--.--,--:--:--,1,-15.30,11:50:47,10:50:47,10/30/25,--.--,--.--,--.--,--.--,--.--,--.--,--.--,--.--,--.--,--.--,--.--,--.--,0,--.--,--.--,--.--,--.--,--.--,--.--,--.--,--.--,--.--,--.--,--.--,--.--,--.--,--.--,--.--,--.--,0,2958.000,2928.000,2958.000,2922.000,8.395,8.320,8.395,8.305,15.300,15.300,15.300,15.300,true,true,true,true,true,true,false,false,true,true,false,false,0.01,0.02,0.00,0.02,--.--,0.00,0.08,0.08,9223372036854775808,0,--.--,--.--,--.--,--.--,--.--,0,0,0,0,44.5801355,8.9421183,32TMQ 95404 36312,0.0,0.0,353.8,3,15,--.--,--.--,,--.--,--.--,--.--,0,0,--.--,--.--,0,86.7,-7.8,-119.7,5.0,-0.5,-0.0,86.8,-7.8,-119.7,5.1,-0.4,-0.0,--.--,--.--,--.--,--.--,0.4,-2.0,354.9,0.5,2.1,0.1,0.00,--.--,--.--,0,0,0.0,0.0,0.0,0,0,0,--.--,--.--,--.--
2025-10-30 11:50:48.831,0.4,-0.9,354,-0.4,1.0,-0.0,5.1,0.0,0.000,-0.0,119.7,97.5,-258.5,119.751,0.000,0.000,0.000,90.2,00:01:09,92.0,17.9,2,355,0,175,--.--,0000:00:00,48,0,0,1,1,15.30,-1.00,0,--.--,61,--.--,--:--:--,1,-15.30,11:50:48,10:50:48,10/30/25,--.--,--.--,--.--,--.--,--.--,--.--,--.--,--.--,--.--,--.--,--.--,--.--,0,--.--,--.--,--.--,--.--,--.--,--.--,--.--,--.--,--.--,--.--,--.--,--.--,--.--,--.--,--.--,--.--,0,2904.000,2982.000,2898.000,2982.000,8.260,8.455,8.245,8.455,15.300,15.300,15.300,15.300,true,true,true,true,true,true,false,false,true,true,false,false,0.02,0.02,0.00,0.03,--.--,0.00,0.08,0.08,9223372036854775808,0,--.--,--.--,--.--,--.--,--.--,0,0,0,0,44.5801814,8.9421118,32TMQ 95404 36317,0.0,0.0,354.8,3,15,--.--,--.--,,--.--,--.--,--.--,0,0,--.--,--.--,0,91.6,-8.3,-119.8,5.0,-0.4,0.0,91.7,-8.2,-119.7,5.0,-0.4,0.0,--.--,--.--,--.--,--.--,0.4,-0.8,354.9,-0.2,2.4,-0.0,0.00,--.--,--.--,0,0,0.0,0.0,0.0,0,0,0,--.--,--.--,--.--
2025-10-30 11:50:49.839,-0.2,-0.5,354,-0.7,-0.7,-0.0,5.0,0.0,0.000,-0.0,119.8,97.5,-258.5,119.756,0.000,0.000,0.000,96.3,00:01:11,97.2,19.2,2,355,0,175,--.--,0000:00:00,49,0,0,1,1,15.30,-1.00,0,--.--,61,--.--,--:--:--,1,-15.30,11:50:49,10:50:49,10/30/25,--.--,--.--,--.--,--.--,--.--,--.--,--.--,--.--,--.--,--.--,--.--,--.--,0,--.--,--.--,--.--,--.--,--.--,--.--,--.--,--.--,--.--,--.--,--.--,--.--,--.--,--.--,--.--,--.--,0,2922.000,2958.000,2916.000,2958.000,8.305,8.395,8.290,8.395,15.300,15.300,15.300,15.300,true,true,true,true,true,true,false,false,true,true,false,false,0.02,0.02,0.00,0.03,--.--,0.00,0.08,0.08,9223372036854775808,0,--.--,--.--,--.--,--.--,--.--,0,0,0,0,44.5802263,8.9421067,32TMQ 95403 36322,0.0,0.0,355.7,3,15,--.--,--.--,,--.--,--.--,--.--,0,0,--.--,--.--,0,96.8,-8.7,-119.8,5.0,-0.4,0.0,96.6,-8.7,-119.8,4.8,-0.4,-0.0,--.--,--.--,--.--,--.--,-0.2,-0.3,354.9,-0.7,0.9,-0.0,0.00,--.--,--.--,0,0,0.0,0.0,0.0,0,0,0,--.--,--.--,--.--
2025-10-30 11:50:50.835,-0.6,-0.9,354,-0.1,-3.4,-0.0,4.9,0.0,0.000,0.0,119.8,97.5,-258.5,119.759,0.000,0.000,0.000,100.5,00:01:12,102.1,20.7,2,355,0,175,--.--,0000:00:00,49,0,0,1,1,15.30,-1.00,0,--.--,61,--.--,--:--:--,1,-15.30,11:50:50,10:50:50,10/30/25,--.--,--.--,--.--,--.--,--.--,--.--,--.--,--.--,--.--,--.--,--.--,--.--,0,--.--,--.--,--.--,--.--,--.--,--.--,--.--,--.--,--.--,--.--,--.--,--.--,--.--,--.--,--.--,--.--,0,2922.000,2958.000,2922.000,2958.000,8.305,8.395,8.305,8.395,15.300,15.300,15.300,15.300,true,true,true,true,true,true,false,false,true,true,false,false,0.02,0.02,0.01,0.01,--.--,0.00,0.08,0.08,9223372036854775808,0,--.--,--.--,--.--,--.--,--.--,0,0,0,0,44.5802709,8.9421021,32TMQ 95403 36327,0.0,0.0,355.5,3,15,--.--,--.--,,--.--,--.--,--.--,0,0,--.--,--.--,0,101.7,-9.1,-119.8,4.8,-0.4,-0.0,101.6,-9.1,-119.8,4.9,-0.5,-0.0,--.--,--.--,--.--,--.--,-0.6,-0.6,354.9,-0.3,-1.8,0.0,0.00,--.--,--.--,0,0,0.0,0.0,0.0,0,0,0,--.--,--.--,--.--
2025-10-30 11:50:51.840,-0.4,-2.6,354,0.6,1.7,-0.0,4.9,0.0,0.000,0.0,119.8,97.5,-259.5,119.762,0.000,0.000,0.000,106.7,00:01:13,106.9,21.6,2,355,0,175,--.--,0000:00:00,49,0,0,1,1,15.30,-1.00,0,--.--,61,--.--,--:--:--,1,-15.30,11:50:51,10:50:51,10/30/25,--.--,--.--,--.--,--.--,--.--,--.--,--.--,--.--,--.--,--.--,--.--,--.--,0,--.--,--.--,--.--,--.--,--.--,--.--,--.--,--.--,--.--,--.--,--.--,--.--,--.--,--.--,--.--,--.--,0,2958.000,2928.000,2958.000,2928.000,8.395,8.320,8.395,8.320,15.300,15.300,15.300,15.300,true,true,true,true,true,true,false,false,true,true,false,false,0.02,0.02,0.01,0.01,--.--,0.00,0.08,0.08,9223372036854775808,0,--.--,--.--,--.--,--.--,--.--,0,0,0,0,44.5803145,8.9420968,32TMQ 95403 36332,0.0,0.0,354.4,3,15,--.--,--.--,,--.--,--.--,--.--,0,0,--.--,--.--,0,106.5,-9.5,-119.8,4.9,-0.5,-0.0,106.6,-9.6,-119.8,5.1,-0.5,-0.0,--.--,--.--,--.--,--.--,-0.4,-2.5,354.9,0.5,1.0,0.1,0.00,--.--,--.--,0,0,0.0,0.0,0.0,0,0,0,--.--,--.--,--.--
2025-10-30 11:50:52.832,0.2,-1.8,354,0.6,-0.5,0.1,5.0,0.0,0.000,0.0,119.8,97.5,-259.5,119.767,0.000,0.000,0.000,110.7,00:01:13,111.8,22.1,2,355,0,175,--.--,0000:00:00,49,0,0,1,1,15.30,-1.00,0,--.--,61,--.--,--:--:--,1,-15.30,11:50:52,10:50:52,10/30/25,--.--,--.--,--.--,--.--,--.--,--.--,--.--,--.--,--.--,--.--,--.--,--.--,0,--.--,--.--,--.--,--.--,--.--,--.--,--.--,--.--,--.--,--.--,--.--,--.--,--.--,--.--,--.--,--.--,0,2964.000,2928.000,2964.000,2922.000,8.410,8.320,8.410,8.305,15.300,15.300,15.300,15.300,true,true,true,true,true,true,false,false,true,true,false,false,0.03,0.00,0.00,0.05,--.--,0.00,0.08,0.08,9223372036854775808,0,--.--,--.--,--.--,--.--,--.--,0,0,0,0,44.5803582,8.9420904,32TMQ 95402 36336,0.0,0.0,353.9,3,15,--.--,--.--,,--.--,--.--,--.--,0,0,--.--,--.--,0,111.4,-10.0,-119.8,5.0,-0.5,-0.0,111.5,-10.0,-119.8,5.1,-0.5,-0.0,--.--,--.--,--.--,--.--,0.2,-1.7,354.9,0.6,1.8,0.1,0.00,--.--,--.--,0,0,0.0,0.0,0.0,0,0,0,--.--,--.--,--.--
2025-10-30 11:50:53.839,0.4,-1.0,354,-0.3,1.2,-0.0,5.1,0.0,0.000,0.0,119.8,97.5,-259.5,119.772,0.000,0.000,0.000,116.9,00:01:15,116.9,22.8,2,355,0,175,--.--,0000:00:00,49,0,0,1,1,15.30,-1.00,0,--.--,61,--.--,--:--:--,1,-15.30,11:50:53,10:50:53,10/30/25,--.--,--.--,--.--,--.--,--.--,--.--,--.--,--.--,--.--,--.--,--.--,--.--,0,--.--,--.--,--.--,--.--,--.--,--.--,--.--,--.--,--.--,--.--,--.--,--.--,--.--,--.--,--.--,--.--,0,2928.000,2958.000,2928.000,2958.000,8.320,8.395,8.320,8.395,15.300,15.300,15.300,15.300,true,true,true,true,true,true,false,false,true,true,false,false,0.03,0.00,0.00,0.05,--.--,0.00,0.08,0.08,9223372036854775808,0,--.--,--.--,--.--,--.--,--.--,0,0,0,0,44.5804041,8.9420839,32TMQ 95402 36341,0.0,0.0,354.6,3,15,--.--,--.--,,--.--,--.--,--.--,0,0,--.--,--.--,0,116.4,-10.5,-119.8,5.1,-0.4,-0.0,116.5,-10.5,-119.8,5.0,-0.4,-0.0,--.--,--.--,--.--,--.--,0.4,-0.9,354.9,-0.1,2.1,-0.0,0.00,--.--,--.--,0,0,0.0,0.0,0.0,0,0,0,--.--,--.--,--.--
2025-10-30 11:50:54.831,-0.1,-0.6,354,-0.6,0.1,-0.0,5.0,0.0,0.000,0.0,119.8,97.5,-259.5,119.778,0.000,0.000,0.000,121.0,00:01:15,122.0,24.1,2,355,0,175,--.--,0000:00:00,49,0,0,1,1,15.30,-1.00,0,--.--,61,--.--,--:--:--,1,-15.30,11:50:54,10:50:54,10/30/25,--.--,--.--,--.--,--.--,--.--,--.--,--.--,--.--,--.--,--.--,--.--,--.--,0,--.--,--.--,--.--,--.--,--.--,--.--,--.--,--.--,--.--,--.--,--.--,--.--,--.--,--.--,--.--,--.--,0,2952.000,2928.000,2952.000,2928.000,8.380,8.320,8.380,8.320,15.300,15.300,15.300,15.300,true,true,true,true,true,true,false,false,true,true,false,false,0.01,0.03,0.00,0.05,--.--,0.00,0.08,0.08,9223372036854775808,0,--.--,--.--,--.--,--.--,--.--,0,0,0,0,44.5804491,8.9420785,32TMQ 95401 36346,0.0,0.0,355.6,3,15,--.--,--.--,,--.--,--.--,--.--,0,0,--.--,--.--,0,121.5,-11.0,-119.8,5.0,-0.4,-0.0,121.3,-10.9,-119.8,4.9,-0.4,-0.0,--.--,--.--,--.--,--.--,-0.1,-0.9,354.9,-0.6,1.4,-0.0,0.00,--.--,--.--,0,0,0.0,0.0,0.0,0,0,0,--.--,--.--,--.--
2025-10-30 11:50:55.842,-0.5,-1.1,354,-0.2,-0.2,-0.0,4.9,0.0,0.000,0.0,119.8,97.5,-259.5,119.785,0.000,0.000,0.000,127.1,00:01:17,127.1,25.5,2,355,0,175,--.--,0000:00:00,48,0,0,1,1,15.30,-1.00,0,--.--,61,--.--,--:--:--,1,-15.30,11:50:55,10:50:55,10/30/25,--.--,--.--,--.--,--.--,--.--,--.--,--.--,--.--,--.--,--.--,--.--,--.--,0,--.--,--.--,--.--,--.--,--.--,--.--,--.--,--.--,--.--,--.--,--.--,--.--,--.--,--.--,--.--,--.--,0,2904.000,2976.000,2904.000,2976.000,8.260,8.440,8.260,8.440,15.300,15.300,15.300,15.300,true,true,true,true,true,true,false,false,true,true,false,false,0.01,0.03,0.00,0.05,--.--,0.00,0.08,0.08,9223372036854775808,0,--.--,--.--,--.--,--.--,--.--,0,0,0,0,44.5804941,8.9420738,32TMQ 95401 36351,0.0,0.0,355.5,3,15,--.--,--.--,,--.--,--.--,--.--,0,0,--.--,--.--,0,126.6,-11.3,-119.8,4.9,-0.4,-0.0,126.5,-11.4,-119.8,4.9,-0.5,-0.0,--.--,--.--,--.--,--.--,-0.5,-0.9,354.9,-0.3,0.5,-0.0,0.00,--.--,--.--,0,0,0.0,0.0,0.0,0,0,0,--.--,--.--,--.--
2025-10-30 11:50:56.839,-0.4,-1.4,354,0.4,-3.0,-0.0,4.9,0.0,0.000,0.0,119.8,97.5,-258.5,119.793,0.000,0.000,0.000,131.2,00:01:18,132.0,26.7,2,355,0,175,--.--,0000:00:00,48,0,0,1,1,15.30,-1.00,0,--.--,61,--.--,--:--:--,1,-15.30,11:50:56,10:50:56,10/30/25,--.--,--.--,--.--,--.--,--.--,--.--,--.--,--.--,--.--,--.--,--.--,--.--,0,--.--,--.--,--.--,--.--,--.--,--.--,--.--,--.--,--.--,--.--,--.--,--.--,--.--,--.--,--.--,--.--,0,2958.000,2922.000,2958.000,2922.000,8.395,8.305,8.395,8.305,15.300,15.300,15.300,15.300,true,true,true,true,true,true,false,false,true,true,false,false,0.02,0.02,0.00,0.04,--.--,0.00,0.08,0.08,9223372036854775808,0,--.--,--.--,--.--,--.--,--.--,0,0,0,0,44.5805383,8.9420685,32TMQ 95400 36356,0.0,0.0,354.6,3,15,--.--,--.--,,--.--,--.--,--.--,0,0,--.--,--.--,0,131.4,-11.8,-119.8,4.9,-0.5,-0.0,131.3,-11.8,-119.8,4.9,-0.5,0.0,--.--,--.--,--.--,--.--,-0.4,-0.7,354.9,0.3,1.1,-0.0,0.00,--.--,--.--,0,0,0.0,0.0,0.0,0,0,0,--.--,--.--,--.--
2025-10-30 11:50:57.832,0.1,-2.5,354,0.5,1.1,-0.0,4.9,0.0,0.000,-0.0,119.8,97.5,-258.5,119.800,0.000,0.000,0.000,135.3,00:01:18,136.7,27.4,2,355,0,175,--.--,0000:00:00,49,0,0,1,1,15.30,-1.00,0,--.--,61,--.--,--:--:--,1,-15.30,11:50:57,10:50:57,10/30/25,--.--,--.--,--.--,--.--,--.--,--.--,--.--,--.--,--.--,--.--,--.--,--.--,0,--.--,--.--,--.--,--.--,--.--,--.--,--.--,--.--,--.--,--.--,--.--,--.--,--.--,--.--,--.--,--.--,0,2964.000,2916.000,2964.000,2916.000,8.410,8.290,8.410,8.290,15.300,15.300,15.300,15.300,true,true,true,true,true,true,false,false,true,true,false,false,0.02,0.02,0.00,0.04,--.--,0.00,0.08,0.08,9223372036854775808,0,--.--,--.--,--.--,--.--,--.--,0,0,0,0,44.5805813,8.9420625,32TMQ 95400 36361,0.0,0.0,354.1,3,15,--.--,--.--,,--.--,--.--,--.--,0,0,--.--,--.--,0,136.2,-12.2,-119.8,5.0,-0.5,0.0,136.3,-12.3,-119.8,5.1,-0.5,0.0,--.--,--.--,--.--,--.--,0.1,-2.9,354.9,0.5,1.7,0.0,0.00,--.--,--.--,0,0,0.0,0.0,0.0,0,0,0,--.--,--.--,--.--
2025-10-30 11:50:58.840,0.3,-1.6,354,0.0,1.7,0.1,5.1,0.0,0.000,-0.0,119.8,97.5,-258.5,119.805,0.000,0.000,0.000,141.5,00:01:20,141.7,27.8,2,355,0,175,--.--,0000:00:00,48,0,0,1,1,15.30,-1.00,0,--.--,61,--.--,--:--:--,1,-15.30,11:50:58,10:50:58,10/30/25,--.--,--.--,--.--,--.--,--.--,--.--,--.--,--.--,--.--,--.--,--.--,--.--,0,--.--,--.--,--.--,--.--,--.--,--.--,--.--,--.--,--.--,--.--,--.--,--.--,--.--,--.--,--.--,--.--,0,2964.000,2922.000,2964.000,2922.000,8.410,8.305,8.410,8.305,15.300,15.300,15.300,15.300,true,true,true,true,true,true,false,false,true,true,false,false,0.02,0.01,0.00,0.01,--.--,0.00,0.08,0.08,9223372036854775808,0,--.--,--.--,--.--,--.--,--.--,0,0,0,0,44.5806266,8.9420560,32TMQ 95399 36366,0.0,0.0,354.5,3,15,--.--,--.--,,--.--,--.--,--.--,0,0,--.--,--.--,0,141.1,-12.7,-119.8,5.1,-0.5,0.0,141.2,-12.7,-119.8,5.0,-0.4,0.0,--.--,--.--,--.--,--.--,0.3,-1.6,354.9,0.1,1.2,0.0,0.00,--.--,--.--,0,0,0.0,0.0,0.0,0,0,0,--.--,--.--,--.--
2025-10-30 11:50:59.838,-0.0,0.3,354,-0.4,0.1,-0.0,5.1,0.0,0.000,-0.0,119.8,97.5,-258.5,119.810,0.000,0.000,0.000,145.8,00:01:21,146.9,28.8,2,355,0,175,--.--,0000:00:00,49,0,0,1,1,15.30,-1.00,0,--.--,61,--.--,--:--:--,1,-15.30,11:50:59,10:50:59,10/30/25,--.--,--.--,--.--,--.--,--.--,--.--,--.--,--.--,--.--,--.--,--.--,--.--,0,--.--,--.--,--.--,--.--,--.--,--.--,--.--,--.--,--.--,--.--,--.--,--.--,--.--,--.--,--.--,--.--,0,2970.000,2910.000,2970.000,2910.000,8.425,8.275,8.425,8.275,15.300,15.300,15.300,15.300,true,true,true,true,true,true,false,false,true,true,false,false,0.02,0.01,0.00,0.01,--.--,0.00,0.08,0.08,9223372036854775808,0,--.--,--.--,--.--,--.--,--.--,0,0,0,0,44.5806729,8.9420502,32TMQ 95399 36371,0.0,0.0,355.3,3,15,--.--,--.--,,--.--,--.--,--.--,0,0,--.--,--.--,0,146.3,-13.2,-119.8,5.0,-0.4,0.0,146.2,-13.1,-119.8,4.9,-0.4,0.0,--.--,--.--,--.--,--.--,-0.0,0.2,354.9,-0.6,7.0,-0.0,0.00,--.--,--.--,0,0,0.0,0.0,0.0,0,0,0,--.--,--.--,--.--
2025-10-30 11:51:00.833,-0.4,-0.9,354,-0.3,-2.3,-0.0,4.9,0.0,0.000,-0.0,119.8,97.6,-258.4,119.813,0.000,0.000,0.000,149.9,00:01:21,151.9,30.7,2,355,0,175,--.--,0000:00:00,49,0,0,1,1,15.30,-1.00,0,--.--,61,--.--,--:--:--,1,-15.30,11:51:00,10:51:00,10/30/25,--.--,--.--,--.--,--.--,--.--,--.--,--.--,--.--,--.--,--.--,--.--,--.--,0,--.--,--.--,--.--,--.--,--.--,--.--,--.--,--.--,--.--,--.--,--.--,--.--,--.--,--.--,--.--,--.--,0,2952.000,2928.000,2952.000,2928.000,8.380,8.320,8.380,8.320,15.300,15.300,15.300,15.300,true,true,true,true,true,true,false,false,true,true,false,false,0.02,0.01,0.01,0.01,--.--,0.00,0.08,0.08,9223372036854775808,0,--.--,--.--,--.--,--.--,--.--,0,0,0,0,44.5807172,8.9420454,32TMQ 95399 36376,0.0,0.0,355.5,3,15,--.--,--.--,,--.--,--.--,--.--,0,0,--.--,--.--,0,151.3,-13.6,-119.8,4.9,-0.4,-0.0,151.1,-13.6,-119.8,4.8,-0.4,-0.0,--.--,--.--,--.--,--.--,-0.4,-0.6,354.9,-0.4,0.2,-0.0,0.00,--.--,--.--,0,0,0.0,0.0,0.0,0,0,0,--.--,--.--,--.--
2025-10-30 11:51:01.840,-0.4,-1.9,354,0.3,-1.8,-0.1,4.9,0.0,0.000,0.0,119.8,97.6,-258.4,119.814,0.000,0.000,0.000,156.1,00:01:23,156.8,31.7,2,355,0,175,--.--,0000:00:00,49,0,0,1,1,15.30,-1.00,0,--.--,61,--.--,--:--:--,1,-15.30,11:51:01,10:51:01,10/30/25,--.--,--.--,--.--,--.--,--.--,--.--,--.--,--.--,--.--,--.--,--.--,--.--,0,--.--,--.--,--.--,--.--,--.--,--.--,--.--,--.--,--.--,--.--,--.--,--.--,--.--,--.--,--.--,--.--,0,2910.000,2976.000,2910.000,2976.000,8.275,8.440,8.275,8.440,15.300,15.300,15.300,15.300,true,true,true,true,true,true,false,false,true,true,false,false,0.02,0.01,0.01,0.01,--.--,0.00,0.08,0.08,9223372036854775808,0,--.--,--.--,--.--,--.--,--.--,0,0,0,0,44.5807612,8.9420402,32TMQ 95398 36381,0.0,0.0,354.8,3,15,--.--,--.--,,--.--,--.--,--.--,0,0,--.--,--.--,0,156.1,-14.0,-119.8,4.9,-0.5,-0.0,156.2,-14.0,-119.8,5.0,-0.5,-0.0,--.--,--.--,--.--,--.--,-0.4,-1.3,354.9,0.2,0.1,-0.1,0.00,--.--,--.--,0,0,0.0,0.0,0.0,0,0,0,--.--,--.--,--.--
2025-10-30 11:51:02.831,0.0,-1.9,354,0.5,2.0,-0.0,5.0,0.0,0.000,0.0,119.8,97.6,-258.4,119.818,0.000,0.000,0.000,160.3,00:01:23,161.8,32.2,2,355,0,175,--.--,0000:00:00,49,0,0,1,1,15.30,-1.00,0,--.--,61,--.--,--:--:--,1,-15.30,11:51:02,10:51:02,10/30/25,--.--,--.--,--.--,--.--,--.--,--.--,--.--,--.--,--.--,--.--,--.--,--.--,0,--.--,--.--,--.--,--.--,--.--,--.--,--.--,--.--,--.--,--.--,--.--,--.--,--.--,--.--,--.--,--.--,0,2922.000,2964.000,2928.000,2964.000,8.305,8.410,8.320,8.410,15.300,15.300,15.300,15.300,true,true,true,true,true,true,false,false,true,true,false,false,0.02,0.02,0.01,0.07,--.--,0.00,0.08,0.08,9223372036854775808,0,--.--,--.--,--.--,--.--,--.--,0,0,0,0,44.5808056,8.9420342,32TMQ 95398 36386,0.0,0.0,354.2,3,15,--.--,--.--,,--.--,--.--,--.--,0,0,--.--,--.--,0,161.1,-14.5,-119.8,5.0,-0.5,-0.0,161.0,-14.5,-119.8,4.9,-0.5,-0.0,--.--,--.--,--.--,--.--,-0.0,-1.4,354.9,0.4,4.5,0.1,0.00,--.--,--.--,0,0,0.0,0.0,0.0,0,0,0,--.--,--.--,--.--
2025-10-30 11:51:03.835,0.3,-1.4,354,0.1,0.2,0.1,5.0,0.0,0.000,0.0,119.8,97.6,-258.4,119.823,0.000,0.000,0.000,166.5,00:01:25,166.8,33.1,2,355,0,175,--.--,0000:00:00,49,0,0,1,1,15.30,-1.00,0,--.--,61,--.--,--:--:--,1,-15.30,11:51:03,10:51:03,10/30/25,--.--,--.--,--.--,--.--,--.--,--.--,--.--,--.--,--.--,--.--,--.--,--.--,0,--.--,--.--,--.--,--.--,--.--,--.--,--.--,--.--,--.--,--.--,--.--,--.--,--.--,--.--,--.--,--.--,0,2958.000,2934.000,2952.000,2928.000,8.395,8.335,8.380,8.320,15.300,15.300,15.300,15.300,true,true,true,true,true,true,false,false,true,true,false,false,0.02,0.02,0.01,0.07,--.--,0.00,0.08,0.08,9223372036854775808,0,--.--,--.--,--.--,--.--,--.--,0,0,0,0,44.5808500,8.9420280,32TMQ 95397 36391,0.0,0.0,354.4,3,15,--.--,--.--,,--.--,--.--,--.--,0,0,--.--,--.--,0,166.1,-15.0,-119.8,5.0,-0.5,-0.0,166.1,-14.9,-119.8,5.0,-0.4,-0.0,--.--,--.--,--.--,--.--,0.3,-1.6,354.9,0.2,1.3,0.0,0.00,--.--,--.--,0,0,0.0,0.0,0.0,0,0,0,--.--,--.--,--.--
2025-10-30 11:51:04.832,0.0,-1.3,354,-0.4,-1.3,-0.0,5.0,0.0,0.000,0.0,119.8,97.6,-258.4,119.833,0.000,0.000,0.000,170.7,00:01:25,171.8,34.1,2,355,0,175,--.--,0000:00:00,48,0,0,1,1,15.30,-1.00,0,--.--,61,--.--,--:--:--,1,-15.30,11:51:04,10:51:04,10/30/25,--.--,--.--,--.--,--.--,--.--,--.--,--.--,--.--,--.--,--.--,--.--,--.--,0,--.--,--.--,--.--,--.--,--.--,--.--,--.--,--.--,--.--,--.--,--.--,--.--,--.--,--.--,--.--,--.--,0,2928.000,2952.000,2928.000,2952.000,8.320,8.380,8.320,8.380,15.300,15.300,15.300,15.300,true,true,true,true,true,true,false,false,true,true,false,false,0.01,0.01,0.00,0.04,--.--,0.00,0.08,0.08,9223372036854775808,0,--.--,--.--,--.--,--.--,--.--,0,0,0,0,44.5808955,8.9420222,32TMQ 95397 36396,0.0,0.0,355.2,3,15,--.--,--.--,,--.--,--.--,--.--,0,0,--.--,--.--,0,171.1,-15.4,-119.8,5.0,-0.4,-0.0,171.0,-15.4,-119.8,5.0,-0.4,-0.0,--.--,--.--,--.--,--.--,0.0,-0.9,354.9,-0.3,1.3,-0.1,0.00,--.--,--.--,0,0,0.0,0.0,0.0,0,0,0,--.--,--.--,--.--
2025-10-30 11:51:05.831,-0.3,-1.1,354,-0.2,-1.0,-0.1,5.0,0.0,0.000,0.0,119.8,97.6,-258.4,119.839,0.000,0.000,0.000,174.8,00:01:26,176.8,35.1,2,355,0,175,--.--,0000:00:00,49,0,0,1,1,15.30,-1.00,0,--.--,61,--.--,--:--:--,1,-15.30,11:51:05,10:51:05,10/30/25,--.--,--.--,--.--,--.--,--.--,--.--,--.--,--.--,--.--,--.--,--.--,--.--,0,--.--,--.--,--.--,--.--,--.--,--.--,--.--,--.--,--.--,--.--,--.--,--.--,--.--,--.--,--.--,--.--,0,2922.000,2946.000,2928.000,2952.000,8.305,8.365,8.320,8.380,15.300,15.300,15.300,15.300,true,true,true,true,true,true,false,false,true,true,false,false,0.01,0.01,0.00,0.04,--.--,0.00,0.08,0.08,9223372036854775808,0,--.--,--.--,--.--,--.--,--.--,0,0,0,0,44.5809400,8.9420172,32TMQ 95396 36401,0.0,0.0,355.4,3,15,--.--,--.--,,--.--,--.--,--.--,0,0,--.--,--.--,0,176.1,-15.8,-119.8,5.0,-0.4,-0.0,176.0,-15.8,-119.8,4.9,-0.4,-0.0,--.--,--.--,--.--,--.--,-0.3,-0.5,354.9,-0.3,3.9,-0.0,0.00,--.--,--.--,0,0,0.0,0.0,0.0,0,0,0,--.--,--.--,--.--
2025-10-30 11:51:06.833,-0.4,-1.4,354,0.2,-0.8,-0.1,5.0,0.0,0.000,0.0,119.8,97.6,-258.4,119.844,0.000,0.000,0.000,181.0,00:01:27,181.8,36.3,2,355,0,175,--.--,0000:00:00,49,0,0,1,1,15.30,-1.00,0,--.--,61,--.--,--:--:--,1,-15.30,11:51:06,10:51:06,10/30/25,--.--,--.--,--.--,--.--,--.--,--.--,--.--,--.--,--.--,--.--,--.--,--.--,0,--.--,--.--,--.--,--.--,--.--,--.--,--.--,--.--,--.--,--.--,--.--,--.--,--.--,--.--,--.--,--.--,0,2940.000,2940.000,2940.000,2940.000,8.350,8.350,8.350,8.350,15.300,15.300,15.300,15.300,true,true,true,true,true,true,false,false,true,true,false,false,0.01,0.00,0.00,0.04,--.--,0.00,0.08,0.08,9223372036854775808,0,--.--,--.--,--.--,--.--,--.--,0,0,0,0,44.5809851,8.9420119,32TMQ 95396 36406,0.0,0.0,354.9,3,15,--.--,--.--,,--.--,--.--,--.--,0,0,--.--,--.--,0,181.0,-16.2,-119.8,5.0,-0.5,-0.0,181.1,-16.3,-119.8,5.0,-0.5,-0.0,--.--,--.--,--.--,--.--,-0.4,-1.6,354.9,0.1,0.7,-0.0,0.00,--.--,--.--,0,0,0.0,0.0,0.0,0,0,0,--.--,--.--,--.--
2025-10-30 11:51:07.831,-0.1,-1.6,354,0.4,-1.1,-0.0,5.0,0.0,0.000,0.0,119.8,97.6,-258.4,119.849,0.000,0.000,0.000,185.2,00:01:28,186.7,37.2,2,355,0,175,--.--,0000:00:00,49,0,0,1,1,15.30,-1.00,0,--.--,61,--.--,--:--:--,1,-15.30,11:51:07,10:51:07,10/30/25,--.--,--.--,--.--,--.--,--.--,--.--,--.--,--.--,--.--,--.--,--.--,--.--,0,--.--,--.--,--.--,--.--,--.--,--.--,--.--,--.--,--.--,--.--,--.--,--.--,--.--,--.--,--.--,--.--,0,2922.000,2958.000,2922.000,2958.000,8.305,8.395,8.305,8.395,15.300,15.300,15.300,15.300,true,true,true,true,true,true,false,false,true,true,false,false,0.01,0.00,0.00,0.04,--.--,0.00,0.08,0.08,9223372036854775808,0,--.--,--.--,--.--,--.--,--.--,0,0,0,0,44.5810300,8.9420059,32TMQ 95395 36411,0.0,0.0,354.4,3,15,--.--,--.--,,--.--,--.--,--.--,0,0,--.--,--.--,0,186.0,-16.7,-119.8,5.0,-0.5,-0.0,186.0,-16.7,-119.8,5.0,-0.5,-0.0,--.--,--.--,--.--,--.--,-0.1,-1.3,354.9,0.4,0.6,0.0,0.00,--.--,--.--,0,0,0.0,0.0,0.0,0,0,0,--.--,--.--,--.--
2025-10-30 11:51:08.832,0.2,-1.3,354,0.0,-0.1,0.1,5.0,0.0,0.000,0.0,119.9,97.6,-259.4,119.854,0.000,0.000,0.000,191.4,00:01:29,191.7,38.0,2,355,0,175,--.--,0000:00:00,49,0,0,1,1,15.30,-1.00,0,--.--,61,--.--,--:--:--,1,-15.30,11:51:08,10:51:08,10/30/25,--.--,--.--,--.--,--.--,--.--,--.--,--.--,--.--,--.--,--.--,--.--,--.--,0,--.--,--.--,--.--,--.--,--.--,--.--,--.--,--.--,--.--,--.--,--.--,--.--,--.--,--.--,--.--,--.--,0,2928.000,2964.000,2922.000,2958.000,8.320,8.410,8.305,8.395,15.300,15.300,15.300,15.300,true,true,true,true,true,true,false,false,true,true,false,false,0.01,0.02,0.01,0.02,--.--,0.00,0.08,0.08,9223372036854775808,0,--.--,--.--,--.--,--.--,--.--,0,0,0,0,44.5810742,8.9419998,32TMQ 95395 36416,0.0,0.0,354.5,3,15,--.--,--.--,,--.--,--.--,--.--,0,0,--.--,--.--,0,191.0,-17.2,-119.9,5.0,-0.5,-0.0,191.0,-17.2,-119.9,5.0,-0.4,-0.0,--.--,--.--,--.--,--.--,0.2,-0.7,354.9,0.1,4.3,0.0,0.00,--.--,--.--,0,0,0.0,0.0,0.0,0,0,0,--.--,--.--,--.--
2025-10-30 11:51:09.832,0.0,-1.2,354,-0.3,0.3,-0.1,5.0,0.0,0.000,0.0,119.9,97.6,-259.4,119.860,0.000,0.000,0.000,195.5,00:01:30,196.8,39.1,2,355,0,175,--.--,0000:00:00,48,0,0,1,1,15.30,-1.00,0,--.--,61,--.--,--:--:--,1,-15.30,11:51:09,10:51:09,10/30/25,--.--,--.--,--.--,--.--,--.--,--.--,--.--,--.--,--.--,--.--,--.--,--.--,0,--.--,--.--,--.--,--.--,--.--,--.--,--.--,--.--,--.--,--.--,--.--,--.--,--.--,--.--,--.--,--.--,0,2958.000,2922.000,2958.000,2922.000,8.395,8.305,8.395,8.305,15.300,15.300,15.300,15.300,true,true,true,true,true,true,false,false,true,true,false,false,0.01,0.02,0.01,0.02,--.--,0.00,0.08,0.08,9223372036854775808,0,--.--,--.--,--.--,--.--,--.--,0,0,0,0,44.5811195,8.9419941,32TMQ 95395 36421,0.0,0.0,355.1,3,15,--.--,--.--,,--.--,--.--,--.--,0,0,--.--,--.--,0,196.0,-17.6,-119.9,5.0,-0.4,-0.0,195.9,-17.6,-119.9,4.9,-0.4,-0.0,--.--,--.--,--.--,--.--,0.0,-1.0,354.9,-0.2,1.0,-0.1,0.00,--.--,--.--,0,0,0.0,0.0,0.0,0,0,0,--.--,--.--,--.--
2025-10-30 11:51:10.833,-0.3,-1.3,354,-0.2,-1.7,-0.1,5.0,0.0,0.000,0.0,119.9,97.6,-259.4,119.867,0.000,0.000,0.000,201.6,00:01:31,201.8,40.3,2,355,0,175,--.--,0000:00:00,48,0,0,1,1,15.30,-1.00,0,--.--,61,--.--,--:--:--,1,-15.30,11:51:10,10:51:10,10/30/25,--.--,--.--,--.--,--.--,--.--,--.--,--.--,--.--,--.--,--.--,--.--,--.--,0,--.--,--.--,--.--,--.--,--.--,--.--,--.--,--.--,--.--,--.--,--.--,--.--,--.--,--.--,--.--,--.--,0,2958.000,2922.000,2958.000,2922.000,8.395,8.305,8.395,8.305,15.300,15.300,15.300,15.300,true,true,true,true,true,true,false,false,true,true,false,false,0.00,0.01,0.00,0.01,--.--,0.00,0.08,0.08,9223372036854775808,0,--.--,--.--,--.--,--.--,--.--,0,0,0,0,44.5811638,8.9419889,32TMQ 95394 36426,0.0,0.0,355.3,3,15,--.--,--.--,,--.--,--.--,--.--,0,0,--.--,--.--,0,201.0,-18.1,-119.9,5.0,-0.4,-0.0,200.9,-18.1,-119.9,5.0,-0.4,-0.0,--.--,--.--,--.--,--.--,-0.3,-1.1,354.9,-0.3,0.9,0.0,0.00,--.--,--.--,0,0,0.0,0.0,0.0,0,0,0,--.--,--.--,--.--
2025-10-30 11:51:11.833,-0.3,-1.5,354,0.2,-1.7,-0.1,5.0,0.0,0.000,0.0,119.9,97.6,-259.4,119.872,0.000,0.000,0.000,205.7,00:01:32,206.7,41.3,2,355,0,175,--.--,0000:00:00,49,0,0,1,1,15.30,-1.00,0,--.--,61,--.--,--:--:--,1,-15.30,11:51:11,10:51:11,10/30/25,--.--,--.--,--.--,--.--,--.--,--.--,--.--,--.--,--.--,--.--,--.--,--.--,0,--.--,--.--,--.--,--.--,--.--,--.--,--.--,--.--,--.--,--.--,--.--,--.--,--.--,--.--,--.--,--.--,0,2928.000,2958.000,2928.000,2952.000,8.320,8.395,8.320,8.380,15.300,15.300,15.300,15.300,true,true,true,true,true,true,false,false,true,true,false,false,0.00,0.01,0.00,0.01,--.--,0.00,0.08,0.08,9223372036854775808,0,--.--,--.--,--.--,--.--,--.--,0,0,0,0,44.5812088,8.9419836,32TMQ 95394 36431,0.0,0.0,354.8,3,15,--.--,--.--,,--.--,--.--,--.--,0,0,--.--,--.--,0,205.9,-18.5,-119.9,5.0,-0.5,-0.0,205.9,-18.5,-119.9,4.9,-0.5,-0.0,--.--,--.--,--.--,--.--,-0.3,-0.8,354.9,0.2,3.9,-0.0,0.00,--.--,--.--,0,0,0.0,0.0,0.0,0,0,0,--.--,--.--,--.--
2025-10-30 11:51:12.832,-0.0,-2.0,354,0.3,0.4,-0.0,5.0,0.0,0.000,0.0,119.9,97.6,-259.4,119.877,0.000,0.000,0.000,209.8,00:01:33,211.7,42.0,2,355,0,175,--.--,0000:00:00,49,0,0,1,1,15.30,-1.00,0,--.--,61,--.--,--:--:--,1,-15.30,11:51:12,10:51:12,10/30/25,--.--,--.--,--.--,--.--,--.--,--.--,--.--,--.--,--.--,--.--,--.--,--.--,0,--.--,--.--,--.--,--.--,--.--,--.--,--.--,--.--,--.--,--.--,--.--,--.--,--.--,--.--,--.--,--.--,0,2910.000,2976.000,2910.000,2976.000,8.275,8.440,8.275,8.440,15.300,15.300,15.300,15.300,true,true,true,true,true,true,false,false,true,true,false,false,0.01,0.02,0.01,0.07,--.--,0.00,0.08,0.08,9223372036854775808,0,--.--,--.--,--.--,--.--,--.--,0,0,0,0,44.5812538,8.9419776,32TMQ 95393 36436,0.0,0.0,354.4,3,15,--.--,--.--,,--.--,--.--,--.--,0,0,--.--,--.--,0,210.8,-18.9,-119.9,5.0,-0.5,-0.0,210.8,-18.9,-119.9,5.0,-0.5,-0.0,--.--,--.--,--.--,--.--,-0.0,-1.8,354.9,0.3,1.4,-0.0,0.00,--.--,--.--,0,0,0.0,0.0,0.0,0,0,0,--.--,--.--,--.--
2025-10-30 11:51:13.832,0.1,-0.9,354,0.0,0.6,0.1,5.0,0.0,0.000,0.0,119.9,97.6,-259.4,119.882,0.000,0.000,0.000,216.0,00:01:34,216.8,42.8,2,355,0,175,--.--,0000:00:00,49,0,0,1,1,15.30,-1.00,0,--.--,61,--.--,--:--:--,1,-15.30,11:51:13,10:51:13,10/30/25,--.--,--.--,--.--,--.--,--.--,--.--,--.--,--.--,--.--,--.--,--.--,--.--,0,--.--,--.--,--.--,--.--,--.--,--.--,--.--,--.--,--.--,--.--,--.--,--.--,--.--,--.--,--.--,--.--,0,2910.000,2970.000,2910.000,2970.000,8.275,8.425,8.275,8.425,15.300,15.300,15.300,15.300,true,true,true,true,true,true,false,false,true,true,false,false,0.01,0.02,0.01,0.07,--.--,0.00,0.08,0.08,9223372036854775808,0,--.--,--.--,--.--,--.--,--.--,0,0,0,0,44.5812984,8.9419716,32TMQ 95393 36441,0.0,0.0,354.6,3,15,--.--,--.--,,--.--,--.--,--.--,0,0,--.--,--.--,0,215.9,-19.4,-119.9,5.0,-0.5,-0.0,215.8,-19.4,-119.9,4.9,-0.4,-0.0,--.--,--.--,--.--,--.--,0.1,-0.3,354.9,0.1,1.5,0.1,0.00,--.--,--.--,0,0,0.0,0.0,0.0,0,0,0,--.--,--.--,--.--
2025-10-30 11:51:14.836,-0.1,-1.0,354,-0.4,-1.2,-0.0,5.0,0.0,0.000,0.0,119.9,97.6,-260.4,119.886,0.000,0.000,0.000,220.1,00:01:36,221.8,44.4,2,355,0,175,--.--,0000:00:00,49,0,0,1,1,15.30,-1.00,0,--.--,61,--.--,--:--:--,1,-15.30,11:51:14,10:51:14,10/30/25,--.--,--.--,--.--,--.--,--.--,--.--,--.--,--.--,--.--,--.--,--.--,--.--,0,--.--,--.--,--.--,--.--,--.--,--.--,--.--,--.--,--.--,--.--,--.--,--.--,--.--,--.--,--.--,--.--,0,2964.000,2922.000,2958.000,2922.000,8.410,8.305,8.395,8.305,15.300,15.300,15.300,15.300,true,true,true,true,true,true,false,false,true,true,false,false,0.01,0.03,0.01,0.03,--.--,0.00,0.08,0.08,9223372036854775808,0,--.--,--.--,--.--,--.--,--.--,0,0,0,0,44.5813438,8.9419659,32TMQ 95392 36446,0.0,0.0,355.1,3,15,--.--,--.--,,--.--,--.--,--.--,0,0,--.--,--.--,0,220.9,-19.9,-119.9,4.9,-0.4,-0.0,220.8,-19.8,-119.9,5.0,-0.4,-0.0,--.--,--.--,--.--,--.--,-0.1,-0.3,354.9,-0.3,3.8,-0.0,0.00,--.--,--.--,0,0,0.0,0.0,0.0,0,0,0,--.--,--.--,--.--
2025-10-30 11:51:15.831,-0.3,-1.6,354,-0.2,-1.0,-0.1,4.9,0.0,0.000,0.0,119.9,97.6,-260.4,119.891,0.000,0.000,0.000,226.4,00:01:36,226.8,45.6,2,355,0,175,--.--,0000:00:00,49,0,0,1,1,15.30,-1.00,0,--.--,61,--.--,--:--:--,1,-15.30,11:51:15,10:51:15,10/30/25,--.--,--.--,--.--,--.--,--.--,--.--,--.--,--.--,--.--,--.--,--.--,--.--,0,--.--,--.--,--.--,--.--,--.--,--.--,--.--,--.--,--.--,--.--,--.--,--.--,--.--,--.--,--.--,--.--,0,2904.000,2976.000,2910.000,2976.000,8.260,8.440,8.275,8.440,15.300,15.300,15.300,15.300,true,true,true,true,true,true,false,false,true,true,false,false,0.01,0.03,0.01,0.03,--.--,0.00,0.08,0.08,9223372036854775808,0,--.--,--.--,--.--,--.--,--.--,0,0,0,0,44.5813875,8.9419608,32TMQ 95392 36451,0.0,0.0,355.2,3,15,--.--,--.--,,--.--,--.--,--.--,0,0,--.--,--.--,0,225.9,-20.3,-119.9,4.9,-0.4,-0.0,225.9,-20.3,-119.9,5.0,-0.5,-0.0,--.--,--.--,--.--,--.--,-0.3,-1.8,354.9,-0.2,0.5,-0.1,0.00,--.--,--.--,0,0,0.0,0.0,0.0,0,0,0,--.--,--.--,--.--
2025-10-30 11:51:16.830,-0.3,-1.7,354,0.2,0.2,-0.0,5.0,0.0,0.000,0.0,119.9,97.6,-260.4,119.895,0.000,0.000,0.000,230.5,00:01:37,231.6,46.3,2,355,0,175,--.--,0000:00:00,49,0,0,1,1,15.30,-1.00,0,--.--,61,--.--,--:--:--,1,-15.30,11:51:16,10:51:16,10/30/25,--.--,--.--,--.--,--.--,--.--,--.--,--.--,--.--,--.--,--.--,--.--,--.--,0,--.--,--.--,--.--,--.--,--.--,--.--,--.--,--.--,--.--,--.--,--.--,--.--,--.--,--.--,--.--,--.--,0,2916.000,2964.000,2916.000,2964.000,8.290,8.410,8.290,8.410,15.300,15.300,15.300,15.300,true,true,true,true,true,true,false,false,true,true,false,false,0.01,0.01,0.00,0.02,--.--,0.00,0.08,0.08,9223372036854775808,0,--.--,--.--,--.--,--.--,--.--,0,0,0,0,44.5814322,8.9419554,32TMQ 95392 36456,0.0,0.0,354.7,3,15,--.--,--.--,,--.--,--.--,--.--,0,0,--.--,--.--,0,230.7,-20.7,-119.9,5.0,-0.5,-0.0,230.7,-20.7,-119.9,5.0,-0.5,-0.0,--.--,--.--,--.--,--.--,-0.3,-1.5,354.9,0.1,1.1,0.1,0.00,--.--,--.--,0,0,0.0,0.0,0.0,0,0,0,--.--,--.--,--.--
2025-10-30 11:51:17.838,0.0,-1.5,354,0.3,-1.5,0.1,5.0,0.0,0.000,0.0,119.9,97.6,-260.4,119.900,0.000,0.000,0.000,236.6,00:01:39,236.7,46.9,2,355,0,175,--.--,0000:00:00,49,0,0,1,1,15.30,-1.00,0,--.--,61,--.--,--:--:--,1,-15.30,11:51:17,10:51:17,10/30/25,--.--,--.--,--.--,--.--,--.--,--.--,--.--,--.--,--.--,--.--,--.--,--.--,0,--.--,--.--,--.--,--.--,--.--,--.--,--.--,--.--,--.--,--.--,--.--,--.--,--.--,--.--,--.--,--.--,0,2964.000,2922.000,2958.000,2922.000,8.410,8.305,8.395,8.305,15.300,15.300,15.300,15.300,true,true,true,true,true,true,false,false,true,true,false,false,0.01,0.01,0.00,0.02,--.--,0.00,0.08,0.08,9223372036854775808,0,--.--,--.--,--.--,--.--,--.--,0,0,0,0,44.5814774,8.9419493,32TMQ 95391 36461,0.0,0.0,354.4,3,15,--.--,--.--,,--.--,--.--,--.--,0,0,--.--,--.--,0,235.7,-21.2,-119.9,5.0,-0.5,-0.0,235.6,-21.2,-119.9,5.0,-0.4,-0.0,--.--,--.--,--.--,--.--,0.0,-1.3,354.9,0.3,1.4,0.1,0.00,--.--,--.--,0,0,0.0,0.0,0.0,0,0,0,--.--,--.--,--.--
2025-10-30 11:51:18.832,0.1,-1.1,354,-0.1,-0.8,-0.0,5.0,0.0,0.000,0.0,119.9,97.6,-260.4,119.907,0.000,0.000,0.000,240.9,00:01:39,241.7,47.9,2,355,0,175,--.--,0000:00:00,48,0,0,1,1,15.30,-1.00,0,--.--,61,--.--,--:--:--,1,-15.30,11:51:18,10:51:18,10/30/25,--.--,--.--,--.--,--.--,--.--,--.--,--.--,--.--,--.--,--.--,--.--,--.--,0,--.--,--.--,--.--,--.--,--.--,--.--,--.--,--.--,--.--,--.--,--.--,--.--,--.--,--.--,--.--,--.--,0,2964.000,2916.000,2964.000,2916.000,8.410,8.290,8.410,8.290,15.300,15.300,15.300,15.300,true,true,true,true,true,true,false,false,true,true,false,false,0.01,0.01,0.01,0.02,--.--,0.00,0.08,0.08,9223372036854775808,0,--.--,--.--,--.--,--.--,--.--,0,0,0,0,44.5815230,8.9419431,32TMQ 95391 36466,0.0,0.0,354.7,3,15,--.--,--.--,,--.--,--.--,--.--,0,0,--.--,--.--,0,240.8,-21.7,-119.9,5.0,-0.4,-0.0,240.7,-21.6,-119.9,4.9,-0.4,-0.0,--.--,--.--,--.--,--.--,0.2,-0.9,354.9,-0.0,1.4,-0.0,0.00,--.--,--.--,0,0,0.0,0.0,0.0,0,0,0,--.--,--.--,--.--
2025-10-30 11:51:19.832,-0.1,-1.2,354,-0.3,-1.3,-0.1,5.0,0.0,0.000,0.0,119.9,97.7,-260.3,119.913,0.000,0.000,0.000,244.9,00:01:40,246.8,49.2,2,355,0,175,--.--,0000:00:00,49,0,0,1,1,15.30,-1.00,0,--.--,61,--.--,--:--:--,1,-15.30,11:51:19,10:51:19,10/30/25,--.--,--.--,--.--,--.--,--.--,--.--,--.--,--.--,--.--,--.--,--.--,--.--,0,--.--,--.--,--.--,--.--,--.--,--.--,--.--,--.--,--.--,--.--,--.--,--.--,--.--,--.--,--.--,--.--,0,2904.000,2976.000,2910.000,2976.000,8.260,8.440,8.275,8.440,15.300,15.300,15.300,15.300,true,true,true,true,true,true,false,false,true,true,false,false,0.01,0.01,0.01,0.02,--.--,0.00,0.08,0.08,9223372036854775808,0,--.--,--.--,--.--,--.--,--.--,0,0,0,0,44.5815675,8.9419377,32TMQ 95390 36471,0.0,0.0,355.2,3,15,--.--,--.--,,--.--,--.--,--.--,0,0,--.--,--.--,0,245.8,-22.1,-119.9,5.0,-0.4,-0.0,245.7,-22.1,-119.9,4.9,-0.4,-0.0,--.--,--.--,--.--,--.--,-0.1,-0.8,354.9,-0.3,1.1,-0.1,0.00,--.--,--.--,0,0,0.0,0.0,0.0,0,0,0,--.--,--.--,--.--
2025-10-30 11:51:20.834,-0.3,-1.3,354,-0.0,-0.4,-0.0,5.0,0.0,0.000,0.0,119.9,97.7,-260.3,119.921,0.000,0.000,0.000,251.1,00:01:41,251.8,50.4,2,355,0,175,--.--,0000:00:00,48,0,0,1,1,15.30,-1.00,0,--.--,61,--.--,--:--:--,1,-15.30,11:51:20,10:51:20,10/30/25,--.--,--.--,--.--,--.--,--.--,--.--,--.--,--.--,--.--,--.--,--.--,--.--,0,--.--,--.--,--.--,--.--,--.--,--.--,--.--,--.--,--.--,--.--,--.--,--.--,--.--,--.--,--.--,--.--,0,2928.000,2952.000,2928.000,2952.000,8.320,8.380,8.320,8.380,15.300,15.300,15.300,15.300,true,true,true,true,true,true,false,false,true,true,false,false,0.01,0.03,0.01,0.02,--.--,0.00,0.08,0.08,9223372036854775808,0,--.--,--.--,--.--,--.--,--.--,0,0,0,0,44.5816125,8.9419325,32TMQ 95390 36476,0.0,0.0,355.1,3,15,--.--,--.--,,--.--,--.--,--.--,0,0,--.--,--.--,0,250.8,-22.5,-119.9,5.0,-0.4,-0.0,250.7,-22.5,-119.9,4.9,-0.5,-0.0,--.--,--.--,--.--,--.--,-0.3,-0.6,354.9,-0.1,0.9,0.0,0.00,--.--,--.--,0,0,0.0,0.0,0.0,0,0,0,--.--,--.--,--.--
2025-10-30 11:51:21.834,-0.2,-1.6,354,0.3,-0.8,-0.0,5.0,0.0,0.000,0.0,119.9,97.7,-260.3,119.927,0.000,0.000,0.000,255.2,00:01:42,256.7,51.5,2,355,0,175,--.--,0000:00:00,48,0,0,1,1,15.30,-1.00,0,--.--,61,--.--,--:--:--,1,-15.30,11:51:21,10:51:21,10/30/25,--.--,--.--,--.--,--.--,--.--,--.--,--.--,--.--,--.--,--.--,--.--,--.--,0,--.--,--.--,--.--,--.--,--.--,--.--,--.--,--.--,--.--,--.--,--.--,--.--,--.--,--.--,--.--,--.--,0,2940.000,2934.000,2940.000,2934.000,8.350,8.335,8.350,8.335,15.300,15.300,15.300,15.300,true,true,true,true,true,true,false,false,true,true,false,false,0.01,0.03,0.01,0.02,--.--,0.00,0.08,0.08,9223372036854775808,0,--.--,--.--,--.--,--.--,--.--,0,0,0,0,44.5816563,8.9419270,32TMQ 95389 36481,0.0,0.0,354.6,3,15,--.--,--.--,,--.--,--.--,--.--,0,0,--.--,--.--,0,255.7,-23.0,-119.9,4.9,-0.5,-0.0,255.7,-23.0,-119.9,4.9,-0.5,0.0,--.--,--.--,--.--,--.--,-0.2,-1.4,354.8,0.2,0.8,0.1,0.00,--.--,--.--,0,0,0.0,0.0,0.0,0,0,0,--.--,--.--,--.--
2025-10-30 11:51:22.833,0.1,-1.6,354,0.3,-0.7,0.1,5.0,0.0,0.000,-0.0,119.9,97.7,-260.3,119.933,0.000,0.000,0.000,261.4,00:01:43,261.7,52.1,2,355,0,175,--.--,0000:00:00,49,0,0,1,1,15.30,-1.00,0,--.--,61,--.--,--:--:--,1,-15.30,11:51:22,10:51:22,10/30/25,--.--,--.--,--.--,--.--,--.--,--.--,--.--,--.--,--.--,--.--,--.--,--.--,0,--.--,--.--,--.--,--.--,--.--,--.--,--.--,--.--,--.--,--.--,--.--,--.--,--.--,--.--,--.--,--.--,0,2910.000,2976.000,2904.000,2976.000,8.275,8.440,8.260,8.440,15.300,15.300,15.300,15.300,true,true,true,true,true,true,false,false,true,true,false,false,0.01,0.01,0.00,0.01,--.--,0.00,0.08,0.08,9223372036854775808,0,--.--,--.--,--.--,--.--,--.--,0,0,0,0,44.5817012,8.9419210,32TMQ 95389 36486,0.0,0.0,354.4,3,15,--.--,--.--,,--.--,--.--,--.--,0,0,--.--,--.--,0,260.6,-23.4,-119.9,5.0,-0.5,0.0,260.7,-23.4,-119.9,5.1,-0.4,0.0,--.--,--.--,--.--,--.--,0.1,-1.0,354.9,0.3,1.0,0.0,0.00,--.--,--.--,0,0,0.0,0.0,0.0,0,0,0,--.--,--.--,--.--
2025-10-30 11:51:23.833,0.1,-1.2,354,-0.1,0.3,-0.0,5.0,0.0,0.000,-0.0,119.9,97.7,-260.3,119.938,0.000,0.000,0.000,265.6,00:01:44,266.7,52.6,2,355,0,175,--.--,0000:00:00,49,0,0,1,1,15.30,-1.00,0,--.--,61,--.--,--:--:--,1,-15.30,11:51:23,10:51:23,10/30/25,--.--,--.--,--.--,--.--,--.--,--.--,--.--,--.--,--.--,--.--,--.--,--.--,0,--.--,--.--,--.--,--.--,--.--,--.--,--.--,--.--,--.--,--.--,--.--,--.--,--.--,--.--,--.--,--.--,0,2928.000,2958.000,2928.000,2958.000,8.320,8.395,8.320,8.395,15.300,15.300,15.300,15.300,true,true,true,true,true,true,false,false,true,true,false,false,0.01,0.01,0.00,0.01,--.--,0.00,0.08,0.08,9223372036854775808,0,--.--,--.--,--.--,--.--,--.--,0,0,0,0,44.5817456,8.9419151,32TMQ 95388 36490,0.0,0.0,354.8,3,15,--.--,--.--,,--.--,--.--,--.--,0,0,--.--,--.--,0,265.6,-23.9,-119.9,5.0,-0.4,0.0,265.6,-23.9,-119.9,5.0,-0.4,-0.0,--.--,--.--,--.--,--.--,0.1,-1.1,354.9,-0.1,1.7,-0.0,0.00,--.--,--.--,0,0,0.0,0.0,0.0,0,0,0,--.--,--.--,--.--
2025-10-30 11:51:24.832,-0.1,-0.7,354,-0.3,-2.2,-0.0,5.0,0.0,0.000,0.0,119.9,97.7,-260.3,119.941,0.000,0.000,0.000,269.8,00:01:45,271.7,54.5,2,355,0,175,--.--,0000:00:00,49,0,0,1,1,15.30,-1.00,0,--.--,61,--.--,--:--:--,1,-15.30,11:51:24,10:51:24,10/30/25,--.--,--.--,--.--,--.--,--.--,--.--,--.--,--.--,--.--,--.--,--.--,--.--,0,--.--,--.--,--.--,--.--,--.--,--.--,--.--,--.--,--.--,--.--,--.--,--.--,--.--,--.--,--.--,--.--,0,2940.000,2940.000,2940.000,2940.000,8.350,8.350,8.350,8.350,15.300,15.300,15.300,15.300,true,true,true,true,true,true,false,false,true,true,false,false,0.00,0.02,0.00,0.07,--.--,0.00,0.08,0.08,9223372036854775808,0,--.--,--.--,--.--,--.--,--.--,0,0,0,0,44.5817912,8.9419095,32TMQ 95388 36496,0.0,0.0,355.2,3,15,--.--,--.--,,--.--,--.--,--.--,0,0,--.--,--.--,0,270.6,-24.3,-119.9,4.9,-0.4,-0.0,270.5,-24.3,-119.9,4.9,-0.4,-0.0,--.--,--.--,--.--,--.--,-0.1,-1.0,354.9,-0.3,-0.2,-0.0,0.00,--.--,--.--,0,0,0.0,0.0,0.0,0,0,0,--.--,--.--,--.--
2025-10-30 11:51:25.834,-0.3,-1.5,354,0.0,-1.2,-0.1,4.9,0.0,0.000,0.0,119.9,97.7,-260.3,119.944,0.000,0.000,0.000,276.0,00:01:46,276.8,55.9,2,355,0,175,--.--,0000:00:00,49,0,0,1,1,15.30,-1.00,0,--.--,61,--.--,--:--:--,1,-15.30,11:51:25,10:51:25,10/30/25,--.--,--.--,--.--,--.--,--.--,--.--,--.--,--.--,--.--,--.--,--.--,--.--,0,--.--,--.--,--.--,--.--,--.--,--.--,--.--,--.--,--.--,--.--,--.--,--.--,--.--,--.--,--.--,--.--,0,2928.000,2958.000,2928.000,2958.000,8.320,8.395,8.320,8.395,15.300,15.300,15.300,15.300,true,true,true,true,true,true,false,false,true,true,false,false,0.00,0.02,0.00,0.07,--.--,0.00,0.08,0.08,9223372036854775808,0,--.--,--.--,--.--,--.--,--.--,0,0,0,0,44.5818359,8.9419043,32TMQ 95387 36501,0.0,0.0,355.1,3,15,--.--,--.--,,--.--,--.--,--.--,0,0,--.--,--.--,0,275.7,-24.8,-119.9,4.9,-0.4,-0.0,275.7,-24.8,-119.9,5.0,-0.5,-0.0,--.--,--.--,--.--,--.--,-0.3,-1.4,354.9,-0.0,0.2,-0.1,0.00,--.--,--.--,0,0,0.0,0.0,0.0,0,0,0,--.--,--.--,--.--
2025-10-30 11:51:26.834,-0.2,-1.8,354,0.3,-0.4,-0.0,5.0,0.0,0.000,0.0,119.9,97.7,-260.3,119.948,0.000,0.000,0.000,280.1,00:01:47,281.7,56.5,2,355,0,175,--.--,0000:00:00,49,0,0,1,1,15.30,-1.00,0,--.--,61,--.--,--:--:--,1,-15.30,11:51:26,10:51:26,10/30/25,--.--,--.--,--.--,--.--,--.--,--.--,--.--,--.--,--.--,--.--,--.--,--.--,0,--.--,--.--,--.--,--.--,--.--,--.--,--.--,--.--,--.--,--.--,--.--,--.--,--.--,--.--,--.--,--.--,0,2922.000,2958.000,2928.000,2964.000,8.305,8.395,8.320,8.410,15.300,15.300,15.300,15.300,true,true,true,true,true,true,false,false,true,true,false,false,0.01,0.01,0.00,0.03,--.--,0.00,0.08,0.08,9223372036854775808,0,--.--,--.--,--.--,--.--,--.--,0,0,0,0,44.5818795,8.9418988,32TMQ 95387 36505,0.0,0.0,354.6,3,15,--.--,--.--,,--.--,--.--,--.--,0,0,--.--,--.--,0,280.6,-25.2,-119.9,5.0,-0.5,-0.0,280.5,-25.2,-119.9,5.0,-0.5,-0.0,--.--,--.--,--.--,--.--,-0.2,-1.6,354.8,0.2,0.9,0.1,0.00,--.--,--.--,0,0,0.0,0.0,0.0,0,0,0,--.--,--.--,--.--
2025-10-30 11:51:27.831,0.1,-1.6,354,0.2,0.5,0.1,5.0,0.0,0.000,0.0,119.9,97.7,-260.3,119.954,0.000,0.000,0.000,286.4,00:01:48,286.6,56.7,2,355,0,175,--.--,0000:00:00,49,0,0,1,1,15.30,-1.00,0,--.--,61,--.--,--:--:--,1,-15.30,11:51:27,10:51:27,10/30/25,--.--,--.--,--.--,--.--,--.--,--.--,--.--,--.--,--.--,--.--,--.--,--.--,0,--.--,--.--,--.--,--.--,--.--,--.--,--.--,--.--,--.--,--.--,--.--,--.--,--.--,--.--,--.--,--.--,0,2910.000,2982.000,2904.000,2976.000,8.275,8.455,8.260,8.440,15.300,15.300,15.300,15.300,true,true,true,true,true,true,false,false,true,true,false,false,0.01,0.01,0.00,0.03,--.--,0.00,0.08,0.08,9223372036854775808,0,--.--,--.--,--.--,--.--,--.--,0,0,0,0,44.5819247,8.9418927,32TMQ 95387 36510,0.0,0.0,354.5,3,15,--.--,--.--,,--.--,--.--,--.--,0,0,--.--,--.--,0,285.4,-25.7,-120.0,5.0,-0.5,-0.0,285.5,-25.7,-120.0,5.1,-0.4,-0.0,--.--,--.--,--.--,--.--,0.1,-1.4,354.9,0.2,1.9,0.1,0.00,--.--,--.--,0,0,0.0,0.0,0.0,0,0,0,--.--,--.--,--.--
2025-10-30 11:51:28.833,0.1,-0.9,354,-0.2,0.7,-0.0,5.0,0.0,0.000,0.0,120.0,97.7,-260.3,119.960,0.000,0.000,0.000,290.6,00:01:49,291.6,57.6,2,355,0,175,--.--,0000:00:00,48,0,0,1,1,15.30,-1.00,0,--.--,61,--.--,--:--:--,1,-15.30,11:51:28,10:51:28,10/30/25,--.--,--.--,--.--,--.--,--.--,--.--,--.--,--.--,--.--,--.--,--.--,--.--,0,--.--,--.--,--.--,--.--,--.--,--.--,--.--,--.--,--.--,--.--,--.--,--.--,--.--,--.--,--.--,--.--,0,2940.000,2940.000,2940.000,2946.000,8.350,8.350,8.350,8.365,15.300,15.300,15.300,15.300,true,true,true,true,true,true,false,false,true,true,false,false,0.01,0.00,0.01,0.02,--.--,0.00,0.08,0.08,9223372036854775808,0,--.--,--.--,--.--,--.--,--.--,0,0,0,0,44.5819705,8.9418867,32TMQ 95386 36515,0.0,0.0,354.9,3,15,--.--,--.--,,--.--,--.--,--.--,0,0,--.--,--.--,0,290.5,-26.1,-120.0,5.0,-0.4,-0.0,290.4,-26.1,-120.0,5.0,-0.4,-0.0,--.--,--.--,--.--,--.--,0.1,-0.8,354.9,-0.1,1.6,-0.1,0.00,--.--,--.--,0,0,0.0,0.0,0.0,0,0,0,--.--,--.--,--.--
2025-10-30 11:51:29.832,-0.2,-0.9,354,-0.3,0.3,-0.1,5.0,0.0,0.000,0.0,120.0,97.7,-260.3,119.969,0.000,0.000,0.000,296.7,00:01:50,296.7,59.3,2,355,0,175,--.--,0000:00:00,48,0,0,1,1,15.30,-1.00,0,--.--,61,--.--,--:--:--,1,-15.30,11:51:29,10:51:29,10/30/25,--.--,--.--,--.--,--.--,--.--,--.--,--.--,--.--,--.--,--.--,--.--,--.--,0,--.--,--.--,--.--,--.--,--.--,--.--,--.--,--.--,--.--,--.--,--.--,--.--,--.--,--.--,--.--,--.--,0,2958.000,2922.000,2958.000,2922.000,8.395,8.305,8.395,8.305,15.300,15.300,15.300,15.300,true,true,true,true,true,true,false,false,true,true,false,false,0.01,0.00,0.01,0.02,--.--,0.00,0.08,0.08,9223372036854775808,0,--.--,--.--,--.--,--.--,--.--,0,0,0,0,44.5820150,8.9418814,32TMQ 95386 36520,0.0,0.0,355.2,3,15,--.--,--.--,,--.--,--.--,--.--,0,0,--.--,--.--,0,295.5,-26.6,-120.0,5.0,-0.4,-0.0,295.4,-26.5,-120.0,4.9,-0.4,-0.0,--.--,--.--,--.--,--.--,-0.2,-0.7,354.9,-0.3,0.9,-0.1,0.00,--.--,--.--,0,0,0.0,0.0,0.0,0,0,0,--.--,--.--,--.--
2025-10-30 11:51:30.834,-0.3,-1.5,354,0.0,-1.0,-0.1,4.9,0.0,0.000,0.0,120.0,97.7,-260.3,119.974,0.000,0.000,0.000,300.8,00:01:51,301.6,60.8,2,355,0,175,--.--,0000:00:00,49,0,0,1,1,15.30,-1.00,0,--.--,61,--.--,--:--:--,1,-15.30,11:51:30,10:51:30,10/30/25,--.--,--.--,--.--,--.--,--.--,--.--,--.--,--.--,--.--,--.--,--.--,--.--,0,--.--,--.--,--.--,--.--,--.--,--.--,--.--,--.--,--.--,--.--,--.--,--.--,--.--,--.--,--.--,--.--,0,2952.000,2922.000,2958.000,2922.000,8.380,8.305,8.395,8.305,15.300,15.300,15.300,15.300,true,true,true,true,true,true,false,false,true,true,false,false,0.01,0.01,0.00,0.06,--.--,0.00,0.08,0.08,9223372036854775808,0,--.--,--.--,--.--,--.--,--.--,0,0,0,0,44.5820598,8.9418761,32TMQ 95385 36525,0.0,0.0,355.0,3,15,--.--,--.--,,--.--,--.--,--.--,0,0,--.--,--.--,0,300.4,-27.0,-120.0,4.9,-0.4,-0.0,300.3,-27.0,-120.0,4.9,-0.5,-0.0,--.--,--.--,--.--,--.--,-0.3,-1.3,354.8,-0.1,0.3,-0.0,0.00,--.--,--.--,0,0,0.0,0.0,0.0,0,0,0,--.--,--.--,--.--
2025-10-30 11:51:31.833,-0.2,-1.8,354,0.2,-0.4,-0.0,5.0,0.0,0.000,0.0,120.0,97.7,-260.3,119.980,0.000,0.000,0.000,304.9,00:01:52,306.6,61.4,2,355,0,175,--.--,0000:00:00,49,0,0,1,1,15.30,-1.00,0,--.--,61,--.--,--:--:--,1,-15.30,11:51:31,10:51:31,10/30/25,--.--,--.--,--.--,--.--,--.--,--.--,--.--,--.--,--.--,--.--,--.--,--.--,0,--.--,--.--,--.--,--.--,--.--,--.--,--.--,--.--,--.--,--.--,--.--,--.--,--.--,--.--,--.--,--.--,0,2970.000,2916.000,2964.000,2916.000,8.425,8.290,8.410,8.290,15.300,15.300,15.300,15.300,true,true,true,true,true,true,false,false,true,true,false,false,0.01,0.01,0.00,0.06,--.--,0.00,0.08,0.08,9223372036854775808,0,--.--,--.--,--.--,--.--,--.--,0,0,0,0,44.5821043,8.9418704,32TMQ 95385 36530,0.0,0.0,354.5,3,15,--.--,--.--,,--.--,--.--,--.--,0,0,--.--,--.--,0,305.3,-27.4,-120.0,5.0,-0.5,-0.0,305.4,-27.4,-120.0,5.0,-0.5,-0.0,--.--,--.--,--.--,--.--,-0.2,-1.7,354.8,0.2,0.9,0.1,0.00,--.--,--.--,0,0,0.0,0.0,0.0,0,0,0,--.--,--.--,--.--
2025-10-30 11:51:32.834,0.1,-1.6,354,0.1,-0.6,0.2,5.0,0.0,0.000,0.0,120.0,97.7,-260.3,119.985,0.000,0.000,0.000,311.2,00:01:53,311.6,61.8,2,355,0,175,--.--,0000:00:00,49,0,0,1,1,15.30,-1.00,0,--.--,61,--.--,--:--:--,1,-15.30,11:51:32,10:51:32,10/30/25,--.--,--.--,--.--,--.--,--.--,--.--,--.--,--.--,--.--,--.--,--.--,--.--,0,--.--,--.--,--.--,--.--,--.--,--.--,--.--,--.--,--.--,--.--,--.--,--.--,--.--,--.--,--.--,--.--,0,2970.000,2922.000,2964.000,2916.000,8.425,8.305,8.410,8.290,15.300,15.300,15.300,15.300,true,true,true,true,true,true,false,false,true,true,false,false,0.01,0.00,0.00,0.01,--.--,0.00,0.08,0.08,9223372036854775808,0,--.--,--.--,--.--,--.--,--.--,0,0,0,0,44.5821484,8.9418644,32TMQ 95384 36535,0.0,0.0,354.4,3,15,--.--,--.--,,--.--,--.--,--.--,0,0,--.--,--.--,0,310.3,-27.9,-120.0,5.0,-0.5,-0.0,310.3,-27.9,-120.0,5.0,-0.4,-0.0,--.--,--.--,--.--,--.--,0.1,-1.4,354.9,0.2,1.5,0.2,0.00,--.--,--.--,0,0,0.0,0.0,0.0,0,0,0,--.--,--.--,--.--
2025-10-30 11:51:33.832,0.1,-1.1,355,0.2,5.3,0.1,5.0,0.0,0.000,0.0,120.0,97.7,-260.3,119.991,0.000,0.000,0.000,315.4,00:01:54,316.6,62.6,2,355,0,175,--.--,0000:00:00,49,0,0,1,1,15.30,-1.00,0,--.--,61,--.--,--:--:--,1,-15.30,11:51:33,10:51:33,10/30/25,--.--,--.--,--.--,--.--,--.--,--.--,--.--,--.--,--.--,--.--,--.--,--.--,0,--.--,--.--,--.--,--.--,--.--,--.--,--.--,--.--,--.--,--.--,--.--,--.--,--.--,--.--,--.--,--.--,0,2946.000,2934.000,2946.000,2934.000,8.365,8.335,8.365,8.335,15.300,15.300,15.300,15.300,true,true,true,true,true,true,false,false,true,true,false,false,0.01,0.00,0.00,0.01,--.--,0.00,0.08,0.08,9223372036854775808,0,--.--,--.--,--.--,--.--,--.--,0,0,0,0,44.5821941,8.9418584,32TMQ 95384 36540,0.0,0.0,354.9,3,15,--.--,--.--,,--.--,--.--,--.--,0,0,--.--,--.--,0,315.3,-28.4,-120.0,5.0,-0.4,-0.0,315.4,-28.3,-120.0,5.0,-0.4,-0.0,--.--,--.--,--.--,--.--,0.1,-0.5,355.0,-0.1,4.8,0.0,0.00,--.--,--.--,0,0,0.0,0.0,0.0,0,0,0,--.--,--.--,--.--
2025-10-30 11:51:34.835,-0.1,10.2,355,-0.3,3.4,-0.0,4.0,0.0,0.000,0.0,120.0,97.7,-260.3,119.996,0.000,0.000,0.000,319.7,00:01:55,321.2,80.4,2,355,0,175,--.--,0000:00:00,49,0,0,1,1,15.30,-1.00,0,--.--,61,--.--,--:--:--,1,-15.30,11:51:34,10:51:34,10/30/25,--.--,--.--,--.--,--.--,--.--,--.--,--.--,--.--,--.--,--.--,--.--,--.--,0,--.--,--.--,--.--,--.--,--.--,--.--,--.--,--.--,--.--,--.--,--.--,--.--,--.--,--.--,--.--,--.--,0,2982.000,2916.000,2982.000,2922.000,8.455,8.290,8.455,8.305,15.300,15.300,15.300,15.300,true,true,true,true,true,true,false,false,true,true,false,false,0.01,0.01,0.00,0.04,--.--,0.00,0.08,0.08,9223372036854775808,0,--.--,--.--,--.--,--.--,--.--,0,0,0,0,44.5822370,8.9418534,32TMQ 95383 36545,0.0,0.0,355.5,3,15,--.--,--.--,,--.--,--.--,--.--,0,0,--.--,--.--,0,319.9,-28.8,-120.0,3.7,-0.3,0.0,319.6,-28.7,-120.0,3.2,-0.3,-0.0,--.--,--.--,--.--,--.--,-0.2,10.5,355.1,-0.3,5.1,-0.0,0.00,--.--,--.--,0,0,0.0,0.0,0.0,0,0,0,--.--,--.--,--.--
2025-10-30 11:51:35.835,-0.6,8.9,354,-0.4,-5.3,-1.4,2.3,0.0,0.000,-0.0,120.0,97.7,-260.3,119.996,0.000,0.000,0.000,323.8,00:01:56,324.2,143.4,2,355,0,175,--.--,0000:00:00,50,0,0,1,1,15.30,-1.00,0,--.--,61,--.--,--:--:--,1,-15.30,11:51:35,10:51:35,10/30/25,--.--,--.--,--.--,--.--,--.--,--.--,--.--,--.--,--.--,--.--,--.--,--.--,0,--.--,--.--,--.--,--.--,--.--,--.--,--.--,--.--,--.--,--.--,--.--,--.--,--.--,--.--,--.--,--.--,0,3006.000,2976.000,3012.000,2982.000,8.515,8.440,8.530,8.455,15.300,15.300,15.300,15.300,true,true,true,true,true,true,false,false,true,true,false,false,0.01,0.01,0.00,0.04,--.--,0.00,0.08,0.08,9223372036854775808,0,--.--,--.--,--.--,--.--,--.--,0,0,0,0,44.5822662,8.9418505,32TMQ 95383 36548,0.0,0.0,356.8,3,15,--.--,--.--,,--.--,--.--,--.--,0,0,--.--,--.--,0,322.9,-29.0,-120.0,1.9,-0.2,0.0,322.3,-29.0,-120.0,1.6,-0.2,-0.0,--.--,--.--,--.--,--.--,-0.6,9.1,354.4,-0.1,-4.5,-1.8,0.00,--.--,--.--,0,0,0.0,0.0,0.0,0,0,0,--.--,--.--,--.--
2025-10-30 11:51:36.835,-12.4,2.9,342,-20.6,-4.7,-46.6,1.0,0.0,0.000,0.0,120.0,97.7,-260.3,119.977,0.000,0.000,0.000,323.8,00:01:57,325.4,334.9,3,266,0,175,--.--,0000:00:00,50,0,0,1,1,15.30,-1.00,0,--.--,61,--.--,--:--:--,1,-15.30,11:51:36,10:51:36,10/30/25,--.--,--.--,--.--,--.--,--.--,--.--,--.--,--.--,--.--,--.--,--.--,--.--,0,--.--,--.--,--.--,--.--,--.--,--.--,--.--,--.--,--.--,--.--,--.--,--.--,--.--,--.--,--.--,--.--,0,2970.000,2964.000,3030.000,3018.000,8.425,8.410,8.575,8.545,15.300,15.300,15.300,15.300,true,true,true,true,true,true,false,false,true,true,false,false,0.03,0.03,0.00,0.10,--.--,0.00,0.08,0.08,9223372036854775808,0,--.--,--.--,--.--,--.--,--.--,0,0,0,0,44.5822781,8.9418496,32TMQ 95383 36550,0.0,0.0,349.8,3,15,--.--,--.--,,--.--,--.--,--.--,0,0,--.--,--.--,0,324.1,-29.1,-120.0,0.6,-0.7,-0.0,324.0,-29.3,-120.0,0.9,-1.0,-0.0,--.--,--.--,--.--,--.--,-12.2,-0.6,333.3,-8.1,-4.4,-77.1,0.00,--.--,--.--,0,0,0.0,0.0,0.0,0,0,0,--.--,--.--,--.--
2025-10-30 11:51:37.836,4.7,-4.4,272,-3.1,-12.3,-50.0,1.8,0.0,0.000,0.0,120.0,97.7,-260.3,119.956,0.000,0.000,0.000,325.8,00:01:59,325.4,183.5,3,266,0,175,--.--,0000:00:00,49,0,0,1,1,15.30,-1.00,0,--.--,61,--.--,--:--:--,1,-15.30,11:51:37,10:51:37,10/30/25,--.--,--.--,--.--,--.--,--.--,--.--,--.--,--.--,--.--,--.--,--.--,--.--,0,--.--,--.--,--.--,--.--,--.--,--.--,--.--,--.--,--.--,--.--,--.--,--.--,--.--,--.--,--.--,--.--,0,2466.000,2532.000,3828.000,3618.000,7.165,7.330,10.570,10.045,15.300,15.300,15.300,15.300,true,true,true,true,true,true,false,false,true,true,false,false,0.03,0.03,0.00,0.10,--.--,0.00,0.08,0.08,9223372036854775808,0,--.--,--.--,--.--,--.--,--.--,0,0,0,0,44.5822780,8.9418371,32TMQ 95382 36550,0.0,0.0,254.8,3,15,--.--,--.--,,--.--,--.--,--.--,0,0,--.--,--.--,0,324.0,-30.3,-120.0,-0.1,-1.8,-0.0,324.4,-30.6,-120.0,0.5,-2.0,-0.0,--.--,--.--,--.--,--.--,3.2,-4.2,288.2,-0.6,7.9,-30.1,0.00,--.--,--.--,0,0,0.0,0.0,0.0,0,0,0,--.--,--.--,--.--
2025-10-30 11:51:38.831,9.9,-11.7,249,-9.1,-4.9,17.0,3.2,0.0,0.000,0.0,120.0,97.7,-260.3,119.946,0.000,0.000,0.000,327.9,00:01:59,325.4,103.0,3,266,0,174,--.--,0000:00:00,51,0,0,1,1,15.30,-1.00,0,--.--,61,--.--,--:--:--,1,-15.30,11:51:38,10:51:38,10/30/25,--.--,--.--,--.--,--.--,--.--,--.--,--.--,--.--,--.--,--.--,--.--,--.--,0,--.--,--.--,--.--,--.--,--.--,--.--,--.--,--.--,--.--,--.--,--.--,--.--,--.--,--.--,--.--,--.--,0,3330.000,3396.000,2616.000,2640.000,9.325,9.490,7.540,7.600,15.300,15.300,15.300,15.300,true,true,true,true,true,true,false,false,true,true,false,false,0.17,0.01,0.00,0.04,--.--,0.00,0.08,0.08,9223372036854775808,0,--.--,--.--,--.--,--.--,--.--,0,0,0,0,44.5822752,8.9418049,32TMQ 95380 36549,0.0,0.0,271.5,3,15,--.--,--.--,,--.--,--.--,--.--,0,0,--.--,--.--,0,323.7,-33.1,-119.9,0.1,-3.7,-0.0,324.4,-32.9,-120.0,0.5,-3.6,-0.1,--.--,--.--,--.--,--.--,5.1,-13.6,265.6,-13.1,-5.9,43.5,0.00,--.--,--.--,0,0,0.0,0.0,0.0,0,0,0,--.--,--.--,--.--
2025-10-30 11:51:39.838,-3.7,1.6,272,-1.0,7.1,0.4,5.0,0.0,0.000,0.0,119.9,97.7,-259.3,119.915,0.000,0.000,0.000,332.0,00:02:01,326.3,64.9,3,266,0,173,--.--,0000:00:00,50,0,0,1,1,15.30,-1.00,0,--.--,61,--.--,--:--:--,1,-15.30,11:51:39,10:51:39,10/30/25,--.--,--.--,--.--,--.--,--.--,--.--,--.--,--.--,--.--,--.--,--.--,--.--,0,--.--,--.--,--.--,--.--,--.--,--.--,--.--,--.--,--.--,--.--,--.--,--.--,--.--,--.--,--.--,--.--,0,3540.000,3456.000,2820.000,2766.000,9.850,9.640,8.050,7.915,15.300,15.300,15.300,15.300,true,true,true,true,true,true,false,false,true,true,false,false,0.17,0.01,0.00,0.04,--.--,0.00,0.08,0.08,9223372036854775808,0,--.--,--.--,--.--,--.--,--.--,0,0,0,0,44.5822798,8.9417489,32TMQ 95375 36550,0.0,0.0,276.6,3,15,--.--,--.--,,--.--,--.--,--.--,0,0,--.--,--.--,0,324.1,-37.8,-119.9,0.1,-5.1,-0.1,324.0,-37.6,-120.0,-0.5,-4.8,-0.1,--.--,--.--,--.--,--.--,-2.3,1.2,265.2,13.9,21.8,-17.6,0.00,--.--,--.--,0,0,0.0,0.0,0.0,0,0,0,--.--,--.--,--.--
2025-10-30 11:51:40.838,-6.4,4.3,263,1.3,0.1,-5.5,5.0,0.0,0.000,0.1,119.9,97.6,-259.4,119.910,0.000,0.000,0.000,338.1,00:02:02,327.2,66.0,3,266,0,172,--.--,0000:00:00,50,0,0,1,1,15.30,-1.00,0,--.--,61,--.--,--:--:--,1,-15.30,11:51:40,10:51:40,10/30/25,--.--,--.--,--.--,--.--,--.--,--.--,--.--,--.--,--.--,--.--,--.--,--.--,0,--.--,--.--,--.--,--.--,--.--,--.--,--.--,--.--,--.--,--.--,--.--,--.--,--.--,--.--,--.--,--.--,0,2712.000,2700.000,3360.000,3402.000,7.780,7.750,9.400,9.505,15.300,15.300,15.300,15.300,true,true,true,true,true,true,false,false,true,true,false,false,0.23,0.01,0.00,0.03,--.--,0.00,0.08,0.08,9223372036854775808,0,--.--,--.--,--.--,--.--,--.--,0,0,0,0,44.5822824,8.9416784,32TMQ 95370 36550,0.0,0.0,268.2,3,15,--.--,--.--,,--.--,--.--,--.--,0,0,--.--,--.--,0,324.3,-43.2,-119.9,-0.5,-4.8,-0.1,323.6,-42.6,-120.0,-1.1,-4.4,-0.1,--.--,--.--,--.--,--.--,-6.9,4.4,264.5,-3.1,3.3,-1.3,0.00,--.--,--.--,0,0,0.0,0.0,0.0,0,0,0,--.--,--.--,--.--
2025-10-30 11:51:41.836,-2.1,1.4,264,7.3,-5.3,3.8,4.6,0.0,0.000,0.1,119.9,97.7,-259.3,119.996,0.000,0.000,0.000,342.2,00:02:02,327.3,71.8,3,266,0,172,--.--,0000:00:00,48,0,0,1,1,15.30,-1.00,0,--.--,61,--.--,--:--:--,1,-15.30,11:51:41,10:51:41,10/30/25,--.--,--.--,--.--,--.--,--.--,--.--,--.--,--.--,--.--,--.--,--.--,--.--,0,--.--,--.--,--.--,--.--,--.--,--.--,--.--,--.--,--.--,--.--,--.--,--.--,--.--,--.--,--.--,--.--,0,3108.000,3150.000,2796.000,2826.000,8.770,8.875,7.990,8.065,15.300,15.300,15.300,15.300,true,true,true,true,true,true,false,false,true,true,false,false,0.23,0.01,0.00,0.03,--.--,0.00,0.08,0.08,9223372036854775808,0,--.--,--.--,--.--,--.--,--.--,0,0,0,0,44.5822765,8.9416174,32TMQ 95365 36549,0.0,0.0,256.3,3,15,--.--,--.--,,--.--,--.--,--.--,0,0,--.--,--.--,0,323.7,-48.1,-120.0,-1.0,-4.4,-0.0,323.2,-47.6,-120.0,-0.9,-4.5,0.0,--.--,--.--,--.--,--.--,-1.6,1.3,264.5,7.7,-4.0,1.9,0.00,--.--,--.--,0,0,0.0,0.0,0.0,0,0,0,--.--,--.--,--.--
2025-10-30 11:51:42.840,3.9,-4.0,266,2.4,1.9,-0.8,4.6,0.0,0.000,-0.0,120.0,97.8,-259.2,120.037,0.000,0.000,0.000,346.5,00:02:04,326.8,71.4,3,266,0,171,--.--,0000:00:00,48,0,0,1,1,15.30,-1.00,0,--.--,61,--.--,--:--:--,1,-15.30,11:51:42,10:51:42,10/30/25,--.--,--.--,--.--,--.--,--.--,--.--,--.--,--.--,--.--,--.--,--.--,--.--,0,--.--,--.--,--.--,--.--,--.--,--.--,--.--,--.--,--.--,--.--,--.--,--.--,--.--,--.--,--.--,--.--,0,2874.000,2838.000,2952.000,2916.000,8.185,8.095,8.380,8.290,15.300,15.300,15.300,15.300,true,true,true,true,true,true,false,false,true,true,false,false,0.05,0.01,0.00,0.02,--.--,0.00,0.08,0.08,9223372036854775808,0,--.--,--.--,--.--,--.--,--.--,0,0,0,0,44.5822661,8.9415655,32TMQ 95361 36548,0.0,0.0,255.3,3,15,--.--,--.--,,--.--,--.--,--.--,0,0,--.--,--.--,0,322.6,-52.4,-120.0,-0.8,-4.6,0.0,322.7,-52.4,-120.0,-0.3,-5.0,0.0,--.--,--.--,--.--,--.--,4.2,-3.8,265.1,3.9,-0.3,-2.4,0.00,--.--,--.--,0,0,0.0,0.0,0.0,0,0,0,--.--,--.--,--.--
2025-10-30 11:51:43.835,3.4,-2.5,265,-3.5,1.0,-0.8,4.9,0.0,0.000,-0.0,120.0,97.8,-259.2,120.021,0.000,0.000,0.000,352.6,00:02:04,326.9,67.3,3,266,0,170,--.--,0000:00:00,49,0,0,1,1,15.30,-1.00,0,--.--,61,--.--,--:--:--,1,-15.30,11:51:43,10:51:43,10/30/25,--.--,--.--,--.--,--.--,--.--,--.--,--.--,--.--,--.--,--.--,--.--,--.--,0,--.--,--.--,--.--,--.--,--.--,--.--,--.--,--.--,--.--,--.--,--.--,--.--,--.--,--.--,--.--,--.--,0,2946.000,2946.000,2964.000,2964.000,8.365,8.365,8.410,8.410,15.300,15.300,15.300,15.300,true,true,true,true,true,true,false,false,true,true,false,false,0.05,0.01,0.00,0.02,--.--,0.00,0.08,0.08,9223372036854775808,0,--.--,--.--,--.--,--.--,--.--,0,0,0,0,44.5822593,8.9415091,32TMQ 95356 36548,0.0,0.0,265.7,3,15,--.--,--.--,,--.--,--.--,--.--,0,0,--.--,--.--,0,321.9,-56.8,-120.0,-0.2,-4.9,0.0,322.4,-56.9,-120.0,-0.0,-5.1,0.0,--.--,--.--,--.--,--.--,3.3,-2.4,265.5,-3.2,1.3,-0.7,0.00,--.--,--.--,0,0,0.0,0.0,0.0,0,0,0,--.--,--.--,--.--
2025-10-30 11:51:44.832,-1.1,-1.2,265,-4.4,1.5,-0.5,5.0,0.0,0.000,-0.0,120.0,97.8,-259.2,120.006,0.000,0.000,0.000,356.7,00:02:05,327.7,65.3,3,266,0,169,--.--,0000:00:00,49,0,0,1,1,15.30,-1.00,0,--.--,61,--.--,--:--:--,1,-15.30,11:51:44,10:51:44,10/30/25,--.--,--.--,--.--,--.--,--.--,--.--,--.--,--.--,--.--,--.--,--.--,--.--,0,--.--,--.--,--.--,--.--,--.--,--.--,--.--,--.--,--.--,--.--,--.--,--.--,--.--,--.--,--.--,--.--,0,2982.000,2952.000,2970.000,2940.000,8.455,8.380,8.425,8.350,15.300,15.300,15.300,15.300,true,true,true,true,true,true,false,false,true,true,false,false,0.03,0.02,0.00,0.01,--.--,0.00,0.08,0.08,9223372036854775808,0,--.--,--.--,--.--,--.--,--.--,0,0,0,0,44.5822588,8.9414466,32TMQ 95351 36548,0.0,0.0,271.4,3,15,--.--,--.--,,--.--,--.--,--.--,0,0,--.--,--.--,0,321.8,-61.7,-120.0,-0.0,-5.0,0.0,321.9,-61.7,-120.0,-0.3,-5.0,0.0,--.--,--.--,--.--,--.--,-1.4,-1.1,265.3,-4.4,1.8,-0.8,0.00,--.--,--.--,0,0,0.0,0.0,0.0,0,0,0,--.--,--.--,--.--
2025-10-30 11:51:45.839,-3.6,-0.3,264,-0.5,0.0,-0.6,5.1,0.0,0.000,0.0,120.0,97.7,-261.3,120.000,0.000,0.000,0.000,360.8,00:02:07,328.6,64.8,3,266,0,168,--.--,0000:00:00,49,0,0,1,1,15.30,-1.00,0,--.--,61,--.--,--:--:--,1,-15.30,11:51:45,10:51:45,10/30/25,--.--,--.--,--.--,--.--,--.--,--.--,--.--,--.--,--.--,--.--,--.--,--.--,0,--.--,--.--,--.--,--.--,--.--,--.--,--.--,--.--,--.--,--.--,--.--,--.--,--.--,--.--,--.--,--.--,0,2970.000,2928.000,2976.000,2934.000,8.425,8.320,8.440,8.335,15.300,15.300,15.300,15.300,true,true,true,true,true,true,false,false,true,true,false,false,0.03,0.02,0.00,0.01,--.--,0.00,0.08,0.08,9223372036854775808,0,--.--,--.--,--.--,--.--,--.--,0,0,0,0,44.5822593,8.9413831,32TMQ 95346 36548,0.0,0.0,268.6,3,15,--.--,--.--,,--.--,--.--,--.--,0,0,--.--,--.--,0,321.8,-66.8,-120.0,-0.3,-5.1,-0.0,321.5,-66.7,-120.0,-0.7,-4.9,0.0,--.--,--.--,--.--,--.--,-3.6,-0.1,264.8,-0.9,2.0,-0.6,0.00,--.--,--.--,0,0,0.0,0.0,0.0,0,0,0,--.--,--.--,--.--
2025-10-30 11:51:46.831,-1.9,-0.0,264,3.1,-1.2,0.0,5.0,0.0,0.000,0.0,120.0,97.7,-261.3,119.999,0.000,0.000,0.000,366.8,00:02:07,329.3,65.4,3,266,0,167,--.--,0000:00:00,49,0,0,1,1,15.30,-1.00,0,--.--,61,--.--,--:--:--,1,-15.30,11:51:46,10:51:46,10/30/25,--.--,--.--,--.--,--.--,--.--,--.--,--.--,--.--,--.--,--.--,--.--,--.--,0,--.--,--.--,--.--,--.--,--.--,--.--,--.--,--.--,--.--,--.--,--.--,--.--,--.--,--.--,--.--,--.--,0,2976.000,2934.000,2970.000,2916.000,8.440,8.335,8.425,8.290,15.300,15.300,15.300,15.300,true,true,true,true,true,true,false,false,true,true,false,false,0.06,0.01,0.00,0.05,--.--,0.00,0.08,0.08,9223372036854775808,0,--.--,--.--,--.--,--.--,--.--,0,0,0,0,44.5822556,8.9413187,32TMQ 95341 36547,0.0,0.0,262.4,3,15,--.--,--.--,,--.--,--.--,--.--,0,0,--.--,--.--,0,321.4,-71.8,-120.0,-0.7,-5.0,-0.0,321.1,-71.8,-120.0,-0.7,-4.9,0.0,--.--,--.--,--.--,--.--,-1.7,0.2,264.6,2.9,1.2,0.3,0.00,--.--,--.--,0,0,0.0,0.0,0.0,0,0,0,--.--,--.--,--.--
2025-10-30 11:51:47.836,1.3,-0.3,265,2.6,-0.8,0.7,5.0,0.0,0.000,0.0,120.0,97.7,-261.3,119.998,0.000,0.000,0.000,371.0,00:02:09,329.7,66.2,3,266,0,167,--.--,0000:00:00,49,0,0,1,1,15.30,-1.00,0,--.--,61,--.--,--:--:--,1,-15.30,11:51:47,10:51:47,10/30/25,--.--,--.--,--.--,--.--,--.--,--.--,--.--,--.--,--.--,--.--,--.--,--.--,0,--.--,--.--,--.--,--.--,--.--,--.--,--.--,--.--,--.--,--.--,--.--,--.--,--.--,--.--,--.--,--.--,0,2958.000,2946.000,2940.000,2928.000,8.395,8.365,8.350,8.320,15.300,15.300,15.300,15.300,true,true,true,true,true,true,false,false,true,true,false,false,0.06,0.01,0.00,0.05,--.--,0.00,0.08,0.08,9223372036854775808,0,--.--,--.--,--.--,--.--,--.--,0,0,0,0,44.5822486,8.9412571,32TMQ 95336 36546,0.0,0.0,260.3,3,15,--.--,--.--,,--.--,--.--,--.--,0,0,--.--,--.--,0,320.6,-76.7,-120.0,-0.7,-4.9,-0.0,320.7,-76.6,-120.0,-0.4,-4.9,-0.0,--.--,--.--,--.--,--.--,1.5,0.2,265.0,2.7,3.4,0.5,0.00,--.--,--.--,0,0,0.0,0.0,0.0,0,0,0,--.--,--.--,--.--
2025-10-30 11:51:48.839,2.1,-0.9,265,-0.7,-1.6,0.3,5.0,0.0,0.000,0.0,120.0,97.7,-261.3,119.997,0.000,0.000,0.000,377.2,00:02:10,330.2,66.3,3,266,0,166,--.--,0000:00:00,49,0,0,1,1,15.30,-1.00,0,--.--,61,--.--,--:--:--,1,-15.30,11:51:48,10:51:48,10/30/25,--.--,--.--,--.--,--.--,--.--,--.--,--.--,--.--,--.--,--.--,--.--,--.--,0,--.--,--.--,--.--,--.--,--.--,--.--,--.--,--.--,--.--,--.--,--.--,--.--,--.--,--.--,--.--,--.--,0,2934.000,2952.000,2934.000,2952.000,8.335,8.380,8.335,8.380,15.300,15.300,15.300,15.300,true,true,true,true,true,true,false,false,true,true,false,false,0.07,0.01,0.00,0.04,--.--,0.00,0.08,0.08,9223372036854775808,0,--.--,--.--,--.--,--.--,--.--,0,0,0,0,44.5822421,8.9411948,32TMQ 95331 36546,0.0,0.0,263.9,3,15,--.--,--.--,,--.--,--.--,--.--,0,0,--.--,--.--,0,320.0,-81.6,-120.0,-0.4,-5.0,-0.0,320.2,-81.6,-120.0,-0.2,-5.0,-0.0,--.--,--.--,--.--,--.--,2.1,-1.2,265.4,-0.3,0.4,0.0,0.00,--.--,--.--,0,0,0.0,0.0,0.0,0,0,0,--.--,--.--,--.--
2025-10-30 11:51:49.842,-0.1,-0.1,265,-2.8,4.8,-0.5,5.0,0.0,0.000,0.0,120.0,97.7,-261.3,119.999,0.000,0.000,0.000,381.3,00:02:11,331.2,65.7,3,266,0,165,--.--,0000:00:00,49,0,0,1,1,15.30,-1.00,0,--.--,61,--.--,--:--:--,1,-15.30,11:51:49,10:51:49,10/30/25,--.--,--.--,--.--,--.--,--.--,--.--,--.--,--.--,--.--,--.--,--.--,--.--,0,--.--,--.--,--.--,--.--,--.--,--.--,--.--,--.--,--.--,--.--,--.--,--.--,--.--,--.--,--.--,--.--,0,2964.000,2916.000,2976.000,2928.000,8.410,8.290,8.440,8.320,15.300,15.300,15.300,15.300,true,true,true,true,true,true,false,false,true,true,false,false,0.07,0.01,0.00,0.04,--.--,0.00,0.08,0.08,9223372036854775808,0,--.--,--.--,--.--,--.--,--.--,0,0,0,0,44.5822390,8.9411315,32TMQ 95326 36545,0.0,0.0,267.8,3,15,--.--,--.--,,--.--,--.--,--.--,0,0,--.--,--.--,0,319.6,-86.7,-120.0,-0.2,-5.0,-0.0,319.8,-86.6,-120.0,-0.3,-4.9,0.0,--.--,--.--,--.--,--.--,0.0,-0.6,265.5,-2.4,1.6,-0.6,0.00,--.--,--.--,0,0,0.0,0.0,0.0,0,0,0,--.--,--.--,--.--
2025-10-30 11:51:50.838,-1.7,-0.3,264,-1.0,-0.4,-0.7,5.0,0.0,0.000,0.0,120.0,97.7,-261.3,120.001,0.000,0.000,0.000,387.5,00:02:12,332.3,66.7,3,266,0,164,--.--,0000:00:00,49,0,0,1,1,15.30,-1.00,0,--.--,61,--.--,--:--:--,1,-15.30,11:51:50,10:51:50,10/30/25,--.--,--.--,--.--,--.--,--.--,--.--,--.--,--.--,--.--,--.--,--.--,--.--,0,--.--,--.--,--.--,--.--,--.--,--.--,--.--,--.--,--.--,--.--,--.--,--.--,--.--,--.--,--.--,--.--,0,2898.000,2970.000,2916.000,2982.000,8.245,8.425,8.290,8.455,15.300,15.300,15.300,15.300,true,true,true,true,true,true,false,false,true,true,false,false,0.02,0.04,0.00,0.02,--.--,0.00,0.08,0.08,9223372036854775808,0,--.--,--.--,--.--,--.--,--.--,0,0,0,0,44.5822376,8.9410687,32TMQ 95321 36545,0.0,0.0,267.8,3,15,--.--,--.--,,--.--,--.--,--.--,0,0,--.--,--.--,0,319.4,-91.7,-120.0,-0.3,-5.0,0.0,319.4,-91.7,-120.0,-0.5,-5.0,0.0,--.--,--.--,--.--,--.--,-1.8,-0.2,265.0,-1.2,0.6,-0.5,0.00,--.--,--.--,0,0,0.0,0.0,0.0,0,0,0,--.--,--.--,--.--
2025-10-30 11:51:51.843,-1.5,-0.7,264,1.3,-1.5,-0.2,5.0,0.0,0.000,-0.0,120.0,97.7,-261.3,120.004,0.000,0.000,0.000,391.5,00:02:13,333.4,66.9,3,266,0,163,--.--,0000:00:00,48,0,0,1,1,15.30,-1.00,0,--.--,61,--.--,--:--:--,1,-15.30,11:51:51,10:51:51,10/30/25,--.--,--.--,--.--,--.--,--.--,--.--,--.--,--.--,--.--,--.--,--.--,--.--,0,--.--,--.--,--.--,--.--,--.--,--.--,--.--,--.--,--.--,--.--,--.--,--.--,--.--,--.--,--.--,--.--,0,2964.000,2922.000,2964.000,2910.000,8.410,8.305,8.410,8.275,15.300,15.300,15.300,15.300,true,true,true,true,true,true,false,false,true,true,false,false,0.02,0.04,0.00,0.02,--.--,0.00,0.08,0.08,9223372036854775808,0,--.--,--.--,--.--,--.--,--.--,0,0,0,0,44.5822347,8.9410054,32TMQ 95316 36545,0.0,0.0,264.7,3,15,--.--,--.--,,--.--,--.--,--.--,0,0,--.--,--.--,0,319.1,-96.6,-120.0,-0.5,-5.0,0.0,318.9,-96.7,-120.0,-0.6,-5.0,0.0,--.--,--.--,--.--,--.--,-1.4,-0.5,264.6,1.0,1.1,0.1,0.00,--.--,--.--,0,0,0.0,0.0,0.0,0,0,0,--.--,--.--,--.--
2025-10-30 11:51:52.841,0.1,-0.5,264,1.7,-1.4,0.7,5.0,0.0,0.000,-0.0,120.0,97.7,-261.3,120.006,0.000,0.000,0.000,395.7,00:02:14,334.3,66.5,3,266,0,162,--.--,0000:00:00,48,0,0,1,1,15.30,-1.00,0,--.--,61,--.--,--:--:--,1,-15.30,11:51:52,10:51:52,10/30/25,--.--,--.--,--.--,--.--,--.--,--.--,--.--,--.--,--.--,--.--,--.--,--.--,0,--.--,--.--,--.--,--.--,--.--,--.--,--.--,--.--,--.--,--.--,--.--,--.--,--.--,--.--,--.--,--.--,0,2958.000,2940.000,2940.000,2922.000,8.395,8.350,8.350,8.305,15.300,15.300,15.300,15.300,true,true,true,true,true,true,false,false,true,true,false,false,0.01,0.00,0.00,0.02,--.--,0.00,0.08,0.08,9223372036854775808,0,--.--,--.--,--.--,--.--,--.--,0,0,0,0,44.5822296,8.9409433,32TMQ 95311 36544,0.0,0.0,262.8,3,15,--.--,--.--,,--.--,--.--,--.--,0,0,--.--,--.--,0,318.5,-101.6,-120.0,-0.6,-5.0,0.0,318.5,-101.6,-120.0,-0.5,-5.1,0.0,--.--,--.--,--.--,--.--,0.2,-0.3,264.8,1.7,1.6,0.9,0.00,--.--,--.--,0,0,0.0,0.0,0.0,0,0,0,--.--,--.--,--.--
2025-10-30 11:51:53.833,1.0,0.4,265,0.3,14.5,1.0,5.1,0.0,0.000,-0.0,120.0,97.7,-261.3,120.005,0.000,0.000,0.000,401.8,00:02:14,335.3,66.4,3,266,0,161,--.--,0000:00:00,49,0,0,1,1,15.30,-1.00,0,--.--,61,--.--,--:--:--,1,-15.30,11:51:53,10:51:53,10/30/25,--.--,--.--,--.--,--.--,--.--,--.--,--.--,--.--,--.--,--.--,--.--,--.--,0,--.--,--.--,--.--,--.--,--.--,--.--,--.--,--.--,--.--,--.--,--.--,--.--,--.--,--.--,--.--,--.--,0,2916.000,2976.000,2898.000,2964.000,8.290,8.440,8.245,8.410,15.300,15.300,15.300,15.300,true,true,true,true,true,true,false,false,true,true,false,false,0.01,0.00,0.00,0.02,--.--,0.00,0.08,0.08,9223372036854775808,0,--.--,--.--,--.--,--.--,--.--,0,0,0,0,44.5822241,8.9408796,32TMQ 95306 36544,0.0,0.0,263.9,3,15,--.--,--.--,,--.--,--.--,--.--,0,0,--.--,--.--,0,318.0,-106.6,-120.0,-0.4,-5.0,0.0,318.1,-106.6,-120.0,-0.3,-4.9,0.0,--.--,--.--,--.--,--.--,1.0,0.9,265.6,0.5,8.2,0.8,0.00,--.--,--.--,0,0,0.0,0.0,0.0,0,0,0,--.--,--.--,--.--
2025-10-30 11:51:54.833,0.5,11.2,266,-1.0,3.3,0.5,3.9,0.0,0.000,-0.0,120.0,97.7,-261.3,120.008,0.000,0.000,0.000,405.9,00:02:15,336.4,86.3,3,266,0,161,--.--,0000:00:00,49,0,0,1,1,15.30,-1.00,0,--.--,61,--.--,--:--:--,1,-15.30,11:51:54,10:51:54,10/30/25,--.--,--.--,--.--,--.--,--.--,--.--,--.--,--.--,--.--,--.--,--.--,--.--,0,--.--,--.--,--.--,--.--,--.--,--.--,--.--,--.--,--.--,--.--,--.--,--.--,--.--,--.--,--.--,--.--,0,2982.000,2928.000,2988.000,2946.000,8.455,8.320,8.470,8.365,15.300,15.300,15.300,15.300,true,true,true,true,true,true,false,false,true,true,false,false,0.03,0.03,0.00,0.01,--.--,0.00,0.08,0.08,9223372036854775808,0,--.--,--.--,--.--,--.--,--.--,0,0,0,0,44.5822203,8.9408189,32TMQ 95301 36543,0.0,0.0,266.2,3,15,--.--,--.--,,--.--,--.--,--.--,0,0,--.--,--.--,0,317.6,-111.1,-120.0,-0.2,-3.6,0.0,317.7,-110.7,-120.0,-0.2,-3.1,0.0,--.--,--.--,--.--,--.--,0.5,11.4,266.4,-0.9,3.7,0.4,0.00,--.--,--.--,0,0,0.0,0.0,0.0,0,0,0,--.--,--.--,--.--
2025-10-30 11:51:55.835,-0.4,9.8,266,-0.7,-6.9,-1.3,2.2,0.0,0.000,-0.0,120.0,97.7,-261.3,120.003,0.000,0.000,0.000,409.9,00:02:16,337.3,154.9,3,266,0,160,--.--,0000:00:00,49,0,0,1,1,15.30,-1.00,0,--.--,61,--.--,--:--:--,1,-15.30,11:51:55,10:51:55,10/30/25,--.--,--.--,--.--,--.--,--.--,--.--,--.--,--.--,--.--,--.--,--.--,--.--,0,--.--,--.--,--.--,--.--,--.--,--.--,--.--,--.--,--.--,--.--,--.--,--.--,--.--,--.--,--.--,--.--,0,3012.000,2970.000,3018.000,2982.000,8.530,8.425,8.545,8.455,15.300,15.300,15.300,15.300,true,true,true,true,true,true,false,false,true,true,false,false,0.03,0.03,0.00,0.01,--.--,0.00,0.08,0.08,9223372036854775808,0,--.--,--.--,--.--,--.--,--.--,0,0,0,0,44.5822190,8.9407800,32TMQ 95298 36543,0.0,0.0,268.5,3,15,--.--,--.--,,--.--,--.--,--.--,0,0,--.--,--.--,0,317.4,-114.0,-120.0,-0.1,-1.8,0.0,317.5,-113.5,-120.0,-0.1,-1.6,-0.0,--.--,--.--,--.--,--.--,-0.5,9.7,265.9,-0.3,-4.9,-2.2,0.00,--.--,--.--,0,0,0.0,0.0,0.0,0,0,0,--.--,--.--,--.--
2025-10-30 11:51:56.838,11.8,3.5,277,18.7,-1.2,53.1,1.0,0.0,0.000,0.0,120.0,97.7,-261.3,119.978,0.000,0.000,0.000,409.9,00:02:18,337.8,343.4,4,355,0,160,--.--,0000:00:00,50,0,0,1,1,15.30,-1.00,0,--.--,61,--.--,--:--:--,1,-15.30,11:51:56,10:51:56,10/30/25,--.--,--.--,--.--,--.--,--.--,--.--,--.--,--.--,--.--,--.--,--.--,--.--,0,--.--,--.--,--.--,--.--,--.--,--.--,--.--,--.--,--.--,--.--,--.--,--.--,--.--,--.--,--.--,--.--,0,2946.000,2964.000,3024.000,3042.000,8.365,8.410,8.560,8.605,15.300,15.300,15.300,15.300,true,true,true,true,true,true,false,false,true,true,false,false,0.02,0.01,0.00,0.05,--.--,0.00,0.08,0.08,9223372036854775808,0,--.--,--.--,--.--,--.--,--.--,0,0,0,0,44.5822188,8.9407637,32TMQ 95297 36543,0.0,0.0,277.8,3,15,--.--,--.--,,--.--,--.--,--.--,0,0,--.--,--.--,0,317.5,-115.2,-120.0,0.6,-0.7,-0.0,317.5,-115.1,-120.0,0.8,-1.1,-0.0,--.--,--.--,--.--,--.--,11.5,0.3,287.9,7.2,-0.4,83.0,0.00,--.--,--.--,0,0,0.0,0.0,0.0,0,0,0,--.--,--.--,--.--
2025-10-30 11:51:57.832,-3.2,-4.2,344,3.8,-10.4,53.8,1.7,0.0,0.000,0.0,120.0,97.7,-261.3,119.955,0.000,0.000,0.000,412.0,00:02:18,338.9,196.5,4,355,0,160,--.--,0000:00:00,49,0,0,1,1,15.30,-1.00,0,--.--,61,--.--,--:--:--,1,-15.30,11:51:57,10:51:57,10/30/25,--.--,--.--,--.--,--.--,--.--,--.--,--.--,--.--,--.--,--.--,--.--,--.--,0,--.--,--.--,--.--,--.--,--.--,--.--,--.--,--.--,--.--,--.--,--.--,--.--,--.--,--.--,--.--,--.--,0,3702.000,3504.000,2490.000,2598.000,10.255,9.760,7.225,7.495,15.300,15.300,15.300,15.300,true,true,true,true,true,true,false,false,true,true,false,false,0.02,0.01,0.00,0.05,--.--,0.00,0.08,0.08,9223372036854775808,0,--.--,--.--,--.--,--.--,--.--,0,0,0,0,44.5822277,8.9407609,32TMQ 95297 36544,0.0,0.0,3.3,3,15,--.--,--.--,,--.--,--.--,--.--,0,0,--.--,--.--,0,318.7,-115.4,-120.0,1.8,-0.3,-0.0,318.8,-115.7,-120.0,1.9,-0.7,-0.0,--.--,--.--,--.--,--.--,-1.0,-5.1,333.8,8.9,-5.6,27.4,0.00,--.--,--.--,0,0,0.0,0.0,0.0,0,0,0,--.--,--.--,--.--
2025-10-30 11:51:58.833,-7.0,-15.0,11,7.8,-5.9,-18.3,3.3,0.0,0.000,0.0,120.0,97.7,-261.3,119.964,0.000,0.000,0.000,414.0,00:02:19,341.4,104.3,4,355,0,160,--.--,0000:00:00,51,0,0,1,1,15.30,-1.00,0,--.--,61,--.--,--:--:--,1,-15.30,11:51:58,10:51:58,10/30/25,--.--,--.--,--.--,--.--,--.--,--.--,--.--,--.--,--.--,--.--,--.--,--.--,0,--.--,--.--,--.--,--.--,--.--,--.--,--.--,--.--,--.--,--.--,--.--,--.--,--.--,--.--,--.--,--.--,0,2652.000,2574.000,3384.000,3378.000,7.630,7.435,9.460,9.445,15.300,15.300,15.300,15.300,true,true,true,true,true,true,false,false,true,true,false,false,0.16,0.01,0.01,0.05,--.--,0.00,0.08,0.08,9223372036854775808,0,--.--,--.--,--.--,--.--,--.--,0,0,0,0,44.5822483,8.9407585,32TMQ 95297 36546,0.0,0.0,349.3,3,15,--.--,--.--,,--.--,--.--,--.--,0,0,--.--,--.--,0,321.2,-115.6,-120.0,3.7,-0.7,0.0,321.2,-116.1,-120.0,3.9,-0.9,-0.0,--.--,--.--,--.--,--.--,-1.6,-16.1,355.5,12.1,-6.4,-43.0,0.00,--.--,--.--,0,0,0.0,0.0,0.0,0,0,0,--.--,--.--,--.--
2025-10-30 11:51:59.833,2.4,-0.7,348,-0.4,13.0,-3.7,5.1,0.0,0.000,0.0,120.0,97.7,-261.3,119.952,0.000,0.000,0.000,418.0,00:02:20,345.9,67.8,4,355,0,160,--.--,0000:00:00,50,0,0,1,1,15.30,-1.00,0,--.--,61,--.--,--:--:--,1,-15.30,11:51:59,10:51:59,10/30/25,--.--,--.--,--.--,--.--,--.--,--.--,--.--,--.--,--.--,--.--,--.--,--.--,0,--.--,--.--,--.--,--.--,--.--,--.--,--.--,--.--,--.--,--.--,--.--,--.--,--.--,--.--,--.--,--.--,0,2886.000,2754.000,3558.000,3396.000,8.215,7.885,9.895,9.490,15.300,15.300,15.300,15.300,true,true,true,true,true,true,false,false,true,true,false,false,0.16,0.01,0.01,0.05,--.--,0.00,0.08,0.08,9223372036854775808,0,--.--,--.--,--.--,--.--,--.--,0,0,0,0,44.5822880,8.9407464,32TMQ 95296 36551,0.0,0.0,348.8,3,15,--.--,--.--,,--.--,--.--,--.--,0,0,--.--,--.--,0,325.8,-116.4,-120.0,5.1,-0.7,-0.0,325.8,-116.4,-120.0,5.0,-0.4,-0.0,--.--,--.--,--.--,--.--,1.2,0.1,355.6,-8.3,18.2,19.0,0.00,--.--,--.--,0,0,0.0,0.0,0.0,0,0,0,--.--,--.--,--.--
2025-10-30 11:52:00.835,3.4,4.2,356,0.7,1.5,6.7,5.1,0.0,0.000,0.1,120.0,97.7,-261.3,119.951,0.000,0.000,0.000,424.2,00:02:21,351.3,68.6,4,355,0,161,--.--,0000:00:00,49,0,0,1,1,15.30,-1.00,0,--.--,61,--.--,--:--:--,1,-15.30,11:52:00,10:52:00,10/30/25,--.--,--.--,--.--,--.--,--.--,--.--,--.--,--.--,--.--,--.--,--.--,--.--,0,--.--,--.--,--.--,--.--,--.--,--.--,--.--,--.--,--.--,--.--,--.--,--.--,--.--,--.--,--.--,--.--,0,3360.000,3312.000,2694.000,2640.000,9.400,9.280,7.735,7.600,15.300,15.300,15.300,15.300,true,true,true,true,true,true,false,false,true,true,false,false,0.20,0.01,0.00,0.05,--.--,0.00,0.08,0.08,9223372036854775808,0,--.--,--.--,--.--,--.--,--.--,0,0,0,0,44.5823376,8.9407352,32TMQ 95295 36556,0.0,0.0,353.2,3,15,--.--,--.--,,--.--,--.--,--.--,0,0,--.--,--.--,0,331.2,-117.3,-120.0,5.0,-0.4,-0.1,330.7,-116.8,-120.0,4.5,0.0,-0.0,--.--,--.--,--.--,--.--,4.0,4.8,355.7,4.1,4.8,-0.1,0.00,--.--,--.--,0,0,0.0,0.0,0.0,0,0,0,--.--,--.--,--.--
2025-10-30 11:52:01.833,1.6,2.8,355,-3.9,-5.1,-4.1,4.6,0.0,0.000,0.0,120.0,97.7,-261.3,119.997,0.000,0.000,0.000,428.3,00:02:22,356.3,76.5,4,355,0,161,--.--,0000:00:00,48,0,0,1,1,15.30,-1.00,0,--.--,61,--.--,--:--:--,1,-15.30,11:52:01,10:52:01,10/30/25,--.--,--.--,--.--,--.--,--.--,--.--,--.--,--.--,--.--,--.--,--.--,--.--,0,--.--,--.--,--.--,--.--,--.--,--.--,--.--,--.--,--.--,--.--,--.--,--.--,--.--,--.--,--.--,--.--,0,2808.000,2778.000,3144.000,3126.000,8.020,7.945,8.860,8.815,15.300,15.300,15.300,15.300,true,true,true,true,true,true,false,false,true,true,false,false,0.20,0.01,0.00,0.05,--.--,0.00,0.08,0.08,9223372036854775808,0,--.--,--.--,--.--,--.--,--.--,0,0,0,0,44.5823836,8.9407309,32TMQ 95294 36561,0.0,0.0,359.7,3,15,--.--,--.--,,--.--,--.--,--.--,0,0,--.--,--.--,0,336.3,-117.6,-120.0,4.6,-0.0,-0.0,335.7,-117.2,-120.0,4.4,-0.0,0.0,--.--,--.--,--.--,--.--,1.2,2.3,355.7,-4.8,-5.7,-1.4,0.00,--.--,--.--,0,0,0.0,0.0,0.0,0,0,0,--.--,--.--,--.--
2025-10-30 11:52:02.834,-2.1,-2.8,354,-2.5,-4.3,1.4,4.5,0.0,0.000,-0.0,120.0,97.8,-261.2,120.029,0.000,0.000,0.000,432.4,00:02:23,360.5,80.0,4,355,0,161,--.--,0000:00:00,48,0,0,1,1,15.30,-1.00,0,--.--,61,--.--,--:--:--,1,-15.30,11:52:02,10:52:02,10/30/25,--.--,--.--,--.--,--.--,--.--,--.--,--.--,--.--,--.--,--.--,--.--,--.--,0,--.--,--.--,--.--,--.--,--.--,--.--,--.--,--.--,--.--,--.--,--.--,--.--,--.--,--.--,--.--,--.--,0,2982.000,2952.000,2868.000,2844.000,8.455,8.380,8.170,8.110,15.300,15.300,15.300,15.300,true,true,true,true,true,true,false,false,true,true,false,false,0.01,0.04,0.00,0.02,--.--,0.00,0.08,0.08,9223372036854775808,0,--.--,--.--,--.--,--.--,--.--,0,0,0,0,44.5824231,8.9407324,32TMQ 95295 36566,0.0,0.0,1.7,3,15,--.--,--.--,,--.--,--.--,--.--,0,0,--.--,--.--,0,340.8,-117.5,-120.0,4.5,-0.1,0.0,340.7,-117.6,-120.0,4.9,-0.4,0.0,--.--,--.--,--.--,--.--,-2.3,-3.0,355.6,-2.7,-4.0,2.7,0.00,--.--,--.--,0,0,0.0,0.0,0.0,0,0,0,--.--,--.--,--.--
2025-10-30 11:52:03.832,-2.3,-3.1,355,1.5,3.9,0.4,4.8,0.0,0.000,-0.0,120.0,97.8,-261.2,120.019,0.000,0.000,0.000,438.4,00:02:24,364.7,75.3,4,355,0,161,--.--,0000:00:00,49,0,0,1,1,15.30,-1.00,0,--.--,61,--.--,--:--:--,1,-15.30,11:52:03,10:52:03,10/30/25,--.--,--.--,--.--,--.--,--.--,--.--,--.--,--.--,--.--,--.--,--.--,--.--,0,--.--,--.--,--.--,--.--,--.--,--.--,--.--,--.--,--.--,--.--,--.--,--.--,--.--,--.--,--.--,--.--,0,2916.000,2970.000,2916.000,2976.000,8.290,8.425,8.290,8.440,15.300,15.300,15.300,15.300,true,true,true,true,true,true,false,false,true,true,false,false,0.01,0.04,0.00,0.02,--.--,0.00,0.08,0.08,9223372036854775808,0,--.--,--.--,--.--,--.--,--.--,0,0,0,0,44.5824621,8.9407316,32TMQ 95294 36570,0.0,0.0,356.0,3,15,--.--,--.--,,--.--,--.--,--.--,0,0,--.--,--.--,0,345.2,-117.7,-120.0,4.9,-0.4,0.0,345.3,-117.9,-120.0,5.0,-0.6,0.0,--.--,--.--,--.--,--.--,-2.3,-2.9,355.5,1.5,3.8,0.1,0.00,--.--,--.--,0,0,0.0,0.0,0.0,0,0,0,--.--,--.--,--.--
2025-10-30 11:52:04.840,0.1,-1.5,355,2.8,0.4,0.1,5.0,0.0,0.000,-0.0,120.0,97.8,-261.2,120.008,0.000,0.000,0.000,442.5,00:02:26,369.5,73.9,4,355,0,161,--.--,0000:00:00,49,0,0,1,1,15.30,-1.00,0,--.--,61,--.--,--:--:--,1,-15.30,11:52:04,10:52:04,10/30/25,--.--,--.--,--.--,--.--,--.--,--.--,--.--,--.--,--.--,--.--,--.--,--.--,0,--.--,--.--,--.--,--.--,--.--,--.--,--.--,--.--,--.--,--.--,--.--,--.--,--.--,--.--,--.--,--.--,0,3036.000,2862.000,3072.000,2844.000,8.590,8.155,8.680,8.110,15.300,15.300,15.300,15.300,true,true,true,true,true,true,false,false,true,true,false,false,0.07,0.01,0.01,0.04,--.--,0.00,0.08,0.08,9223372036854775808,0,--.--,--.--,--.--,--.--,--.--,0,0,0,0,44.5825059,8.9407247,32TMQ 95294 36575,0.0,0.0,352.1,3,15,--.--,--.--,,--.--,--.--,--.--,0,0,--.--,--.--,0,350.1,-118.2,-120.0,5.0,-0.6,0.0,350.1,-118.3,-120.0,5.1,-0.5,0.0,--.--,--.--,--.--,--.--,0.3,-1.7,355.5,2.6,2.0,0.4,0.00,--.--,--.--,0,0,0.0,0.0,0.0,0,0,0,--.--,--.--,--.--
2025-10-30 11:52:05.834,1.9,-0.5,355,0.7,0.7,0.1,5.1,0.0,0.000,0.0,120.0,97.7,-261.3,120.001,0.000,0.000,0.000,448.6,00:02:26,374.4,73.8,4,355,0,161,--.--,0000:00:00,49,0,0,1,1,15.30,-1.00,0,--.--,61,--.--,--:--:--,1,-15.30,11:52:05,10:52:05,10/30/25,--.--,--.--,--.--,--.--,--.--,--.--,--.--,--.--,--.--,--.--,--.--,--.--,0,--.--,--.--,--.--,--.--,--.--,--.--,--.--,--.--,--.--,--.--,--.--,--.--,--.--,--.--,--.--,--.--,0,2952.000,2952.000,2946.000,2946.000,8.380,8.380,8.365,8.365,15.300,15.300,15.300,15.300,true,true,true,true,true,true,false,false,true,true,false,false,0.07,0.01,0.01,0.04,--.--,0.00,0.08,0.08,9223372036854775808,0,--.--,--.--,--.--,--.--,--.--,0,0,0,0,44.5825506,8.9407162,32TMQ 95293 36580,0.0,0.0,353.2,3,15,--.--,--.--,,--.--,--.--,--.--,0,0,--.--,--.--,0,355.1,-118.8,-120.0,5.0,-0.5,-0.0,355.0,-118.7,-120.0,5.0,-0.3,0.0,--.--,--.--,--.--,--.--,1.9,0.2,355.6,0.8,2.0,0.2,0.00,--.--,--.--,0,0,0.0,0.0,0.0,0,0,0,--.--,--.--,--.--
2025-10-30 11:52:06.833,1.1,0.2,355,-1.7,0.6,-0.1,5.0,0.0,0.000,0.0,120.0,97.7,-259.3,119.999,0.000,0.000,0.000,452.7,00:02:27,379.4,75.4,4,355,0,162,--.--,0000:00:00,49,0,0,1,1,15.30,-1.00,0,--.--,61,--.--,--:--:--,1,-15.30,11:52:06,10:52:06,10/30/25,--.--,--.--,--.--,--.--,--.--,--.--,--.--,--.--,--.--,--.--,--.--,--.--,0,--.--,--.--,--.--,--.--,--.--,--.--,--.--,--.--,--.--,--.--,--.--,--.--,--.--,--.--,--.--,--.--,0,2934.000,2958.000,2934.000,2958.000,8.335,8.395,8.335,8.395,15.300,15.300,15.300,15.300,true,true,true,true,true,true,false,false,true,true,false,false,0.04,0.01,0.00,0.06,--.--,0.00,0.08,0.08,9223372036854775808,0,--.--,--.--,--.--,--.--,--.--,0,0,0,0,44.5825968,8.9407105,32TMQ 95293 36585,0.0,0.0,356.8,3,15,--.--,--.--,,--.--,--.--,--.--,0,0,--.--,--.--,0,360.1,-119.3,-120.0,5.0,-0.3,-0.0,360.0,-119.1,-120.0,4.9,-0.2,-0.0,--.--,--.--,--.--,--.--,1.0,0.4,355.6,-1.5,1.1,-0.0,0.00,--.--,--.--,0,0,0.0,0.0,0.0,0,0,0,--.--,--.--,--.--
2025-10-30 11:52:07.833,-0.9,-0.2,355,-1.7,-1.1,-0.1,4.9,0.0,0.000,0.0,120.0,97.7,-259.3,119.998,0.000,0.000,0.000,456.7,00:02:28,384.2,77.6,4,355,0,162,--.--,0000:00:00,49,0,0,1,1,15.30,-1.00,0,--.--,61,--.--,--:--:--,1,-15.30,11:52:07,10:52:07,10/30/25,--.--,--.--,--.--,--.--,--.--,--.--,--.--,--.--,--.--,--.--,--.--,--.--,0,--.--,--.--,--.--,--.--,--.--,--.--,--.--,--.--,--.--,--.--,--.--,--.--,--.--,--.--,--.--,--.--,0,2964.000,2916.000,2964.000,2922.000,8.410,8.290,8.410,8.305,15.300,15.300,15.300,15.300,true,true,true,true,true,true,false,false,true,true,false,false,0.04,0.01,0.00,0.06,--.--,0.00,0.08,0.08,9223372036854775808,0,--.--,--.--,--.--,--.--,--.--,0,0,0,0,44.5826421,8.9407082,32TMQ 95293 36590,0.0,0.0,358.4,3,15,--.--,--.--,,--.--,--.--,--.--,0,0,--.--,--.--,0,365.2,-119.5,-120.0,4.9,-0.2,-0.0,365.1,-119.5,-120.0,4.9,-0.4,-0.0,--.--,--.--,--.--,--.--,-1.0,-0.0,355.6,-1.8,0.3,0.0,0.00,--.--,--.--,0,0,0.0,0.0,0.0,0,0,0,--.--,--.--,--.--
2025-10-30 11:52:08.835,-1.5,-1.0,355,0.3,-0.3,-0.1,4.9,0.0,0.000,0.0,120.0,97.7,-259.3,119.999,0.000,0.000,0.000,462.9,00:02:29,388.9,78.6,4,355,0,162,--.--,0000:00:00,49,0,0,1,1,15.30,-1.00,0,--.--,61,--.--,--:--:--,1,-15.30,11:52:08,10:52:08,10/30/25,--.--,--.--,--.--,--.--,--.--,--.--,--.--,--.--,--.--,--.--,--.--,--.--,0,--.--,--.--,--.--,--.--,--.--,--.--,--.--,--.--,--.--,--.--,--.--,--.--,--.--,--.--,--.--,--.--,0,2886.000,2994.000,2892.000,2994.000,8.215,8.485,8.230,8.485,15.300,15.300,15.300,15.300,true,true,true,true,true,true,false,false,true,true,false,false,0.04,0.01,0.00,0.05,--.--,0.00,0.08,0.08,9223372036854775808,0,--.--,--.--,--.--,--.--,--.--,0,0,0,0,44.5826856,8.9407058,32TMQ 95292 36595,0.0,0.0,356.5,3,15,--.--,--.--,,--.--,--.--,--.--,0,0,--.--,--.--,0,370.0,-119.7,-120.0,4.9,-0.4,-0.0,370.1,-119.8,-120.0,5.0,-0.5,-0.0,--.--,--.--,--.--,--.--,-1.5,-0.8,355.6,0.1,0.8,0.0,0.00,--.--,--.--,0,0,0.0,0.0,0.0,0,0,0,--.--,--.--,--.--
2025-10-30 11:52:09.835,-0.4,-1.2,355,1.4,1.4,-0.0,5.0,0.0,0.000,-0.0,120.0,97.7,-259.3,120.001,0.000,0.000,0.000,467.0,00:02:30,393.7,78.5,4,355,0,162,--.--,0000:00:00,49,0,0,1,1,15.30,-1.00,0,--.--,61,--.--,--:--:--,1,-15.30,11:52:09,10:52:09,10/30/25,--.--,--.--,--.--,--.--,--.--,--.--,--.--,--.--,--.--,--.--,--.--,--.--,0,--.--,--.--,--.--,--.--,--.--,--.--,--.--,--.--,--.--,--.--,--.--,--.--,--.--,--.--,--.--,--.--,0,2922.000,2964.000,2916.000,2964.000,8.305,8.410,8.290,8.410,15.300,15.300,15.300,15.300,true,true,true,true,true,true,false,false,true,true,false,false,0.04,0.01,0.00,0.05,--.--,0.00,0.08,0.08,9223372036854775808,0,--.--,--.--,--.--,--.--,--.--,0,0,0,0,44.5827302,8.9407004,32TMQ 95292 36600,0.0,0.0,353.9,3,15,--.--,--.--,,--.--,--.--,--.--,0,0,--.--,--.--,0,375.0,-120.1,-120.0,5.0,-0.5,0.0,375.1,-120.2,-120.0,5.1,-0.5,0.0,--.--,--.--,--.--,--.--,-0.3,-0.9,355.6,1.5,1.9,0.1,0.00,--.--,--.--,0,0,0.0,0.0,0.0,0,0,0,--.--,--.--,--.--
2025-10-30 11:52:10.835,0.8,-0.5,355,0.8,0.7,0.1,5.0,0.0,0.000,-0.0,120.0,97.7,-259.3,120.005,0.000,0.000,0.000,473.2,00:02:31,398.7,78.8,4,355,0,162,--.--,0000:00:00,48,0,0,1,1,15.30,-1.00,0,--.--,61,--.--,--:--:--,1,-15.30,11:52:10,10:52:10,10/30/25,--.--,--.--,--.--,--.--,--.--,--.--,--.--,--.--,--.--,--.--,--.--,--.--,0,--.--,--.--,--.--,--.--,--.--,--.--,--.--,--.--,--.--,--.--,--.--,--.--,--.--,--.--,--.--,--.--,0,2952.000,2928.000,2946.000,2928.000,8.380,8.320,8.365,8.320,15.300,15.300,15.300,15.300,true,true,true,true,true,true,false,false,true,true,false,false,0.01,0.02,0.00,0.04,--.--,0.00,0.08,0.08,9223372036854775808,0,--.--,--.--,--.--,--.--,--.--,0,0,0,0,44.5827747,8.9406934,32TMQ 95291 36605,0.0,0.0,353.8,3,15,--.--,--.--,,--.--,--.--,--.--,0,0,--.--,--.--,0,380.0,-120.6,-120.0,5.0,-0.5,0.0,380.0,-120.6,-120.0,5.0,-0.4,0.0,--.--,--.--,--.--,--.--,0.9,-0.3,355.6,0.8,2.1,0.0,0.00,--.--,--.--,0,0,0.0,0.0,0.0,0,0,0,--.--,--.--,--.--
2025-10-30 11:52:11.834,0.7,-0.1,355,-0.8,0.2,0.0,5.0,0.0,0.000,-0.0,120.0,97.7,-259.3,120.007,0.000,0.000,0.000,477.2,00:02:32,403.6,80.2,4,355,0,163,--.--,0000:00:00,48,0,0,1,1,15.30,-1.00,0,--.--,61,--.--,--:--:--,1,-15.30,11:52:11,10:52:11,10/30/25,--.--,--.--,--.--,--.--,--.--,--.--,--.--,--.--,--.--,--.--,--.--,--.--,0,--.--,--.--,--.--,--.--,--.--,--.--,--.--,--.--,--.--,--.--,--.--,--.--,--.--,--.--,--.--,--.--,0,2958.000,2916.000,2958.000,2922.000,8.395,8.290,8.395,8.305,15.300,15.300,15.300,15.300,true,true,true,true,true,true,false,false,true,true,false,false,0.01,0.02,0.00,0.04,--.--,0.00,0.08,0.08,9223372036854775808,0,--.--,--.--,--.--,--.--,--.--,0,0,0,0,44.5828204,8.9406875,32TMQ 95291 36610,0.0,0.0,355.7,3,15,--.--,--.--,,--.--,--.--,--.--,0,0,--.--,--.--,0,385.0,-121.1,-120.0,5.0,-0.3,0.0,384.9,-121.0,-120.0,4.9,-0.3,0.0,--.--,--.--,--.--,--.--,0.7,0.0,355.6,-0.7,1.2,-0.1,0.00,--.--,--.--,0,0,0.0,0.0,0.0,0,0,0,--.--,--.--,--.--
2025-10-30 11:52:12.836,-0.3,-0.3,355,-1.1,-1.0,-0.1,5.0,0.0,0.000,-0.0,120.0,97.7,-260.3,120.008,0.000,0.000,0.000,483.4,00:02:34,408.5,82.1,4,355,0,163,--.--,0000:00:00,48,0,0,1,1,15.30,-1.00,0,--.--,61,--.--,--:--:--,1,-15.30,11:52:12,10:52:12,10/30/25,--.--,--.--,--.--,--.--,--.--,--.--,--.--,--.--,--.--,--.--,--.--,--.--,0,--.--,--.--,--.--,--.--,--.--,--.--,--.--,--.--,--.--,--.--,--.--,--.--,--.--,--.--,--.--,--.--,0,2922.000,2952.000,2928.000,2958.000,8.305,8.380,8.320,8.395,15.300,15.300,15.300,15.300,true,true,true,true,true,true,false,false,true,true,false,false,0.00,0.01,0.00,0.01,--.--,0.00,0.08,0.08,9223372036854775808,0,--.--,--.--,--.--,--.--,--.--,0,0,0,0,44.5828656,8.9406837,32TMQ 95291 36615,0.0,0.0,357.1,3,15,--.--,--.--,,--.--,--.--,--.--,0,0,--.--,--.--,0,390.0,-121.4,-120.0,4.9,-0.3,0.0,390.0,-121.4,-120.0,5.0,-0.4,0.0,--.--,--.--,--.--,--.--,-0.4,-0.2,355.6,-1.1,0.5,-0.1,0.00,--.--,--.--,0,0,0.0,0.0,0.0,0,0,0,--.--,--.--,--.--
2025-10-30 11:52:13.832,-0.9,-0.8,355,-0.1,-0.1,-0.1,5.0,0.0,0.000,-0.0,120.0,97.7,-260.3,120.006,0.000,0.000,0.000,487.4,00:02:34,413.2,83.2,4,355,0,163,--.--,0000:00:00,49,0,0,1,1,15.30,-1.00,0,--.--,61,--.--,--:--:--,1,-15.30,11:52:13,10:52:13,10/30/25,--.--,--.--,--.--,--.--,--.--,--.--,--.--,--.--,--.--,--.--,--.--,--.--,0,--.--,--.--,--.--,--.--,--.--,--.--,--.--,--.--,--.--,--.--,--.--,--.--,--.--,--.--,--.--,--.--,0,2958.000,2922.000,2958.000,2922.000,8.395,8.305,8.395,8.305,15.300,15.300,15.300,15.300,true,true,true,true,true,true,false,false,true,true,false,false,0.00,0.01,0.00,0.01,--.--,0.00,0.08,0.08,9223372036854775808,0,--.--,--.--,--.--,--.--,--.--,0,0,0,0,44.5829095,8.9406804,32TMQ 95290 36620,0.0,0.0,356.4,3,15,--.--,--.--,,--.--,--.--,--.--,0,0,--.--,--.--,0,394.9,-121.7,-120.0,4.9,-0.4,0.0,394.8,-121.8,-120.0,5.0,-0.5,0.0,--.--,--.--,--.--,--.--,-0.9,-0.6,355.6,-0.2,0.8,-0.0,0.00,--.--,--.--,0,0,0.0,0.0,0.0,0,0,0,--.--,--.--,--.--
2025-10-30 11:52:14.835,-0.4,-0.7,355,0.8,-1.1,0.0,4.9,0.0,0.000,-0.0,120.0,97.7,-260.3,120.002,0.000,0.000,0.000,493.6,00:02:35,418.2,84.7,4,355,0,163,--.--,0000:00:00,49,0,0,1,1,15.30,-1.00,0,--.--,61,--.--,--:--:--,1,-15.30,11:52:14,10:52:14,10/30/25,--.--,--.--,--.--,--.--,--.--,--.--,--.--,--.--,--.--,--.--,--.--,--.--,0,--.--,--.--,--.--,--.--,--.--,--.--,--.--,--.--,--.--,--.--,--.--,--.--,--.--,--.--,--.--,--.--,0,2922.000,2964.000,2922.000,2958.000,8.305,8.410,8.305,8.395,15.300,15.300,15.300,15.300,true,true,true,true,true,true,false,false,true,true,false,false,0.02,0.02,0.00,0.02,--.--,0.00,0.08,0.08,9223372036854775808,0,--.--,--.--,--.--,--.--,--.--,0,0,0,0,44.5829543,8.9406755,32TMQ 95290 36625,0.0,0.0,354.8,3,15,--.--,--.--,,--.--,--.--,--.--,0,0,--.--,--.--,0,400.0,-122.1,-120.0,4.9,-0.4,0.0,399.9,-122.1,-120.0,5.0,-0.5,0.0,--.--,--.--,--.--,--.--,-0.4,-0.1,355.6,0.7,0.2,-0.0,0.00,--.--,--.--,0,0,0.0,0.0,0.0,0,0,0,--.--,--.--,--.--
2025-10-30 11:52:15.837,0.3,-1.1,355,0.5,1.5,0.0,5.0,0.0,0.000,-0.0,120.0,97.7,-260.3,119.998,0.000,0.000,0.000,497.7,00:02:37,423.0,84.7,4,355,0,163,--.--,0000:00:00,49,0,0,1,1,15.30,-1.00,0,--.--,61,--.--,--:--:--,1,-15.30,11:52:15,10:52:15,10/30/25,--.--,--.--,--.--,--.--,--.--,--.--,--.--,--.--,--.--,--.--,--.--,--.--,0,--.--,--.--,--.--,--.--,--.--,--.--,--.--,--.--,--.--,--.--,--.--,--.--,--.--,--.--,--.--,--.--,0,2928.000,2958.000,2928.000,2958.000,8.320,8.395,8.320,8.395,15.300,15.300,15.300,15.300,true,true,true,true,true,true,false,false,true,true,false,false,0.02,0.02,0.00,0.02,--.--,0.00,0.08,0.08,9223372036854775808,0,--.--,--.--,--.--,--.--,--.--,0,0,0,0,44.5829990,8.9406695,32TMQ 95290 36630,0.0,0.0,354.4,3,15,--.--,--.--,,--.--,--.--,--.--,0,0,--.--,--.--,0,404.9,-122.5,-120.0,5.0,-0.4,-0.0,404.9,-122.5,-120.0,5.0,-0.4,-0.0,--.--,--.--,--.--,--.--,0.4,-0.9,355.6,0.6,1.7,0.0,0.00,--.--,--.--,0,0,0.0,0.0,0.0,0,0,0,--.--,--.--,--.--
2025-10-30 11:52:16.834,0.4,-0.6,355,-0.4,1.0,0.0,5.0,0.0,0.000,0.0,120.0,97.7,-260.3,119.995,0.000,0.000,0.000,501.8,00:02:37,427.9,84.8,4,355,0,163,--.--,0000:00:00,49,0,0,1,1,15.30,-1.00,0,--.--,61,--.--,--:--:--,1,-15.30,11:52:16,10:52:16,10/30/25,--.--,--.--,--.--,--.--,--.--,--.--,--.--,--.--,--.--,--.--,--.--,--.--,0,--.--,--.--,--.--,--.--,--.--,--.--,--.--,--.--,--.--,--.--,--.--,--.--,--.--,--.--,--.--,--.--,0,2958.000,2934.000,2952.000,2934.000,8.395,8.335,8.380,8.335,15.300,15.300,15.300,15.300,true,true,true,true,true,true,false,false,true,true,false,false,0.01,0.01,0.00,0.01,--.--,0.00,0.08,0.08,9223372036854775808,0,--.--,--.--,--.--,--.--,--.--,0,0,0,0,44.5830436,8.9406639,32TMQ 95289 36635,0.0,0.0,355.4,3,15,--.--,--.--,,--.--,--.--,--.--,0,0,--.--,--.--,0,409.8,-123.0,-120.0,5.0,-0.4,-0.0,409.8,-122.9,-120.0,5.0,-0.3,-0.0,--.--,--.--,--.--,--.--,0.4,0.1,355.6,-0.3,4.9,0.0,0.00,--.--,--.--,0,0,0.0,0.0,0.0,0,0,0,--.--,--.--,--.--
2025-10-30 11:52:17.834,-0.1,-0.1,355,-0.7,-0.2,0.0,5.0,0.0,0.000,0.0,120.0,97.7,-260.3,119.994,0.000,0.000,0.000,507.8,00:02:38,432.8,86.0,4,355,0,163,--.--,0000:00:00,49,0,0,1,1,15.30,-1.00,0,--.--,61,--.--,--:--:--,1,-15.30,11:52:17,10:52:17,10/30/25,--.--,--.--,--.--,--.--,--.--,--.--,--.--,--.--,--.--,--.--,--.--,--.--,0,--.--,--.--,--.--,--.--,--.--,--.--,--.--,--.--,--.--,--.--,--.--,--.--,--.--,--.--,--.--,--.--,0,2964.000,2922.000,2964.000,2922.000,8.410,8.305,8.410,8.305,15.300,15.300,15.300,15.300,true,true,true,true,true,true,false,false,true,true,false,false,0.01,0.01,0.00,0.01,--.--,0.00,0.08,0.08,9223372036854775808,0,--.--,--.--,--.--,--.--,--.--,0,0,0,0,44.5830894,8.9406594,32TMQ 95289 36640,0.0,0.0,356.4,3,15,--.--,--.--,,--.--,--.--,--.--,0,0,--.--,--.--,0,414.9,-123.3,-120.0,5.0,-0.3,-0.0,414.8,-123.3,-120.0,5.0,-0.4,-0.0,--.--,--.--,--.--,--.--,-0.2,-0.4,355.6,-0.6,1.3,-0.0,0.00,--.--,--.--,0,0,0.0,0.0,0.0,0,0,0,--.--,--.--,--.--
2025-10-30 11:52:18.840,-0.5,-0.3,355,-0.2,-0.4,-0.1,5.0,0.0,0.000,0.0,120.0,97.7,-255.3,119.995,0.000,0.000,0.000,511.9,00:02:40,437.8,88.0,4,355,0,164,--.--,0000:00:00,49,0,0,1,1,15.30,-1.00,0,--.--,61,--.--,--:--:--,1,-15.30,11:52:18,10:52:18,10/30/25,--.--,--.--,--.--,--.--,--.--,--.--,--.--,--.--,--.--,--.--,--.--,--.--,0,--.--,--.--,--.--,--.--,--.--,--.--,--.--,--.--,--.--,--.--,--.--,--.--,--.--,--.--,--.--,--.--,0,2946.000,2934.000,2952.000,2940.000,8.365,8.335,8.380,8.350,15.300,15.300,15.300,15.300,true,true,true,true,true,true,false,false,true,true,false,false,0.02,0.02,0.01,0.07,--.--,0.00,0.08,0.08,9223372036854775808,0,--.--,--.--,--.--,--.--,--.--,0,0,0,0,44.5831347,8.9406554,32TMQ 95288 36645,0.0,0.0,356.1,3,15,--.--,--.--,,--.--,--.--,--.--,0,0,--.--,--.--,0,419.9,-123.7,-120.0,4.9,-0.4,-0.0,419.9,-123.7,-120.0,5.0,-0.4,-0.0,--.--,--.--,--.--,--.--,-0.5,0.3,355.6,-0.2,0.8,-0.0,0.00,--.--,--.--,0,0,0.0,0.0,0.0,0,0,0,--.--,--.--,--.--
2025-10-30 11:52:19.835,-0.3,-0.8,355,0.5,-1.1,0.0,5.0,0.0,0.000,-0.0,120.0,97.7,-255.3,120.003,0.000,0.000,0.000,518.0,00:02:40,442.5,89.1,4,355,0,164,--.--,0000:00:00,48,0,0,1,1,15.30,-1.00,0,--.--,61,--.--,--:--:--,1,-15.30,11:52:19,10:52:19,10/30/25,--.--,--.--,--.--,--.--,--.--,--.--,--.--,--.--,--.--,--.--,--.--,--.--,0,--.--,--.--,--.--,--.--,--.--,--.--,--.--,--.--,--.--,--.--,--.--,--.--,--.--,--.--,--.--,--.--,0,2928.000,2952.000,2928.000,2952.000,8.320,8.380,8.320,8.380,15.300,15.300,15.300,15.300,true,true,true,true,true,true,false,false,true,true,false,false,0.02,0.02,0.01,0.07,--.--,0.00,0.08,0.08,9223372036854775808,0,--.--,--.--,--.--,--.--,--.--,0,0,0,0,44.5831785,8.9406508,32TMQ 95288 36650,0.0,0.0,355.2,3,15,--.--,--.--,,--.--,--.--,--.--,0,0,--.--,--.--,0,424.7,-124.0,-120.0,4.9,-0.4,0.0,424.8,-124.1,-120.0,5.0,-0.4,0.0,--.--,--.--,--.--,--.--,-0.3,-1.1,355.6,0.4,0.6,0.0,0.00,--.--,--.--,0,0,0.0,0.0,0.0,0,0,0,--.--,--.--,--.--
2025-10-30 11:52:20.835,0.1,-0.9,355,0.4,-1.0,0.0,5.0,0.0,0.000,-0.0,120.0,97.7,-255.3,120.005,0.000,0.000,0.000,522.1,00:02:41,447.4,89.4,4,355,0,164,--.--,0000:00:00,48,0,0,1,1,15.30,-1.00,0,--.--,61,--.--,--:--:--,1,-15.30,11:52:20,10:52:20,10/30/25,--.--,--.--,--.--,--.--,--.--,--.--,--.--,--.--,--.--,--.--,--.--,--.--,0,--.--,--.--,--.--,--.--,--.--,--.--,--.--,--.--,--.--,--.--,--.--,--.--,--.--,--.--,--.--,--.--,0,2904.000,2976.000,2904.000,2970.000,8.260,8.440,8.260,8.425,15.300,15.300,15.300,15.300,true,true,true,true,true,true,false,false,true,true,false,false,0.01,0.01,0.00,0.04,--.--,0.00,0.08,0.08,9223372036854775808,0,--.--,--.--,--.--,--.--,--.--,0,0,0,0,44.5832233,8.9406453,32TMQ 95288 36655,0.0,0.0,354.9,3,15,--.--,--.--,,--.--,--.--,--.--,0,0,--.--,--.--,0,429.7,-124.4,-120.0,5.0,-0.4,0.0,429.8,-124.5,-120.0,5.0,-0.4,0.0,--.--,--.--,--.--,--.--,0.2,-1.2,355.6,0.4,1.0,0.0,0.00,--.--,--.--,0,0,0.0,0.0,0.0,0,0,0,--.--,--.--,--.--
2025-10-30 11:52:21.834,0.3,-0.7,355,-0.1,0.3,0.1,5.0,0.0,0.000,-0.0,120.0,97.7,-255.3,120.006,0.000,0.000,0.000,528.3,00:02:42,452.3,89.5,4,355,0,164,--.--,0000:00:00,48,0,0,1,1,15.30,-1.00,0,--.--,61,--.--,--:--:--,1,-15.30,11:52:21,10:52:21,10/30/25,--.--,--.--,--.--,--.--,--.--,--.--,--.--,--.--,--.--,--.--,--.--,--.--,0,--.--,--.--,--.--,--.--,--.--,--.--,--.--,--.--,--.--,--.--,--.--,--.--,--.--,--.--,--.--,--.--,0,2910.000,2976.000,2904.000,2970.000,8.275,8.440,8.260,8.425,15.300,15.300,15.300,15.300,true,true,true,true,true,true,false,false,true,true,false,false,0.01,0.01,0.00,0.04,--.--,0.00,0.08,0.08,9223372036854775808,0,--.--,--.--,--.--,--.--,--.--,0,0,0,0,44.5832677,8.9406399,32TMQ 95287 36660,0.0,0.0,355.4,3,15,--.--,--.--,,--.--,--.--,--.--,0,0,--.--,--.--,0,434.7,-124.9,-120.0,5.0,-0.4,0.0,434.8,-124.8,-120.0,5.1,-0.4,0.0,--.--,--.--,--.--,--.--,0.3,-0.1,355.6,-0.1,4.8,0.0,0.00,--.--,--.--,0,0,0.0,0.0,0.0,0,0,0,--.--,--.--,--.--
2025-10-30 11:52:22.837,-0.0,-0.2,355,-0.4,-0.2,0.0,5.0,0.0,0.000,-0.0,120.0,97.7,-255.3,120.005,0.000,0.000,0.000,532.3,00:02:44,457.2,90.8,4,355,0,164,--.--,0000:00:00,48,0,0,1,1,15.30,-1.00,0,--.--,61,--.--,--:--:--,1,-15.30,11:52:22,10:52:22,10/30/25,--.--,--.--,--.--,--.--,--.--,--.--,--.--,--.--,--.--,--.--,--.--,--.--,0,--.--,--.--,--.--,--.--,--.--,--.--,--.--,--.--,--.--,--.--,--.--,--.--,--.--,--.--,--.--,--.--,0,2958.000,2916.000,2964.000,2916.000,8.395,8.290,8.410,8.290,15.300,15.300,15.300,15.300,true,true,true,true,true,true,false,false,true,true,false,false,0.01,0.01,0.01,0.02,--.--,0.00,0.08,0.08,9223372036854775808,0,--.--,--.--,--.--,--.--,--.--,0,0,0,0,44.5833135,8.9406352,32TMQ 95287 36665,0.0,0.0,356.0,3,15,--.--,--.--,,--.--,--.--,--.--,0,0,--.--,--.--,0,439.7,-125.2,-120.0,5.0,-0.4,0.0,439.7,-125.2,-120.0,5.0,-0.4,0.0,--.--,--.--,--.--,--.--,-0.1,0.4,355.6,-0.4,4.1,-0.1,0.00,--.--,--.--,0,0,0.0,0.0,0.0,0,0,0,--.--,--.--,--.--
2025-10-30 11:52:23.836,-0.3,-0.5,355,-0.1,0.1,-0.0,5.0,0.0,0.000,-0.0,120.0,97.7,-255.3,120.003,0.000,0.000,0.000,538.5,00:02:45,462.1,92.3,4,355,0,164,--.--,0000:00:00,49,0,0,1,1,15.30,-1.00,0,--.--,61,--.--,--:--:--,1,-15.30,11:52:23,10:52:23,10/30/25,--.--,--.--,--.--,--.--,--.--,--.--,--.--,--.--,--.--,--.--,--.--,--.--,0,--.--,--.--,--.--,--.--,--.--,--.--,--.--,--.--,--.--,--.--,--.--,--.--,--.--,--.--,--.--,--.--,0,2910.000,2970.000,2910.000,2976.000,8.275,8.425,8.275,8.440,15.300,15.300,15.300,15.300,true,true,true,true,true,true,false,false,true,true,false,false,0.01,0.01,0.01,0.02,--.--,0.00,0.08,0.08,9223372036854775808,0,--.--,--.--,--.--,--.--,--.--,0,0,0,0,44.5833589,8.9406308,32TMQ 95287 36670,0.0,0.0,355.9,3,15,--.--,--.--,,--.--,--.--,--.--,0,0,--.--,--.--,0,444.7,-125.6,-120.0,5.0,-0.4,0.0,444.7,-125.6,-120.0,5.0,-0.4,0.0,--.--,--.--,--.--,--.--,-0.3,-0.3,355.6,-0.2,1.3,-0.0,0.00,--.--,--.--,0,0,0.0,0.0,0.0,0,0,0,--.--,--.--,--.--
2025-10-30 11:52:24.836,-0.2,-0.4,355,0.2,-0.1,0.0,5.0,0.0,0.000,-0.0,120.0,97.7,-251.3,119.999,0.000,0.000,0.000,542.6,00:02:45,467.0,93.6,4,355,0,164,--.--,0000:00:00,49,0,0,1,1,15.30,-1.00,0,--.--,61,--.--,--:--:--,1,-15.30,11:52:24,10:52:24,10/30/25,--.--,--.--,--.--,--.--,--.--,--.--,--.--,--.--,--.--,--.--,--.--,--.--,0,--.--,--.--,--.--,--.--,--.--,--.--,--.--,--.--,--.--,--.--,--.--,--.--,--.--,--.--,--.--,--.--,0,2940.000,2940.000,2940.000,2940.000,8.350,8.350,8.350,8.350,15.300,15.300,15.300,15.300,true,true,true,true,true,true,false,false,true,true,false,false,0.01,0.02,0.00,0.04,--.--,0.00,0.08,0.08,9223372036854775808,0,--.--,--.--,--.--,--.--,--.--,0,0,0,0,44.5834031,8.9406261,32TMQ 95286 36675,0.0,0.0,355.4,3,15,--.--,--.--,,--.--,--.--,--.--,0,0,--.--,--.--,0,449.7,-126.0,-120.0,5.0,-0.4,0.0,449.7,-126.0,-120.0,5.0,-0.4,-0.0,--.--,--.--,--.--,--.--,-0.2,0.2,355.6,0.2,0.9,0.0,0.00,--.--,--.--,0,0,0.0,0.0,0.0,0,0,0,--.--,--.--,--.--
2025-10-30 11:52:25.839,0.1,-0.7,355,0.3,-0.4,0.0,5.0,0.0,0.000,0.0,120.0,97.7,-251.3,119.996,0.000,0.000,0.000,546.7,00:02:47,471.9,94.9,4,355,0,164,--.--,0000:00:00,49,0,0,1,1,15.30,-1.00,0,--.--,61,--.--,--:--:--,1,-15.30,11:52:25,10:52:25,10/30/25,--.--,--.--,--.--,--.--,--.--,--.--,--.--,--.--,--.--,--.--,--.--,--.--,0,--.--,--.--,--.--,--.--,--.--,--.--,--.--,--.--,--.--,--.--,--.--,--.--,--.--,--.--,--.--,--.--,0,2964.000,2922.000,2958.000,2922.000,8.410,8.305,8.395,8.305,15.300,15.300,15.300,15.300,true,true,true,true,true,true,false,false,true,true,false,false,0.01,0.02,0.00,0.04,--.--,0.00,0.08,0.08,9223372036854775808,0,--.--,--.--,--.--,--.--,--.--,0,0,0,0,44.5834479,8.9406208,32TMQ 95286 36680,0.0,0.0,355.1,3,15,--.--,--.--,,--.--,--.--,--.--,0,0,--.--,--.--,0,454.7,-126.4,-120.0,4.9,-0.4,-0.0,454.7,-126.4,-120.0,5.0,-0.4,-0.0,--.--,--.--,--.--,--.--,0.1,-0.1,355.6,0.3,3.7,0.1,0.00,--.--,--.--,0,0,0.0,0.0,0.0,0,0,0,--.--,--.--,--.--
2025-10-30 11:52:26.839,0.2,-0.8,355,-0.1,-0.2,0.1,5.0,0.0,0.000,0.0,120.0,97.7,-251.3,119.995,0.000,0.000,0.000,552.9,00:02:48,476.8,95.5,4,355,0,165,--.--,0000:00:00,49,0,0,1,1,15.30,-1.00,0,--.--,61,--.--,--:--:--,1,-15.30,11:52:26,10:52:26,10/30/25,--.--,--.--,--.--,--.--,--.--,--.--,--.--,--.--,--.--,--.--,--.--,--.--,0,--.--,--.--,--.--,--.--,--.--,--.--,--.--,--.--,--.--,--.--,--.--,--.--,--.--,--.--,--.--,--.--,0,2958.000,2928.000,2958.000,2928.000,8.395,8.320,8.395,8.320,15.300,15.300,15.300,15.300,true,true,true,true,true,true,false,false,true,true,false,false,0.01,0.01,0.00,0.01,--.--,0.00,0.08,0.08,9223372036854775808,0,--.--,--.--,--.--,--.--,--.--,0,0,0,0,44.5834918,8.9406157,32TMQ 95285 36685,0.0,0.0,355.5,3,15,--.--,--.--,,--.--,--.--,--.--,0,0,--.--,--.--,0,459.7,-126.8,-120.0,5.0,-0.4,-0.0,459.7,-126.8,-120.0,5.0,-0.4,-0.0,--.--,--.--,--.--,--.--,0.2,-1.1,355.6,-0.1,1.2,0.0,0.00,--.--,--.--,0,0,0.0,0.0,0.0,0,0,0,--.--,--.--,--.--
2025-10-30 11:52:27.835,-0.1,-0.0,355,-0.3,-2.1,0.0,5.0,0.0,0.000,0.0,120.0,97.7,-251.3,119.996,0.000,0.000,0.000,557.1,00:02:48,481.8,96.5,4,355,0,165,--.--,0000:00:00,49,0,0,1,1,15.30,-1.00,0,--.--,61,--.--,--:--:--,1,-15.30,11:52:27,10:52:27,10/30/25,--.--,--.--,--.--,--.--,--.--,--.--,--.--,--.--,--.--,--.--,--.--,--.--,0,--.--,--.--,--.--,--.--,--.--,--.--,--.--,--.--,--.--,--.--,--.--,--.--,--.--,--.--,--.--,--.--,0,2946.000,2940.000,2946.000,2940.000,8.365,8.350,8.365,8.350,15.300,15.300,15.300,15.300,true,true,true,true,true,true,false,false,true,true,false,false,0.01,0.01,0.00,0.01,--.--,0.00,0.08,0.08,9223372036854775808,0,--.--,--.--,--.--,--.--,--.--,0,0,0,0,44.5835371,8.9406110,32TMQ 95285 36690,0.0,0.0,355.9,3,15,--.--,--.--,,--.--,--.--,--.--,0,0,--.--,--.--,0,464.7,-127.2,-120.0,5.0,-0.4,-0.0,464.6,-127.1,-120.0,4.9,-0.4,-0.0,--.--,--.--,--.--,--.--,-0.1,0.5,355.6,-0.3,-0.4,-0.0,0.00,--.--,--.--,0,0,0.0,0.0,0.0,0,0,0,--.--,--.--,--.--
2025-10-30 11:52:28.838,-0.3,-0.7,355,-0.1,0.1,-0.1,5.0,0.0,0.000,0.0,120.0,97.7,-251.3,119.999,0.000,0.000,0.000,563.2,00:02:50,486.6,97.7,4,355,0,165,--.--,0000:00:00,48,0,0,1,1,15.30,-1.00,0,--.--,61,--.--,--:--:--,1,-15.30,11:52:28,10:52:28,10/30/25,--.--,--.--,--.--,--.--,--.--,--.--,--.--,--.--,--.--,--.--,--.--,--.--,0,--.--,--.--,--.--,--.--,--.--,--.--,--.--,--.--,--.--,--.--,--.--,--.--,--.--,--.--,--.--,--.--,0,2970.000,2910.000,2970.000,2910.000,8.425,8.275,8.425,8.275,15.300,15.300,15.300,15.300,true,true,true,true,true,true,false,false,true,true,false,false,0.02,0.01,0.00,0.05,--.--,0.00,0.08,0.08,9223372036854775808,0,--.--,--.--,--.--,--.--,--.--,0,0,0,0,44.5835822,8.9406065,32TMQ 95285 36695,0.0,0.0,355.8,3,15,--.--,--.--,,--.--,--.--,--.--,0,0,--.--,--.--,0,469.6,-127.5,-120.0,5.0,-0.4,-0.0,469.6,-127.5,-120.0,5.0,-0.4,0.0,--.--,--.--,--.--,--.--,-0.3,-0.5,355.6,-0.1,0.9,-0.1,0.00,--.--,--.--,0,0,0.0,0.0,0.0,0,0,0,--.--,--.--,--.--
2025-10-30 11:52:29.837,-0.1,-0.7,355,0.2,0.2,0.0,5.0,0.0,0.000,-0.0,120.0,97.7,-248.3,120.003,0.000,0.000,0.000,567.3,00:02:51,491.5,98.2,4,355,0,165,--.--,0000:00:00,48,0,0,1,1,15.30,-1.00,0,--.--,61,--.--,--:--:--,1,-15.30,11:52:29,10:52:29,10/30/25,--.--,--.--,--.--,--.--,--.--,--.--,--.--,--.--,--.--,--.--,--.--,--.--,0,--.--,--.--,--.--,--.--,--.--,--.--,--.--,--.--,--.--,--.--,--.--,--.--,--.--,--.--,--.--,--.--,0,2952.000,2928.000,2952.000,2928.000,8.380,8.320,8.380,8.320,15.300,15.300,15.300,15.300,true,true,true,true,true,true,false,false,true,true,false,false,0.02,0.01,0.00,0.05,--.--,0.00,0.08,0.08,9223372036854775808,0,--.--,--.--,--.--,--.--,--.--,0,0,0,0,44.5836265,8.9406017,32TMQ 95284 36699,0.0,0.0,355.4,3,15,--.--,--.--,,--.--,--.--,--.--,0,0,--.--,--.--,0,474.6,-127.9,-120.0,5.0,-0.4,0.0,474.6,-127.9,-120.0,4.9,-0.4,0.0,--.--,--.--,--.--,--.--,-0.1,-0.5,355.6,0.2,1.4,0.0,0.00,--.--,--.--,0,0,0.0,0.0,0.0,0,0,0,--.--,--.--,--.--
2025-10-30 11:52:30.835,0.1,-0.5,355,0.2,-0.0,0.0,5.0,0.0,0.000,-0.0,120.0,97.7,-248.3,120.006,0.000,0.000,0.000,573.5,00:02:51,496.5,99.0,4,355,0,165,--.--,0000:00:00,48,0,0,1,1,15.30,-1.00,0,--.--,61,--.--,--:--:--,1,-15.30,11:52:30,10:52:30,10/30/25,--.--,--.--,--.--,--.--,--.--,--.--,--.--,--.--,--.--,--.--,--.--,--.--,0,--.--,--.--,--.--,--.--,--.--,--.--,--.--,--.--,--.--,--.--,--.--,--.--,--.--,--.--,--.--,--.--,0,2964.000,2916.000,2964.000,2910.000,8.410,8.290,8.410,8.275,15.300,15.300,15.300,15.300,true,true,true,true,true,true,false,false,true,true,false,false,0.01,0.01,0.00,0.04,--.--,0.00,0.08,0.08,9223372036854775808,0,--.--,--.--,--.--,--.--,--.--,0,0,0,0,44.5836719,8.9405964,32TMQ 95284 36705,0.0,0.0,355.2,3,15,--.--,--.--,,--.--,--.--,--.--,0,0,--.--,--.--,0,479.6,-128.3,-120.0,5.0,-0.4,0.0,479.6,-128.3,-120.0,5.0,-0.4,0.0,--.--,--.--,--.--,--.--,0.1,0.1,355.6,0.2,1.2,0.0,0.00,--.--,--.--,0,0,0.0,0.0,0.0,0,0,0,--.--,--.--,--.--
2025-10-30 11:52:31.841,0.1,-0.5,355,-0.1,-0.2,0.0,5.0,0.0,0.000,-0.0,120.0,97.7,-248.3,120.008,0.000,0.000,0.000,577.6,00:02:53,501.4,100.3,4,355,0,165,--.--,0000:00:00,48,0,0,1,1,15.30,-1.00,0,--.--,61,--.--,--:--:--,1,-15.30,11:52:31,10:52:31,10/30/25,--.--,--.--,--.--,--.--,--.--,--.--,--.--,--.--,--.--,--.--,--.--,--.--,0,--.--,--.--,--.--,--.--,--.--,--.--,--.--,--.--,--.--,--.--,--.--,--.--,--.--,--.--,--.--,--.--,0,2958.000,2916.000,2958.000,2916.000,8.395,8.290,8.395,8.290,15.300,15.300,15.300,15.300,true,true,true,true,true,true,false,false,true,true,false,false,0.01,0.01,0.00,0.04,--.--,0.00,0.08,0.08,9223372036854775808,0,--.--,--.--,--.--,--.--,--.--,0,0,0,0,44.5837173,8.9405913,32TMQ 95283 36710,0.0,0.0,355.6,3,15,--.--,--.--,,--.--,--.--,--.--,0,0,--.--,--.--,0,484.6,-128.7,-120.0,5.0,-0.4,0.0,484.6,-128.7,-120.0,5.0,-0.4,0.0,--.--,--.--,--.--,--.--,0.1,0.2,355.6,-0.1,4.0,-0.0,0.00,--.--,--.--,0,0,0.0,0.0,0.0,0,0,0,--.--,--.--,--.--
2025-10-30 11:52:32.840,-0.1,-0.5,355,-0.2,-0.1,0.0,5.0,0.0,0.000,-0.0,120.0,97.8,-248.2,120.008,0.000,0.000,0.000,581.7,00:02:54,506.3,101.5,4,355,0,165,--.--,0000:00:00,48,0,0,1,1,15.30,-1.00,0,--.--,61,--.--,--:--:--,1,-15.30,11:52:32,10:52:32,10/30/25,--.--,--.--,--.--,--.--,--.--,--.--,--.--,--.--,--.--,--.--,--.--,--.--,0,--.--,--.--,--.--,--.--,--.--,--.--,--.--,--.--,--.--,--.--,--.--,--.--,--.--,--.--,--.--,--.--,0,2958.000,2916.000,2958.000,2916.000,8.395,8.290,8.395,8.290,15.300,15.300,15.300,15.300,true,true,true,true,true,true,false,false,true,true,false,false,0.00,0.00,0.01,0.02,--.--,0.00,0.08,0.08,9223372036854775808,0,--.--,--.--,--.--,--.--,--.--,0,0,0,0,44.5837615,8.9405868,32TMQ 95283 36714,0.0,0.0,355.9,3,15,--.--,--.--,,--.--,--.--,--.--,0,0,--.--,--.--,0,489.6,-129.1,-120.0,5.0,-0.4,0.0,489.5,-129.1,-120.0,4.9,-0.4,0.0,--.--,--.--,--.--,--.--,-0.1,-0.4,355.6,-0.2,0.9,-0.1,0.00,--.--,--.--,0,0,0.0,0.0,0.0,0,0,0,--.--,--.--,--.--
2025-10-30 11:52:33.833,-0.2,-0.7,355,0.1,-0.2,-0.1,5.0,0.0,0.000,-0.0,120.0,97.7,-248.3,120.002,0.000,0.000,0.000,587.9,00:02:54,511.2,102.3,4,355,0,165,--.--,0000:00:00,49,0,0,1,1,15.30,-1.00,0,--.--,61,--.--,--:--:--,1,-15.30,11:52:33,10:52:33,10/30/25,--.--,--.--,--.--,--.--,--.--,--.--,--.--,--.--,--.--,--.--,--.--,--.--,0,--.--,--.--,--.--,--.--,--.--,--.--,--.--,--.--,--.--,--.--,--.--,--.--,--.--,--.--,--.--,--.--,0,2922.000,2952.000,2928.000,2958.000,8.305,8.380,8.320,8.395,15.300,15.300,15.300,15.300,true,true,true,true,true,true,false,false,true,true,false,false,0.00,0.00,0.01,0.02,--.--,0.00,0.08,0.08,9223372036854775808,0,--.--,--.--,--.--,--.--,--.--,0,0,0,0,44.5838065,8.9405822,32TMQ 95283 36719,0.0,0.0,355.7,3,15,--.--,--.--,,--.--,--.--,--.--,0,0,--.--,--.--,0,494.6,-129.4,-120.0,5.0,-0.4,0.0,494.6,-129.5,-120.0,5.0,-0.4,0.0,--.--,--.--,--.--,--.--,-0.2,-0.1,355.6,0.0,1.2,0.0,0.00,--.--,--.--,0,0,0.0,0.0,0.0,0,0,0,--.--,--.--,--.--
2025-10-30 11:52:34.837,-0.1,-0.7,355,0.3,-0.2,0.0,5.0,0.0,0.000,0.0,120.0,97.7,-248.3,119.999,0.000,0.000,0.000,592.0,00:02:56,516.1,103.0,4,355,0,165,--.--,0000:00:00,49,0,0,1,1,15.30,-1.00,0,--.--,61,--.--,--:--:--,1,-15.30,11:52:34,10:52:34,10/30/25,--.--,--.--,--.--,--.--,--.--,--.--,--.--,--.--,--.--,--.--,--.--,--.--,0,--.--,--.--,--.--,--.--,--.--,--.--,--.--,--.--,--.--,--.--,--.--,--.--,--.--,--.--,--.--,--.--,0,2964.000,2922.000,2964.000,2922.000,8.410,8.305,8.410,8.305,15.300,15.300,15.300,15.300,true,true,true,true,true,true,false,false,true,true,false,false,0.01,0.01,0.00,0.02,--.--,0.00,0.08,0.08,9223372036854775808,0,--.--,--.--,--.--,--.--,--.--,0,0,0,0,44.5838507,8.9405773,32TMQ 95282 36724,0.0,0.0,355.3,3,15,--.--,--.--,,--.--,--.--,--.--,0,0,--.--,--.--,0,499.5,-129.8,-120.0,5.0,-0.4,-0.0,499.6,-129.8,-120.0,5.0,-0.4,-0.0,--.--,--.--,--.--,--.--,-0.1,-1.0,355.6,0.2,1.2,0.1,0.00,--.--,--.--,0,0,0.0,0.0,0.0,0,0,0,--.--,--.--,--.--
2025-10-30 11:52:35.833,0.1,-0.5,355,0.1,-0.2,0.0,5.0,0.0,0.000,0.0,120.0,97.7,-247.3,119.998,0.000,0.000,0.000,598.1,00:02:56,521.1,103.9,4,355,0,166,--.--,0000:00:00,49,0,0,1,1,15.30,-1.00,0,--.--,61,--.--,--:--:--,1,-15.30,11:52:35,10:52:35,10/30/25,--.--,--.--,--.--,--.--,--.--,--.--,--.--,--.--,--.--,--.--,--.--,--.--,0,--.--,--.--,--.--,--.--,--.--,--.--,--.--,--.--,--.--,--.--,--.--,--.--,--.--,--.--,--.--,--.--,0,2922.000,2964.000,2922.000,2964.000,8.305,8.410,8.305,8.410,15.300,15.300,15.300,15.300,true,true,true,true,true,true,false,false,true,true,false,false,0.01,0.01,0.00,0.02,--.--,0.00,0.08,0.08,9223372036854775808,0,--.--,--.--,--.--,--.--,--.--,0,0,0,0,44.5838959,8.9405721,32TMQ 95282 36729,0.0,0.0,355.4,3,15,--.--,--.--,,--.--,--.--,--.--,0,0,--.--,--.--,0,504.5,-130.2,-120.0,5.0,-0.4,-0.0,504.6,-130.2,-120.0,5.0,-0.4,-0.0,--.--,--.--,--.--,--.--,0.1,-0.8,355.6,0.1,1.2,-0.0,0.00,--.--,--.--,0,0,0.0,0.0,0.0,0,0,0,--.--,--.--,--.--
2025-10-30 11:52:36.842,0.0,-0.2,355,-0.2,-0.1,0.0,5.0,0.0,0.000,0.0,120.0,97.7,-247.3,119.997,0.000,0.000,0.000,602.2,00:02:58,526.0,105.1,4,355,0,166,--.--,0000:00:00,49,0,0,1,1,15.30,-1.00,0,--.--,61,--.--,--:--:--,1,-15.30,11:52:36,10:52:36,10/30/25,--.--,--.--,--.--,--.--,--.--,--.--,--.--,--.--,--.--,--.--,--.--,--.--,0,--.--,--.--,--.--,--.--,--.--,--.--,--.--,--.--,--.--,--.--,--.--,--.--,--.--,--.--,--.--,--.--,0,2946.000,2934.000,2946.000,2934.000,8.365,8.335,8.365,8.335,15.300,15.300,15.300,15.300,true,true,true,true,true,true,false,false,true,true,false,false,0.00,0.01,0.00,0.01,--.--,0.00,0.08,0.08,9223372036854775808,0,--.--,--.--,--.--,--.--,--.--,0,0,0,0,44.5839413,8.9405672,32TMQ 95282 36734,0.0,0.0,355.7,3,15,--.--,--.--,,--.--,--.--,--.--,0,0,--.--,--.--,0,509.5,-130.6,-120.0,5.0,-0.4,-0.0,509.5,-130.6,-120.0,4.9,-0.4,-0.0,--.--,--.--,--.--,--.--,0.0,-0.1,355.6,-0.2,1.2,-0.0,0.00,--.--,--.--,0,0,0.0,0.0,0.0,0,0,0,--.--,--.--,--.--
2025-10-30 11:52:37.842,-0.2,-0.6,355,-0.1,-0.8,-0.1,5.0,0.0,0.000,0.0,120.0,97.7,-247.3,119.998,0.000,0.000,0.000,608.4,00:02:59,530.9,106.7,4,355,0,166,--.--,0000:00:00,49,0,0,1,1,15.30,-1.00,0,--.--,61,--.--,--:--:--,1,-15.30,11:52:37,10:52:37,10/30/25,--.--,--.--,--.--,--.--,--.--,--.--,--.--,--.--,--.--,--.--,--.--,--.--,0,--.--,--.--,--.--,--.--,--.--,--.--,--.--,--.--,--.--,--.--,--.--,--.--,--.--,--.--,--.--,--.--,0,2922.000,2958.000,2928.000,2958.000,8.305,8.395,8.320,8.395,15.300,15.300,15.300,15.300,true,true,true,true,true,true,false,false,true,true,false,false,0.00,0.01,0.00,0.01,--.--,0.00,0.08,0.08,9223372036854775808,0,--.--,--.--,--.--,--.--,--.--,0,0,0,0,44.5839854,8.9405626,32TMQ 95281 36739,0.0,0.0,355.8,3,15,--.--,--.--,,--.--,--.--,--.--,0,0,--.--,--.--,0,514.5,-131.0,-120.0,5.0,-0.4,-0.0,514.5,-131.0,-120.0,5.0,-0.4,-0.0,--.--,--.--,--.--,--.--,-0.2,-0.9,355.6,-0.1,0.6,-0.0,0.00,--.--,--.--,0,0,0.0,0.0,0.0,0,0,0,--.--,--.--,--.--
2025-10-30 11:52:38.833,-0.1,-0.8,355,0.1,-0.4,0.0,5.0,0.0,0.000,0.0,120.0,97.7,-247.3,119.999,0.000,0.000,0.000,612.6,00:02:59,535.8,107.3,4,355,0,166,--.--,0000:00:00,49,0,0,1,1,15.30,-1.00,0,--.--,61,--.--,--:--:--,1,-15.30,11:52:38,10:52:38,10/30/25,--.--,--.--,--.--,--.--,--.--,--.--,--.--,--.--,--.--,--.--,--.--,--.--,0,--.--,--.--,--.--,--.--,--.--,--.--,--.--,--.--,--.--,--.--,--.--,--.--,--.--,--.--,--.--,--.--,0,2952.000,2934.000,2952.000,2934.000,8.380,8.335,8.380,8.335,15.300,15.300,15.300,15.300,true,true,true,true,true,true,false,false,true,true,false,false,0.01,0.00,0.00,0.03,--.--,0.00,0.08,0.08,9223372036854775808,0,--.--,--.--,--.--,--.--,--.--,0,0,0,0,44.5840304,8.9405578,32TMQ 95281 36744,0.0,0.0,355.5,3,15,--.--,--.--,,--.--,--.--,--.--,0,0,--.--,--.--,0,519.5,-131.4,-120.0,5.0,-0.4,-0.0,519.5,-131.4,-120.0,5.0,-0.4,-0.0,--.--,--.--,--.--,--.--,-0.1,-0.7,355.6,0.1,1.0,0.0,0.00,--.--,--.--,0,0,0.0,0.0,0.0,0,0,0,--.--,--.--,--.--
2025-10-30 11:52:39.833,0.0,-0.6,355,0.2,-0.1,0.1,5.0,0.0,0.000,-0.0,120.0,97.7,-247.3,120.002,0.000,0.000,0.000,616.7,00:03:00,540.8,107.9,4,355,0,166,--.--,0000:00:00,48,0,0,1,1,15.30,-1.00,0,--.--,61,--.--,--:--:--,1,-15.30,11:52:39,10:52:39,10/30/25,--.--,--.--,--.--,--.--,--.--,--.--,--.--,--.--,--.--,--.--,--.--,--.--,0,--.--,--.--,--.--,--.--,--.--,--.--,--.--,--.--,--.--,--.--,--.--,--.--,--.--,--.--,--.--,--.--,0,2946.000,2940.000,2940.000,2940.000,8.365,8.350,8.350,8.350,15.300,15.300,15.300,15.300,true,true,true,true,true,true,false,false,true,true,false,false,0.01,0.00,0.00,0.03,--.--,0.00,0.08,0.08,9223372036854775808,0,--.--,--.--,--.--,--.--,--.--,0,0,0,0,44.5840756,8.9405527,32TMQ 95280 36749,0.0,0.0,355.4,3,15,--.--,--.--,,--.--,--.--,--.--,0,0,--.--,--.--,0,524.5,-131.8,-120.0,5.0,-0.4,0.0,524.5,-131.8,-120.0,5.0,-0.4,0.0,--.--,--.--,--.--,--.--,0.0,0.0,355.6,0.2,1.1,0.1,0.00,--.--,--.--,0,0,0.0,0.0,0.0,0,0,0,--.--,--.--,--.--
2025-10-30 11:52:40.838,0.1,-0.5,355,-0.1,-0.0,0.0,5.0,0.0,0.000,-0.0,120.0,97.7,-247.3,120.004,0.000,0.000,0.000,622.9,00:03:02,545.7,109.0,4,355,0,166,--.--,0000:00:00,48,0,0,1,1,15.30,-1.00,0,--.--,61,--.--,--:--:--,1,-15.30,11:52:40,10:52:40,10/30/25,--.--,--.--,--.--,--.--,--.--,--.--,--.--,--.--,--.--,--.--,--.--,--.--,0,--.--,--.--,--.--,--.--,--.--,--.--,--.--,--.--,--.--,--.--,--.--,--.--,--.--,--.--,--.--,--.--,0,2922.000,2958.000,2922.000,2958.000,8.305,8.395,8.305,8.395,15.300,15.300,15.300,15.300,true,true,true,true,true,true,false,false,true,true,false,false,0.00,0.01,0.00,0.03,--.--,0.00,0.08,0.08,9223372036854775808,0,--.--,--.--,--.--,--.--,--.--,0,0,0,0,44.5841200,8.9405478,32TMQ 95280 36754,0.0,0.0,355.6,3,15,--.--,--.--,,--.--,--.--,--.--,0,0,--.--,--.--,0,529.5,-132.2,-120.0,5.0,-0.4,0.0,529.5,-132.1,-120.0,5.0,-0.4,0.0,--.--,--.--,--.--,--.--,0.1,0.2,355.6,-0.1,4.2,-0.0,0.00,--.--,--.--,0,0,0.0,0.0,0.0,0,0,0,--.--,--.--,--.--
2025-10-30 11:52:41.835,-0.1,-0.5,355,-0.2,-0.1,-0.1,5.0,0.0,0.000,-0.0,120.0,97.7,-249.3,120.006,0.000,0.000,0.000,627.0,00:03:02,550.7,110.4,4,355,0,166,--.--,0000:00:00,48,0,0,1,1,15.30,-1.00,0,--.--,61,--.--,--:--:--,1,-15.30,11:52:41,10:52:41,10/30/25,--.--,--.--,--.--,--.--,--.--,--.--,--.--,--.--,--.--,--.--,--.--,--.--,0,--.--,--.--,--.--,--.--,--.--,--.--,--.--,--.--,--.--,--.--,--.--,--.--,--.--,--.--,--.--,--.--,0,2958.000,2916.000,2964.000,2916.000,8.395,8.290,8.410,8.290,15.300,15.300,15.300,15.300,true,true,true,true,true,true,false,false,true,true,false,false,0.00,0.01,0.00,0.03,--.--,0.00,0.08,0.08,9223372036854775808,0,--.--,--.--,--.--,--.--,--.--,0,0,0,0,44.5841652,8.9405430,32TMQ 95280 36759,0.0,0.0,355.8,3,15,--.--,--.--,,--.--,--.--,--.--,0,0,--.--,--.--,0,534.5,-132.5,-120.0,5.0,-0.4,0.0,534.4,-132.5,-120.0,4.9,-0.4,0.0,--.--,--.--,--.--,--.--,-0.1,-0.4,355.6,-0.1,1.0,-0.1,0.00,--.--,--.--,0,0,0.0,0.0,0.0,0,0,0,--.--,--.--,--.--
2025-10-30 11:52:42.834,-0.2,-0.9,355,0.0,1.3,0.0,5.0,0.0,0.000,-0.0,120.0,97.7,-249.3,120.005,0.000,0.000,0.000,633.2,00:03:03,555.5,111.1,4,355,0,166,--.--,0000:00:00,48,0,0,1,1,15.30,-1.00,0,--.--,61,--.--,--:--:--,1,-15.30,11:52:42,10:52:42,10/30/25,--.--,--.--,--.--,--.--,--.--,--.--,--.--,--.--,--.--,--.--,--.--,--.--,0,--.--,--.--,--.--,--.--,--.--,--.--,--.--,--.--,--.--,--.--,--.--,--.--,--.--,--.--,--.--,--.--,0,2958.000,2916.000,2958.000,2922.000,8.395,8.290,8.395,8.305,15.300,15.300,15.300,15.300,true,true,true,true,true,true,false,false,true,true,false,false,0.01,0.01,0.00,0.04,--.--,0.00,0.08,0.08,9223372036854775808,0,--.--,--.--,--.--,--.--,--.--,0,0,0,0,44.5842093,8.9405384,32TMQ 95279 36764,0.0,0.0,355.6,3,15,--.--,--.--,,--.--,--.--,--.--,0,0,--.--,--.--,0,539.3,-132.9,-120.0,5.0,-0.4,0.0,539.4,-132.9,-120.0,5.0,-0.4,0.0,--.--,--.--,--.--,--.--,-0.2,-0.7,355.6,-0.1,1.6,0.0,0.00,--.--,--.--,0,0,0.0,0.0,0.0,0,0,0,--.--,--.--,--.--
2025-10-30 11:52:43.835,-0.0,-0.6,355,0.2,1.1,0.0,5.0,0.0,0.000,-0.0,120.0,97.7,-249.3,120.003,0.000,0.000,0.000,637.2,00:03:04,560.5,111.1,4,355,0,166,--.--,0000:00:00,49,0,0,1,1,15.30,-1.00,0,--.--,61,--.--,--:--:--,1,-15.30,11:52:43,10:52:43,10/30/25,--.--,--.--,--.--,--.--,--.--,--.--,--.--,--.--,--.--,--.--,--.--,--.--,0,--.--,--.--,--.--,--.--,--.--,--.--,--.--,--.--,--.--,--.--,--.--,--.--,--.--,--.--,--.--,--.--,0,2964.000,2916.000,2970.000,2916.000,8.410,8.290,8.425,8.290,15.300,15.300,15.300,15.300,true,true,true,true,true,true,false,false,true,true,false,false,0.01,0.01,0.00,0.04,--.--,0.00,0.08,0.08,9223372036854775808,0,--.--,--.--,--.--,--.--,--.--,0,0,0,0,44.5842546,8.9405334,32TMQ 95279 36769,0.0,0.0,355.3,3,15,--.--,--.--,,--.--,--.--,--.--,0,0,--.--,--.--,0,544.4,-133.3,-120.0,5.0,-0.4,0.0,544.4,-133.3,-120.0,5.0,-0.4,0.0,--.--,--.--,--.--,--.--,-0.0,-0.4,355.6,0.2,1.6,0.0,0.00,--.--,--.--,0,0,0.0,0.0,0.0,0,0,0,--.--,--.--,--.--
2025-10-30 11:52:44.833,0.1,-0.4,355,0.0,-0.0,0.1,5.0,0.0,0.000,-0.0,120.0,97.7,-249.3,120.000,0.000,0.000,0.000,643.4,00:03:05,565.4,112.6,4,355,0,166,--.--,0000:00:00,49,0,0,1,1,15.30,-1.00,0,--.--,61,--.--,--:--:--,1,-15.30,11:52:44,10:52:44,10/30/25,--.--,--.--,--.--,--.--,--.--,--.--,--.--,--.--,--.--,--.--,--.--,--.--,0,--.--,--.--,--.--,--.--,--.--,--.--,--.--,--.--,--.--,--.--,--.--,--.--,--.--,--.--,--.--,--.--,0,2952.000,2934.000,2952.000,2928.000,8.380,8.335,8.380,8.320,15.300,15.300,15.300,15.300,true,true,true,true,true,true,false,false,true,true,false,false,0.00,0.02,0.00,0.02,--.--,0.00,0.08,0.08,9223372036854775808,0,--.--,--.--,--.--,--.--,--.--,0,0,0,0,44.5842992,8.9405283,32TMQ 95278 36774,0.0,0.0,355.4,3,15,--.--,--.--,,--.--,--.--,--.--,0,0,--.--,--.--,0,549.4,-133.7,-120.0,5.0,-0.4,0.0,549.4,-133.7,-120.0,4.9,-0.4,0.0,--.--,--.--,--.--,--.--,0.1,-0.2,355.6,0.0,1.2,0.1,0.00,--.--,--.--,0,0,0.0,0.0,0.0,0,0,0,--.--,--.--,--.--
2025-10-30 11:52:45.837,0.0,-0.6,355,-0.2,1.0,0.0,5.0,0.0,0.000,0.0,120.0,97.7,-249.3,119.997,0.000,0.000,0.000,647.6,00:03:07,570.4,114.3,4,355,0,166,--.--,0000:00:00,49,0,0,1,1,15.30,-1.00,0,--.--,61,--.--,--:--:--,1,-15.30,11:52:45,10:52:45,10/30/25,--.--,--.--,--.--,--.--,--.--,--.--,--.--,--.--,--.--,--.--,--.--,--.--,0,--.--,--.--,--.--,--.--,--.--,--.--,--.--,--.--,--.--,--.--,--.--,--.--,--.--,--.--,--.--,--.--,0,2922.000,2958.000,2922.000,2964.000,8.305,8.395,8.305,8.410,15.300,15.300,15.300,15.300,true,true,true,true,true,true,false,false,true,true,false,false,0.00,0.02,0.00,0.02,--.--,0.00,0.08,0.08,9223372036854775808,0,--.--,--.--,--.--,--.--,--.--,0,0,0,0,44.5843443,8.9405234,32TMQ 95278 36779,0.0,0.0,355.7,3,15,--.--,--.--,,--.--,--.--,--.--,0,0,--.--,--.--,0,554.4,-134.1,-120.0,5.0,-0.4,-0.0,554.3,-134.1,-120.0,4.9,-0.4,-0.0,--.--,--.--,--.--,--.--,0.0,-0.4,355.6,-0.2,1.1,-0.1,0.00,--.--,--.--,0,0,0.0,0.0,0.0,0,0,0,--.--,--.--,--.--
2025-10-30 11:52:46.834,-0.2,-0.8,355,-0.2,1.0,-0.1,5.0,0.0,0.000,0.0,120.0,97.7,-249.3,119.995,0.000,0.000,0.000,651.8,00:03:07,575.3,115.3,4,355,0,166,--.--,0000:00:00,49,0,0,1,1,15.30,-1.00,0,--.--,61,--.--,--:--:--,1,-15.30,11:52:46,10:52:46,10/30/25,--.--,--.--,--.--,--.--,--.--,--.--,--.--,--.--,--.--,--.--,--.--,--.--,0,--.--,--.--,--.--,--.--,--.--,--.--,--.--,--.--,--.--,--.--,--.--,--.--,--.--,--.--,--.--,--.--,0,2958.000,2922.000,2964.000,2928.000,8.395,8.305,8.410,8.320,15.300,15.300,15.300,15.300,true,true,true,true,true,true,false,false,true,true,false,false,0.01,0.02,0.01,0.01,--.--,0.00,0.08,0.08,9223372036854775808,0,--.--,--.--,--.--,--.--,--.--,0,0,0,0,44.5843894,8.9405188,32TMQ 95278 36784,0.0,0.0,355.8,3,15,--.--,--.--,,--.--,--.--,--.--,0,0,--.--,--.--,0,559.3,-134.5,-120.0,5.0,-0.4,-0.0,559.3,-134.5,-120.0,5.0,-0.4,-0.0,--.--,--.--,--.--,--.--,-0.2,-0.6,355.6,-0.2,1.4,-0.1,0.00,--.--,--.--,0,0,0.0,0.0,0.0,0,0,0,--.--,--.--,--.--
2025-10-30 11:52:47.833,-0.2,-0.7,355,0.1,0.4,0.0,5.0,0.0,0.000,0.0,120.0,97.7,-249.3,119.995,0.000,0.000,0.000,658.0,00:03:08,580.2,115.6,4,355,0,167,--.--,0000:00:00,49,0,0,1,1,15.30,-1.00,0,--.--,61,--.--,--:--:--,1,-15.30,11:52:47,10:52:47,10/30/25,--.--,--.--,--.--,--.--,--.--,--.--,--.--,--.--,--.--,--.--,--.--,--.--,0,--.--,--.--,--.--,--.--,--.--,--.--,--.--,--.--,--.--,--.--,--.--,--.--,--.--,--.--,--.--,--.--,0,2940.000,2946.000,2940.000,2946.000,8.350,8.365,8.350,8.365,15.300,15.300,15.300,15.300,true,true,true,true,true,true,false,false,true,true,false,false,0.01,0.02,0.01,0.01,--.--,0.00,0.08,0.08,9223372036854775808,0,--.--,--.--,--.--,--.--,--.--,0,0,0,0,44.5844336,8.9405142,32TMQ 95277 36789,0.0,0.0,355.5,3,15,--.--,--.--,,--.--,--.--,--.--,0,0,--.--,--.--,0,564.3,-134.8,-120.0,5.0,-0.4,-0.0,564.2,-134.8,-120.0,4.9,-0.4,-0.0,--.--,--.--,--.--,--.--,-0.2,-0.6,355.6,0.0,1.2,0.0,0.00,--.--,--.--,0,0,0.0,0.0,0.0,0,0,0,--.--,--.--,--.--
2025-10-30 11:52:48.837,0.0,-0.4,355,0.2,0.8,0.1,5.0,0.0,0.000,0.0,120.0,97.7,-249.3,119.997,0.000,0.000,0.000,662.1,00:03:10,585.2,116.6,4,355,0,167,--.--,0000:00:00,49,0,0,1,1,15.30,-1.00,0,--.--,61,--.--,--:--:--,1,-15.30,11:52:48,10:52:48,10/30/25,--.--,--.--,--.--,--.--,--.--,--.--,--.--,--.--,--.--,--.--,--.--,--.--,0,--.--,--.--,--.--,--.--,--.--,--.--,--.--,--.--,--.--,--.--,--.--,--.--,--.--,--.--,--.--,--.--,0,2922.000,2964.000,2922.000,2958.000,8.305,8.410,8.305,8.395,15.300,15.300,15.300,15.300,true,true,true,true,true,true,false,false,true,true,false,false,0.01,0.02,0.00,0.02,--.--,0.00,0.08,0.08,9223372036854775808,0,--.--,--.--,--.--,--.--,--.--,0,0,0,0,44.5844790,8.9405090,32TMQ 95277 36794,0.0,0.0,355.3,3,15,--.--,--.--,,--.--,--.--,--.--,0,0,--.--,--.--,0,569.3,-135.2,-120.0,5.0,-0.4,-0.0,569.3,-135.2,-120.0,4.9,-0.4,-0.0,--.--,--.--,--.--,--.--,0.0,-0.2,355.6,0.2,1.1,0.1,0.00,--.--,--.--,0,0,0.0,0.0,0.0,0,0,0,--.--,--.--,--.--
2025-10-30 11:52:49.837,0.1,-0.4,355,0.0,0.1,0.1,5.0,0.0,0.000,0.0,120.0,97.7,-249.3,120.001,0.000,0.000,0.000,668.3,00:03:11,590.1,118.3,4,355,0,167,--.--,0000:00:00,48,0,0,1,1,15.30,-1.00,0,--.--,61,--.--,--:--:--,1,-15.30,11:52:49,10:52:49,10/30/25,--.--,--.--,--.--,--.--,--.--,--.--,--.--,--.--,--.--,--.--,--.--,--.--,0,--.--,--.--,--.--,--.--,--.--,--.--,--.--,--.--,--.--,--.--,--.--,--.--,--.--,--.--,--.--,--.--,0,2958.000,2922.000,2958.000,2922.000,8.395,8.305,8.395,8.305,15.300,15.300,15.300,15.300,true,true,true,true,true,true,false,false,true,true,false,false,0.01,0.02,0.00,0.02,--.--,0.00,0.08,0.08,9223372036854775808,0,--.--,--.--,--.--,--.--,--.--,0,0,0,0,44.5845241,8.9405039,32TMQ 95277 36799,0.0,0.0,355.5,3,15,--.--,--.--,,--.--,--.--,--.--,0,0,--.--,--.--,0,574.3,-135.6,-120.0,5.0,-0.4,0.0,574.3,-135.6,-120.0,4.9,-0.4,0.0,--.--,--.--,--.--,--.--,0.1,-0.3,355.6,0.0,0.8,0.0,0.00,--.--,--.--,0,0,0.0,0.0,0.0,0,0,0,--.--,--.--,--.--
2025-10-30 11:52:50.834,-0.0,-0.5,355,-0.2,-1.5,0.0,4.9,0.0,0.000,-0.0,120.0,97.7,-249.3,120.005,0.000,0.000,0.000,672.5,00:03:11,595.1,121.2,4,355,0,167,--.--,0000:00:00,48,0,0,1,1,15.30,-1.00,0,--.--,61,--.--,--:--:--,1,-15.30,11:52:50,10:52:50,10/30/25,--.--,--.--,--.--,--.--,--.--,--.--,--.--,--.--,--.--,--.--,--.--,--.--,0,--.--,--.--,--.--,--.--,--.--,--.--,--.--,--.--,--.--,--.--,--.--,--.--,--.--,--.--,--.--,--.--,0,2952.000,2922.000,2952.000,2928.000,8.380,8.305,8.380,8.320,15.300,15.300,15.300,15.300,true,true,true,true,true,true,false,false,true,true,false,false,0.00,0.02,0.00,0.04,--.--,0.00,0.08,0.08,9223372036854775808,0,--.--,--.--,--.--,--.--,--.--,0,0,0,0,44.5845680,8.9404992,32TMQ 95276 36804,0.0,0.0,355.8,3,15,--.--,--.--,,--.--,--.--,--.--,0,0,--.--,--.--,0,579.3,-136.0,-120.0,4.9,-0.4,0.0,579.3,-136.0,-120.0,4.9,-0.4,0.0,--.--,--.--,--.--,--.--,-0.0,-0.5,355.6,-0.2,-0.2,-0.1,0.00,--.--,--.--,0,0,0.0,0.0,0.0,0,0,0,--.--,--.--,--.--
2025-10-30 11:52:51.833,-0.2,-1.3,355,-0.0,-0.0,-0.1,5.0,0.0,0.000,-0.0,120.0,97.7,-249.3,120.007,0.000,0.000,0.000,676.5,00:03:12,599.9,120.7,4,355,0,167,--.--,0000:00:00,49,0,0,1,1,15.30,-1.00,0,--.--,61,--.--,--:--:--,1,-15.30,11:52:51,10:52:51,10/30/25,--.--,--.--,--.--,--.--,--.--,--.--,--.--,--.--,--.--,--.--,--.--,--.--,0,--.--,--.--,--.--,--.--,--.--,--.--,--.--,--.--,--.--,--.--,--.--,--.--,--.--,--.--,--.--,--.--,0,2916.000,2958.000,2922.000,2958.000,8.290,8.395,8.305,8.395,15.300,15.300,15.300,15.300,true,true,true,true,true,true,false,false,true,true,false,false,0.00,0.02,0.00,0.04,--.--,0.00,0.08,0.08,9223372036854775808,0,--.--,--.--,--.--,--.--,--.--,0,0,0,0,44.5846124,8.9404946,32TMQ 95276 36809,0.0,0.0,355.7,3,15,--.--,--.--,,--.--,--.--,--.--,0,0,--.--,--.--,0,584.2,-136.4,-120.0,5.0,-0.4,0.0,584.3,-136.4,-120.0,5.1,-0.4,0.0,--.--,--.--,--.--,--.--,-0.2,-0.7,355.6,-0.0,0.9,-0.1,0.00,--.--,--.--,0,0,0.0,0.0,0.0,0,0,0,--.--,--.--,--.--
2025-10-30 11:52:52.834,-0.1,-0.8,355,0.2,1.3,0.0,5.0,0.0,0.000,-0.0,120.0,97.7,-248.3,120.008,0.000,0.000,0.000,682.8,00:03:13,604.8,119.8,4,355,0,167,--.--,0000:00:00,48,0,0,1,1,15.30,-1.00,0,--.--,61,--.--,--:--:--,1,-15.30,11:52:52,10:52:52,10/30/25,--.--,--.--,--.--,--.--,--.--,--.--,--.--,--.--,--.--,--.--,--.--,--.--,0,--.--,--.--,--.--,--.--,--.--,--.--,--.--,--.--,--.--,--.--,--.--,--.--,--.--,--.--,--.--,--.--,0,2964.000,2922.000,2964.000,2916.000,8.410,8.305,8.410,8.290,15.300,15.300,15.300,15.300,true,true,true,true,true,true,false,false,true,true,false,false,0.00,0.01,0.01,0.03,--.--,0.00,0.08,0.08,9223372036854775808,0,--.--,--.--,--.--,--.--,--.--,0,0,0,0,44.5846578,8.9404897,32TMQ 95275 36814,0.0,0.0,355.4,3,15,--.--,--.--,,--.--,--.--,--.--,0,0,--.--,--.--,0,589.2,-136.7,-120.0,5.0,-0.4,0.0,589.1,-136.8,-120.0,5.0,-0.4,0.0,--.--,--.--,--.--,--.--,-0.1,-0.6,355.6,0.1,1.6,0.1,0.00,--.--,--.--,0,0,0.0,0.0,0.0,0,0,0,--.--,--.--,--.--
2025-10-30 11:52:53.835,0.1,3.0,355,-0.4,24.8,0.2,5.1,0.0,0.000,-0.0,120.0,97.7,-248.3,120.006,0.000,0.000,0.000,687.0,00:03:14,609.9,120.2,4,355,0,167,--.--,0000:00:00,49,0,0,1,1,15.30,-1.00,0,--.--,61,--.--,--:--:--,1,-15.30,11:52:53,10:52:53,10/30/25,--.--,--.--,--.--,--.--,--.--,--.--,--.--,--.--,--.--,--.--,--.--,--.--,0,--.--,--.--,--.--,--.--,--.--,--.--,--.--,--.--,--.--,--.--,--.--,--.--,--.--,--.--,--.--,--.--,0,2946.000,2934.000,2940.000,2928.000,8.365,8.335,8.350,8.320,15.300,15.300,15.300,15.300,true,true,true,true,true,true,false,false,true,true,false,false,0.00,0.01,0.01,0.03,--.--,0.00,0.08,0.08,9223372036854775808,0,--.--,--.--,--.--,--.--,--.--,0,0,0,0,44.5847029,8.9404846,32TMQ 95275 36819,0.0,0.0,355.4,3,15,--.--,--.--,,--.--,--.--,--.--,0,0,--.--,--.--,0,594.2,-137.2,-120.0,5.0,-0.4,0.0,594.2,-137.1,-120.0,4.7,-0.4,0.0,--.--,--.--,--.--,--.--,0.0,4.3,355.6,-0.2,22.3,0.2,0.00,--.--,--.--,0,0,0.0,0.0,0.0,0,0,0,--.--,--.--,--.--
2025-10-30 11:52:54.835,0.0,11.8,355,-0.1,2.5,0.2,3.6,0.0,0.000,-0.0,120.0,97.7,-248.3,120.005,0.000,0.000,0.000,691.0,00:03:15,614.3,169.4,4,355,0,167,--.--,0000:00:00,49,0,0,1,1,15.30,-1.00,0,--.--,61,--.--,--:--:--,1,-15.30,11:52:54,10:52:54,10/30/25,--.--,--.--,--.--,--.--,--.--,--.--,--.--,--.--,--.--,--.--,--.--,--.--,0,--.--,--.--,--.--,--.--,--.--,--.--,--.--,--.--,--.--,--.--,--.--,--.--,--.--,--.--,--.--,--.--,0,2940.000,3018.000,2940.000,3018.000,8.350,8.545,8.350,8.545,15.300,15.300,15.300,15.300,true,true,true,true,true,true,false,false,true,true,false,false,0.02,0.03,0.00,0.04,--.--,0.00,0.08,0.08,9223372036854775808,0,--.--,--.--,--.--,--.--,--.--,0,0,0,0,44.5847452,8.9404800,32TMQ 95275 36824,0.0,0.0,355.6,3,15,--.--,--.--,,--.--,--.--,--.--,0,0,--.--,--.--,0,598.7,-137.5,-120.0,3.3,-0.3,0.0,598.2,-137.5,-120.0,2.8,-0.2,0.0,--.--,--.--,--.--,--.--,0.1,12.0,355.8,-0.0,2.3,0.2,0.00,--.--,--.--,0,0,0.0,0.0,0.0,0,0,0,--.--,--.--,--.--
2025-10-30 11:52:55.834,-0.0,9.0,355,-0.1,-6.3,-0.2,1.9,0.0,0.000,-0.0,120.0,97.7,-248.3,119.995,0.000,0.000,0.000,695.1,00:03:16,616.9,324.0,4,355,0,167,--.--,0000:00:00,49,0,0,1,1,15.30,-1.00,0,--.--,61,--.--,--:--:--,1,-15.30,11:52:55,10:52:55,10/30/25,--.--,--.--,--.--,--.--,--.--,--.--,--.--,--.--,--.--,--.--,--.--,--.--,0,--.--,--.--,--.--,--.--,--.--,--.--,--.--,--.--,--.--,--.--,--.--,--.--,--.--,--.--,--.--,--.--,0,3012.000,2988.000,3012.000,2994.000,8.530,8.470,8.530,8.485,15.300,15.300,15.300,15.300,true,true,true,true,true,true,false,false,true,true,false,false,0.02,0.03,0.00,0.04,--.--,0.00,0.08,0.08,9223372036854775808,0,--.--,--.--,--.--,--.--,--.--,0,0,0,0,44.5847702,8.9404775,32TMQ 95274 36827,0.0,0.0,356.6,3,15,--.--,--.--,,--.--,--.--,--.--,0,0,--.--,--.--,0,601.3,-137.7,-120.0,1.6,-0.1,0.0,600.8,-137.7,-120.0,1.5,-0.1,-0.0,--.--,--.--,--.--,--.--,-0.0,8.6,355.7,0.1,-6.4,-0.6,0.00,--.--,--.--,0,0,0.0,0.0,0.0,0,0,0,--.--,--.--,--.--
2025-10-30 11:52:56.834,14.0,1.6,14,16.9,-3.8,62.7,0.9,0.0,0.000,0.0,120.0,97.7,-248.3,119.968,0.000,0.000,0.000,695.1,00:03:17,617.8,705.1,5,89,0,167,--.--,0000:00:00,51,0,0,1,1,15.30,-1.00,0,--.--,61,--.--,--:--:--,1,-15.30,11:52:56,10:52:56,10/30/25,--.--,--.--,--.--,--.--,--.--,--.--,--.--,--.--,--.--,--.--,--.--,--.--,0,--.--,--.--,--.--,--.--,--.--,--.--,--.--,--.--,--.--,--.--,--.--,--.--,--.--,--.--,--.--,--.--,0,2976.000,2976.000,3006.000,3012.000,8.440,8.440,8.515,8.530,15.300,15.300,15.300,15.300,true,true,true,true,true,true,false,false,true,true,false,false,0.04,0.01,0.00,0.01,--.--,0.00,0.08,0.08,9223372036854775808,0,--.--,--.--,--.--,--.--,--.--,0,0,0,0,44.5847795,8.9404772,32TMQ 95274 36828,0.0,0.0,23.2,3,15,--.--,--.--,,--.--,--.--,--.--,0,0,--.--,--.--,0,602.3,-137.6,-120.0,0.6,0.8,-0.0,602.3,-137.5,-120.0,1.0,1.0,-0.0,--.--,--.--,--.--,--.--,14.6,-2.7,24.2,10.8,-3.4,83.2,0.00,--.--,--.--,0,0,0.0,0.0,0.0,0,0,0,--.--,--.--,--.--
2025-10-30 11:52:57.834,-2.1,-5.8,80,11.1,-16.0,48.8,1.8,0.0,0.000,0.0,120.0,97.7,-248.3,119.951,0.000,0.000,0.000,695.1,00:03:18,617.6,351.0,5,89,0,167,--.--,0000:00:00,49,0,0,1,1,15.30,-1.00,0,--.--,61,--.--,--:--:--,1,-15.30,11:52:57,10:52:57,10/30/25,--.--,--.--,--.--,--.--,--.--,--.--,--.--,--.--,--.--,--.--,--.--,--.--,0,--.--,--.--,--.--,--.--,--.--,--.--,--.--,--.--,--.--,--.--,--.--,--.--,--.--,--.--,--.--,--.--,0,3426.000,3276.000,2784.000,2796.000,9.565,9.190,7.960,7.990,15.300,15.300,15.300,15.300,true,true,true,true,true,true,false,false,true,true,false,false,0.04,0.01,0.00,0.01,--.--,0.00,0.08,0.08,9223372036854775808,0,--.--,--.--,--.--,--.--,--.--,0,0,0,0,44.5847799,8.9404919,32TMQ 95276 36828,0.0,0.0,95.0,3,15,--.--,--.--,,--.--,--.--,--.--,0,0,--.--,--.--,0,602.3,-136.4,-120.0,0.2,1.9,-0.1,602.7,-136.2,-120.0,0.6,2.0,-0.0,--.--,--.--,--.--,--.--,0.3,-6.7,68.5,17.9,-15.0,25.1,0.00,--.--,--.--,0,0,0.0,0.0,0.0,0,0,0,--.--,--.--,--.--
2025-10-30 11:52:58.835,-6.8,-15.7,103,8.5,1.5,-20.2,3.6,0.0,0.000,-0.0,120.0,97.7,-248.3,119.962,0.000,0.000,0.000,699.1,00:03:19,617.0,170.6,5,89,0,167,--.--,0000:00:00,52,0,0,1,1,15.30,-1.00,0,--.--,61,--.--,--:--:--,1,-15.30,11:52:58,10:52:58,10/30/25,--.--,--.--,--.--,--.--,--.--,--.--,--.--,--.--,--.--,--.--,--.--,--.--,0,--.--,--.--,--.--,--.--,--.--,--.--,--.--,--.--,--.--,--.--,--.--,--.--,--.--,--.--,--.--,--.--,0,2730.000,2622.000,3336.000,3318.000,7.825,7.555,9.340,9.295,15.300,15.300,15.300,15.300,true,true,true,true,true,true,false,false,true,true,false,false,0.16,0.01,0.01,0.01,--.--,0.00,0.08,0.08,9223372036854775808,0,--.--,--.--,--.--,--.--,--.--,0,0,0,0,44.5847807,8.9405228,32TMQ 95278 36828,0.0,0.0,84.4,3,15,--.--,--.--,,--.--,--.--,--.--,0,0,--.--,--.--,0,602.3,-133.5,-120.0,0.4,4.1,0.0,602.8,-133.5,-120.0,0.5,4.2,-0.0,--.--,--.--,--.--,--.--,-1.9,-16.6,89.1,9.7,-0.1,-39.9,0.00,--.--,--.--,0,0,0.0,0.0,0.0,0,0,0,--.--,--.--,--.--
2025-10-30 11:52:59.833,2.3,-0.1,82,1.0,2.8,-1.7,5.1,0.0,0.000,0.0,120.0,97.7,-248.3,119.964,0.000,0.000,0.000,703.3,00:03:20,616.4,120.4,5,89,0,168,--.--,0000:00:00,49,0,0,1,1,15.30,-1.00,0,--.--,61,--.--,--:--:--,1,-15.30,11:52:59,10:52:59,10/30/25,--.--,--.--,--.--,--.--,--.--,--.--,--.--,--.--,--.--,--.--,--.--,--.--,0,--.--,--.--,--.--,--.--,--.--,--.--,--.--,--.--,--.--,--.--,--.--,--.--,--.--,--.--,--.--,--.--,0,2916.000,2934.000,3348.000,3396.000,8.290,8.335,9.370,9.490,15.300,15.300,15.300,15.300,true,true,true,true,true,true,false,false,true,true,false,false,0.16,0.01,0.01,0.01,--.--,0.00,0.08,0.08,9223372036854775808,0,--.--,--.--,--.--,--.--,--.--,0,0,0,0,44.5847862,8.9405824,32TMQ 95283 36828,0.0,0.0,83.3,3,15,--.--,--.--,,--.--,--.--,--.--,0,0,--.--,--.--,0,602.8,-128.9,-120.0,0.3,5.1,-0.1,602.8,-128.8,-120.0,0.1,5.0,-0.0,--.--,--.--,--.--,--.--,1.4,-0.4,89.4,-5.6,4.6,19.2,0.00,--.--,--.--,0,0,0.0,0.0,0.0,0,0,0,--.--,--.--,--.--
2025-10-30 11:53:00.838,3.3,3.9,90,0.6,0.5,5.7,5.0,0.0,0.000,0.1,120.0,97.7,-248.3,119.979,0.000,0.000,0.000,709.5,00:03:21,615.7,123.1,5,89,0,168,--.--,0000:00:00,49,0,0,1,1,15.30,-1.00,0,--.--,61,--.--,--:--:--,1,-15.30,11:53:00,10:53:00,10/30/25,--.--,--.--,--.--,--.--,--.--,--.--,--.--,--.--,--.--,--.--,--.--,--.--,0,--.--,--.--,--.--,--.--,--.--,--.--,--.--,--.--,--.--,--.--,--.--,--.--,--.--,--.--,--.--,--.--,0,3264.000,3240.000,2694.000,2682.000,9.160,9.100,7.735,7.705,15.300,15.300,15.300,15.300,true,true,true,true,true,true,false,false,true,true,false,false,0.21,0.01,0.00,0.03,--.--,0.00,0.08,0.08,9223372036854775808,0,--.--,--.--,--.--,--.--,--.--,0,0,0,0,44.5847903,8.9406512,32TMQ 95288 36829,0.0,0.0,87.3,3,15,--.--,--.--,,--.--,--.--,--.--,0,0,--.--,--.--,0,603.3,-123.2,-120.0,0.0,4.9,-0.1,602.9,-123.7,-120.0,-0.3,4.5,-0.0,--.--,--.--,--.--,--.--,3.8,4.7,89.7,3.9,2.4,-0.5,0.00,--.--,--.--,0,0,0.0,0.0,0.0,0,0,0,--.--,--.--,--.--
2025-10-30 11:53:01.835,1.4,1.1,89,-3.6,-5.9,-3.6,4.6,0.0,0.000,0.0,120.0,97.7,-248.3,120.012,0.000,0.000,0.000,713.6,00:03:22,614.8,133.8,5,89,0,169,--.--,0000:00:00,48,0,0,1,1,15.30,-1.00,0,--.--,61,--.--,--:--:--,1,-15.30,11:53:01,10:53:01,10/30/25,--.--,--.--,--.--,--.--,--.--,--.--,--.--,--.--,--.--,--.--,--.--,--.--,0,--.--,--.--,--.--,--.--,--.--,--.--,--.--,--.--,--.--,--.--,--.--,--.--,--.--,--.--,--.--,--.--,0,2772.000,2814.000,3078.000,3120.000,7.930,8.035,8.695,8.800,15.300,15.300,15.300,15.300,true,true,true,true,true,true,false,false,true,true,false,false,0.21,0.01,0.00,0.03,--.--,0.00,0.08,0.08,9223372036854775808,0,--.--,--.--,--.--,--.--,--.--,0,0,0,0,44.5847901,8.9407135,32TMQ 95293 36829,0.0,0.0,93.6,3,15,--.--,--.--,,--.--,--.--,--.--,0,0,--.--,--.--,0,603.3,-118.4,-120.0,-0.3,4.6,-0.0,602.9,-118.8,-120.0,-0.3,4.6,0.0,--.--,--.--,--.--,--.--,1.1,1.5,89.8,-4.4,-0.7,-1.0,0.00,--.--,--.--,0,0,0.0,0.0,0.0,0,0,0,--.--,--.--,--.--
2025-10-30 11:53:02.836,-2.0,-3.8,88,-2.2,-3.5,1.1,4.6,0.0,0.000,-0.0,120.0,97.8,-256.2,120.023,0.000,0.000,0.000,717.7,00:03:23,613.6,132.9,5,89,0,169,--.--,0000:00:00,49,0,0,1,1,15.30,-1.00,0,--.--,61,--.--,--:--:--,1,-15.30,11:53:02,10:53:02,10/30/25,--.--,--.--,--.--,--.--,--.--,--.--,--.--,--.--,--.--,--.--,--.--,--.--,0,--.--,--.--,--.--,--.--,--.--,--.--,--.--,--.--,--.--,--.--,--.--,--.--,--.--,--.--,--.--,--.--,0,2976.000,2964.000,2880.000,2868.000,8.440,8.410,8.200,8.170,15.300,15.300,15.300,15.300,true,true,true,true,true,true,false,false,true,true,false,false,0.03,0.01,0.00,0.04,--.--,0.00,0.08,0.08,9223372036854775808,0,--.--,--.--,--.--,--.--,--.--,0,0,0,0,44.5847866,8.9407690,32TMQ 95298 36828,0.0,0.0,95.0,3,15,--.--,--.--,,--.--,--.--,--.--,0,0,--.--,--.--,0,602.9,-113.9,-120.0,-0.2,4.7,0.0,603.0,-113.8,-120.0,0.1,5.1,0.0,--.--,--.--,--.--,--.--,-2.2,-3.9,89.5,-2.4,-2.9,2.2,0.00,--.--,--.--,0,0,0.0,0.0,0.0,0,0,0,--.--,--.--,--.--
2025-10-30 11:53:03.835,-2.1,-2.2,89,1.6,2.4,0.3,4.9,0.0,0.000,-0.0,120.0,97.8,-256.2,120.014,0.000,0.000,0.000,723.9,00:03:24,612.6,123.9,5,89,0,170,--.--,0000:00:00,49,0,0,1,1,15.30,-1.00,0,--.--,61,--.--,--:--:--,1,-15.30,11:53:03,10:53:03,10/30/25,--.--,--.--,--.--,--.--,--.--,--.--,--.--,--.--,--.--,--.--,--.--,--.--,0,--.--,--.--,--.--,--.--,--.--,--.--,--.--,--.--,--.--,--.--,--.--,--.--,--.--,--.--,--.--,--.--,0,2976.000,2928.000,2982.000,2922.000,8.440,8.320,8.455,8.305,15.300,15.300,15.300,15.300,true,true,true,true,true,true,false,false,true,true,false,false,0.03,0.01,0.00,0.04,--.--,0.00,0.08,0.08,9223372036854775808,0,--.--,--.--,--.--,--.--,--.--,0,0,0,0,44.5847848,8.9408260,32TMQ 95302 36828,0.0,0.0,89.6,3,15,--.--,--.--,,--.--,--.--,--.--,0,0,--.--,--.--,0,602.8,-109.4,-120.0,0.1,5.0,0.0,603.0,-109.4,-120.0,0.3,5.0,0.0,--.--,--.--,--.--,--.--,-2.1,-2.3,89.2,1.4,4.2,0.2,0.00,--.--,--.--,0,0,0.0,0.0,0.0,0,0,0,--.--,--.--,--.--
2025-10-30 11:53:04.834,0.3,-1.2,89,2.6,0.8,0.3,5.0,0.0,0.000,-0.0,120.0,97.8,-256.2,120.006,0.000,0.000,0.000,728.0,00:03:25,612.0,121.6,5,89,0,170,--.--,0000:00:00,49,0,0,1,1,15.30,-1.00,0,--.--,61,--.--,--:--:--,1,-15.30,11:53:04,10:53:04,10/30/25,--.--,--.--,--.--,--.--,--.--,--.--,--.--,--.--,--.--,--.--,--.--,--.--,0,--.--,--.--,--.--,--.--,--.--,--.--,--.--,--.--,--.--,--.--,--.--,--.--,--.--,--.--,--.--,--.--,0,2934.000,2958.000,2946.000,2964.000,8.335,8.395,8.365,8.410,15.300,15.300,15.300,15.300,true,true,true,true,true,true,false,false,true,true,false,false,0.04,0.01,0.00,0.03,--.--,0.00,0.08,0.08,9223372036854775808,0,--.--,--.--,--.--,--.--,--.--,0,0,0,0,44.5847869,8.9408889,32TMQ 95307 36828,0.0,0.0,86.0,3,15,--.--,--.--,,--.--,--.--,--.--,0,0,--.--,--.--,0,603.0,-104.5,-120.0,0.3,5.0,0.0,603.1,-104.4,-120.0,0.2,5.1,0.0,--.--,--.--,--.--,--.--,0.4,-0.5,89.3,2.5,5.0,0.7,0.00,--.--,--.--,0,0,0.0,0.0,0.0,0,0,0,--.--,--.--,--.--
2025-10-30 11:53:05.834,1.9,-0.4,89,0.5,0.7,0.4,5.1,0.0,0.000,0.0,120.0,97.7,-256.3,120.002,0.000,0.000,0.000,732.1,00:03:26,611.4,120.1,5,89,0,171,--.--,0000:00:00,49,0,0,1,1,15.30,-1.00,0,--.--,61,--.--,--:--:--,1,-15.30,11:53:05,10:53:05,10/30/25,--.--,--.--,--.--,--.--,--.--,--.--,--.--,--.--,--.--,--.--,--.--,--.--,0,--.--,--.--,--.--,--.--,--.--,--.--,--.--,--.--,--.--,--.--,--.--,--.--,--.--,--.--,--.--,--.--,0,2976.000,2922.000,2970.000,2916.000,8.440,8.305,8.425,8.290,15.300,15.300,15.300,15.300,true,true,true,true,true,true,false,false,true,true,false,false,0.04,0.01,0.00,0.03,--.--,0.00,0.08,0.08,9223372036854775808,0,--.--,--.--,--.--,--.--,--.--,0,0,0,0,44.5847898,8.9409521,32TMQ 95312 36829,0.0,0.0,87.2,3,15,--.--,--.--,,--.--,--.--,--.--,0,0,--.--,--.--,0,603.3,-99.5,-120.0,0.1,5.1,-0.0,603.1,-99.4,-120.0,-0.1,5.0,0.0,--.--,--.--,--.--,--.--,1.9,-0.6,89.6,0.7,2.2,0.3,0.00,--.--,--.--,0,0,0.0,0.0,0.0,0,0,0,--.--,--.--,--.--
2025-10-30 11:53:06.839,1.0,-0.1,89,-1.7,-0.1,-0.1,5.0,0.0,0.000,0.0,120.0,97.7,-256.3,120.000,0.000,0.000,0.000,738.2,00:03:28,610.7,121.7,5,89,0,171,--.--,0000:00:00,49,0,0,1,1,15.30,-1.00,0,--.--,61,--.--,--:--:--,1,-15.30,11:53:06,10:53:06,10/30/25,--.--,--.--,--.--,--.--,--.--,--.--,--.--,--.--,--.--,--.--,--.--,--.--,0,--.--,--.--,--.--,--.--,--.--,--.--,--.--,--.--,--.--,--.--,--.--,--.--,--.--,--.--,--.--,--.--,0,2904.000,2976.000,2910.000,2988.000,8.260,8.440,8.275,8.470,15.300,15.300,15.300,15.300,true,true,true,true,true,true,false,false,true,true,false,false,0.04,0.01,0.00,0.01,--.--,0.00,0.08,0.08,9223372036854775808,0,--.--,--.--,--.--,--.--,--.--,0,0,0,0,44.5847907,8.9410166,32TMQ 95317 36829,0.0,0.0,90.7,3,15,--.--,--.--,,--.--,--.--,--.--,0,0,--.--,--.--,0,603.4,-94.4,-120.0,-0.1,5.0,-0.0,603.2,-94.4,-120.0,-0.1,4.9,0.0,--.--,--.--,--.--,--.--,1.0,0.0,89.7,-1.5,0.4,-0.1,0.00,--.--,--.--,0,0,0.0,0.0,0.0,0,0,0,--.--,--.--,--.--
2025-10-30 11:53:07.835,-0.7,-0.3,89,-1.6,-1.7,-0.4,4.9,0.0,0.000,0.0,120.0,97.7,-256.3,119.999,0.000,0.000,0.000,742.3,00:03:28,609.8,124.1,5,89,0,172,--.--,0000:00:00,49,0,0,1,1,15.30,-1.00,0,--.--,61,--.--,--:--:--,1,-15.30,11:53:07,10:53:07,10/30/25,--.--,--.--,--.--,--.--,--.--,--.--,--.--,--.--,--.--,--.--,--.--,--.--,0,--.--,--.--,--.--,--.--,--.--,--.--,--.--,--.--,--.--,--.--,--.--,--.--,--.--,--.--,--.--,--.--,0,2916.000,2958.000,2928.000,2964.000,8.290,8.395,8.320,8.410,15.300,15.300,15.300,15.300,true,true,true,true,true,true,false,false,true,true,false,false,0.04,0.01,0.00,0.01,--.--,0.00,0.08,0.08,9223372036854775808,0,--.--,--.--,--.--,--.--,--.--,0,0,0,0,44.5847893,8.9410797,32TMQ 95322 36829,0.0,0.0,92.3,3,15,--.--,--.--,,--.--,--.--,--.--,0,0,--.--,--.--,0,603.2,-89.4,-120.0,-0.1,4.9,-0.0,603.2,-89.5,-120.0,0.0,4.9,-0.0,--.--,--.--,--.--,--.--,-0.9,-0.2,89.5,-1.6,-0.9,-0.3,0.00,--.--,--.--,0,0,0.0,0.0,0.0,0,0,0,--.--,--.--,--.--
2025-10-30 11:53:08.835,-1.4,-1.7,89,0.2,2.6,-0.2,5.0,0.0,0.000,0.0,120.0,97.7,-257.3,119.998,0.000,0.000,0.000,748.4,00:03:29,609.0,122.7,5,89,0,172,--.--,0000:00:00,49,0,0,1,1,15.30,-1.00,0,--.--,61,--.--,--:--:--,1,-15.30,11:53:08,10:53:08,10/30/25,--.--,--.--,--.--,--.--,--.--,--.--,--.--,--.--,--.--,--.--,--.--,--.--,0,--.--,--.--,--.--,--.--,--.--,--.--,--.--,--.--,--.--,--.--,--.--,--.--,--.--,--.--,--.--,--.--,0,2958.000,2928.000,2958.000,2922.000,8.395,8.320,8.395,8.305,15.300,15.300,15.300,15.300,true,true,true,true,true,true,false,false,true,true,false,false,0.04,0.01,0.00,0.02,--.--,0.00,0.08,0.08,9223372036854775808,0,--.--,--.--,--.--,--.--,--.--,0,0,0,0,44.5847881,8.9411404,32TMQ 95327 36828,0.0,0.0,90.4,3,15,--.--,--.--,,--.--,--.--,--.--,0,0,--.--,--.--,0,603.1,-84.6,-120.0,0.1,5.0,-0.0,603.3,-84.6,-120.0,0.2,5.0,-0.0,--.--,--.--,--.--,--.--,-1.4,-1.8,89.2,0.1,2.8,0.0,0.00,--.--,--.--,0,0,0.0,0.0,0.0,0,0,0,--.--,--.--,--.--
2025-10-30 11:53:09.834,-0.3,-0.8,89,1.3,0.4,0.3,5.0,0.0,0.000,0.0,120.0,97.7,-257.3,119.999,0.000,0.000,0.000,752.5,00:03:30,608.4,120.6,5,89,0,172,--.--,0000:00:00,49,0,0,1,1,15.30,-1.00,0,--.--,61,--.--,--:--:--,1,-15.30,11:53:09,10:53:09,10/30/25,--.--,--.--,--.--,--.--,--.--,--.--,--.--,--.--,--.--,--.--,--.--,--.--,0,--.--,--.--,--.--,--.--,--.--,--.--,--.--,--.--,--.--,--.--,--.--,--.--,--.--,--.--,--.--,--.--,0,2952.000,2946.000,2946.000,2934.000,8.380,8.365,8.365,8.335,15.300,15.300,15.300,15.300,true,true,true,true,true,true,false,false,true,true,false,false,0.04,0.01,0.00,0.02,--.--,0.00,0.08,0.08,9223372036854775808,0,--.--,--.--,--.--,--.--,--.--,0,0,0,0,44.5847889,8.9412038,32TMQ 95332 36829,0.0,0.0,87.9,3,15,--.--,--.--,,--.--,--.--,--.--,0,0,--.--,--.--,0,603.2,-79.6,-120.0,0.2,5.0,-0.0,603.3,-79.6,-120.0,0.2,5.0,0.0,--.--,--.--,--.--,--.--,-0.3,-0.6,89.2,1.2,1.6,0.4,0.00,--.--,--.--,0,0,0.0,0.0,0.0,0,0,0,--.--,--.--,--.--
2025-10-30 11:53:10.836,0.9,-0.3,89,0.7,0.2,0.4,5.0,0.0,0.000,-0.0,120.0,97.7,-257.3,120.001,0.000,0.000,0.000,758.6,00:03:31,608.0,120.8,5,89,0,173,--.--,0000:00:00,49,0,0,1,1,15.30,-1.00,0,--.--,61,--.--,--:--:--,1,-15.30,11:53:10,10:53:10,10/30/25,--.--,--.--,--.--,--.--,--.--,--.--,--.--,--.--,--.--,--.--,--.--,--.--,0,--.--,--.--,--.--,--.--,--.--,--.--,--.--,--.--,--.--,--.--,--.--,--.--,--.--,--.--,--.--,--.--,0,2922.000,2964.000,2916.000,2958.000,8.305,8.410,8.290,8.395,15.300,15.300,15.300,15.300,true,true,true,true,true,true,false,false,true,true,false,false,0.01,0.00,0.00,0.10,--.--,0.00,0.08,0.08,9223372036854775808,0,--.--,--.--,--.--,--.--,--.--,0,0,0,0,44.5847908,8.9412681,32TMQ 95337 36829,0.0,0.0,87.7,3,15,--.--,--.--,,--.--,--.--,--.--,0,0,--.--,--.--,0,603.4,-74.5,-120.0,0.1,5.0,0.0,603.4,-74.6,-120.0,0.0,5.0,0.0,--.--,--.--,--.--,--.--,0.9,-0.6,89.5,0.8,1.3,0.3,0.00,--.--,--.--,0,0,0.0,0.0,0.0,0,0,0,--.--,--.--,--.--
2025-10-30 11:53:11.836,0.8,-0.4,89,-0.6,-0.6,0.2,5.0,0.0,0.000,-0.0,120.0,97.7,-257.3,120.004,0.000,0.000,0.000,762.7,00:03:32,607.5,121.9,5,89,0,173,--.--,0000:00:00,48,0,0,1,1,15.30,-1.00,0,--.--,61,--.--,--:--:--,1,-15.30,11:53:11,10:53:11,10/30/25,--.--,--.--,--.--,--.--,--.--,--.--,--.--,--.--,--.--,--.--,--.--,--.--,0,--.--,--.--,--.--,--.--,--.--,--.--,--.--,--.--,--.--,--.--,--.--,--.--,--.--,--.--,--.--,--.--,0,2910.000,2964.000,2916.000,2970.000,8.275,8.410,8.290,8.425,15.300,15.300,15.300,15.300,true,true,true,true,true,true,false,false,true,true,false,false,0.01,0.00,0.00,0.10,--.--,0.00,0.08,0.08,9223372036854775808,0,--.--,--.--,--.--,--.--,--.--,0,0,0,0,44.5847920,8.9413306,32TMQ 95342 36829,0.0,0.0,89.5,3,15,--.--,--.--,,--.--,--.--,--.--,0,0,--.--,--.--,0,603.5,-69.5,-120.0,0.0,5.0,0.0,603.4,-69.6,-120.0,-0.0,4.9,0.0,--.--,--.--,--.--,--.--,0.8,-0.6,89.7,-0.5,0.9,0.0,0.00,--.--,--.--,0,0,0.0,0.0,0.0,0,0,0,--.--,--.--,--.--
2025-10-30 11:53:12.835,-0.1,-0.6,89,-0.9,-0.9,-0.4,5.0,0.0,0.000,-0.0,120.0,97.7,-257.3,120.005,0.000,0.000,0.000,768.9,00:03:33,607.0,122.3,5,89,0,174,--.--,0000:00:00,48,0,0,1,1,15.30,-1.00,0,--.--,61,--.--,--:--:--,1,-15.30,11:53:12,10:53:12,10/30/25,--.--,--.--,--.--,--.--,--.--,--.--,--.--,--.--,--.--,--.--,--.--,--.--,0,--.--,--.--,--.--,--.--,--.--,--.--,--.--,--.--,--.--,--.--,--.--,--.--,--.--,--.--,--.--,--.--,0,2934.000,2934.000,2940.000,2946.000,8.335,8.335,8.350,8.365,15.300,15.300,15.300,15.300,true,true,true,true,true,true,false,false,true,true,false,false,0.00,0.01,0.00,0.04,--.--,0.00,0.08,0.08,9223372036854775808,0,--.--,--.--,--.--,--.--,--.--,0,0,0,0,44.5847918,8.9413938,32TMQ 95347 36829,0.0,0.0,90.8,3,15,--.--,--.--,,--.--,--.--,--.--,0,0,--.--,--.--,0,603.5,-64.6,-120.0,-0.0,5.0,0.0,603.5,-64.6,-120.0,0.0,4.9,0.0,--.--,--.--,--.--,--.--,-0.1,-1.0,89.6,-0.9,-2.4,-0.5,0.00,--.--,--.--,0,0,0.0,0.0,0.0,0,0,0,--.--,--.--,--.--
2025-10-30 11:53:13.838,-0.7,7.6,89,-0.4,18.4,-0.6,4.9,0.0,0.000,-0.0,120.0,97.7,-257.3,120.006,0.000,0.000,0.000,773.1,00:03:35,606.4,124.4,5,89,0,174,--.--,0000:00:00,49,0,0,1,1,15.30,-1.00,0,--.--,61,--.--,--:--:--,1,-15.30,11:53:13,10:53:13,10/30/25,--.--,--.--,--.--,--.--,--.--,--.--,--.--,--.--,--.--,--.--,--.--,--.--,0,--.--,--.--,--.--,--.--,--.--,--.--,--.--,--.--,--.--,--.--,--.--,--.--,--.--,--.--,--.--,--.--,0,2910.000,2958.000,2922.000,2970.000,8.275,8.395,8.305,8.425,15.300,15.300,15.300,15.300,true,true,true,true,true,true,false,false,true,true,false,false,0.00,0.01,0.00,0.04,--.--,0.00,0.08,0.08,9223372036854775808,0,--.--,--.--,--.--,--.--,--.--,0,0,0,0,44.5847912,8.9414556,32TMQ 95352 36829,0.0,0.0,90.3,3,15,--.--,--.--,,--.--,--.--,--.--,0,0,--.--,--.--,0,603.5,-59.6,-120.0,0.0,4.7,0.0,603.5,-59.7,-120.0,0.1,4.4,0.0,--.--,--.--,--.--,--.--,-0.8,9.0,89.2,-0.6,24.8,-0.4,0.00,--.--,--.--,0,0,0.0,0.0,0.0,0,0,0,--.--,--.--,--.--
2025-10-30 11:53:14.838,-0.6,11.2,88,0.4,0.7,-0.5,3.4,0.0,0.000,-0.0,120.0,97.7,-258.3,120.006,0.000,0.000,0.000,777.2,00:03:35,606.0,180.0,5,89,0,175,--.--,0000:00:00,49,0,0,1,1,15.30,-1.00,0,--.--,61,--.--,--:--:--,1,-15.30,11:53:14,10:53:14,10/30/25,--.--,--.--,--.--,--.--,--.--,--.--,--.--,--.--,--.--,--.--,--.--,--.--,0,--.--,--.--,--.--,--.--,--.--,--.--,--.--,--.--,--.--,--.--,--.--,--.--,--.--,--.--,--.--,--.--,0,2922.000,3012.000,2922.000,3012.000,8.305,8.530,8.305,8.530,15.300,15.300,15.300,15.300,true,true,true,true,true,true,false,false,true,true,false,false,0.10,0.00,0.00,0.04,--.--,0.00,0.08,0.08,9223372036854775808,0,--.--,--.--,--.--,--.--,--.--,0,0,0,0,44.5847913,8.9415111,32TMQ 95357 36829,0.0,0.0,89.2,3,15,--.--,--.--,,--.--,--.--,--.--,0,0,--.--,--.--,0,603.5,-55.5,-120.0,0.1,3.1,0.0,603.6,-56.0,-120.0,0.1,2.6,0.0,--.--,--.--,--.--,--.--,-0.6,11.3,88.6,0.3,2.5,-0.5,0.00,--.--,--.--,0,0,0.0,0.0,0.0,0,0,0,--.--,--.--,--.--
2025-10-30 11:53:15.836,-0.2,8.1,88,0.5,-6.4,-0.0,1.7,0.0,0.000,-0.0,120.0,97.7,-258.3,119.998,0.000,0.000,0.000,779.2,00:03:36,605.9,350.4,5,89,0,175,--.--,0000:00:00,49,0,0,1,1,15.30,-1.00,0,--.--,61,--.--,--:--:--,1,-15.30,11:53:15,10:53:15,10/30/25,--.--,--.--,--.--,--.--,--.--,--.--,--.--,--.--,--.--,--.--,--.--,--.--,0,--.--,--.--,--.--,--.--,--.--,--.--,--.--,--.--,--.--,--.--,--.--,--.--,--.--,--.--,--.--,--.--,0,2976.000,3012.000,2976.000,3012.000,8.440,8.530,8.440,8.530,15.300,15.300,15.300,15.300,true,true,true,true,true,true,false,false,true,true,false,false,0.10,0.00,0.00,0.04,--.--,0.00,0.08,0.08,9223372036854775808,0,--.--,--.--,--.--,--.--,--.--,0,0,0,0,44.5847919,8.9415433,32TMQ 95359 36829,0.0,0.0,87.5,3,15,--.--,--.--,,--.--,--.--,--.--,0,0,--.--,--.--,0,603.5,-53.1,-120.0,0.1,1.5,0.0,603.6,-53.6,-120.0,0.1,1.4,-0.0,--.--,--.--,--.--,--.--,-0.2,7.8,88.2,0.3,-4.8,0.4,0.00,--.--,--.--,0,0,0.0,0.0,0.0,0,0,0,--.--,--.--,--.--
2025-10-30 11:53:16.839,3.2,10.7,96,-6.7,8.7,41.2,0.6,0.0,0.000,0.0,120.0,97.7,-258.3,119.973,0.000,0.000,0.000,781.2,00:03:38,605.8,1049.5,6,--.--,0,175,--.--,0000:00:00,50,0,0,1,1,15.30,-1.00,0,--.--,61,--.--,--:--:--,1,-15.30,11:53:16,10:53:16,10/30/25,--.--,--.--,--.--,--.--,--.--,--.--,--.--,--.--,--.--,--.--,--.--,--.--,0,--.--,--.--,--.--,--.--,--.--,--.--,--.--,--.--,--.--,--.--,--.--,--.--,--.--,--.--,--.--,--.--,0,2988.000,3018.000,2952.000,2976.000,8.470,8.545,8.380,8.440,15.300,15.300,15.300,15.300,true,true,true,true,true,true,false,false,true,true,false,false,0.05,0.01,0.01,0.01,--.--,0.00,0.08,0.08,9223372036854775808,0,--.--,--.--,--.--,--.--,--.--,0,0,0,0,44.5847924,8.9415545,32TMQ 95360 36829,0.0,0.0,85.8,3,15,--.--,--.--,,--.--,--.--,--.--,0,0,--.--,--.--,0,603.5,-52.3,-120.0,-0.1,0.3,-0.0,603.6,-52.3,-120.0,-0.1,0.4,-0.0,--.--,--.--,--.--,--.--,3.9,10.9,106.0,-15.3,19.7,72.5,0.00,--.--,--.--,0,0,0.0,0.0,0.0,0,0,0,--.--,--.--,--.--
2025-10-30 11:53:17.843,0.8,-14.4,160,6.2,-17.5,59.8,0.7,0.0,0.000,0.0,120.0,97.7,-258.3,119.967,0.000,0.000,0.000,781.2,00:03:39,605.5,914.8,6,--.--,0,175,--.--,0000:00:00,50,0,0,1,1,15.30,-1.00,0,--.--,61,--.--,--:--:--,1,-15.30,11:53:17,10:53:17,10/30/25,--.--,--.--,--.--,--.--,--.--,--.--,--.--,--.--,--.--,--.--,--.--,--.--,0,--.--,--.--,--.--,--.--,--.--,--.--,--.--,--.--,--.--,--.--,--.--,--.--,--.--,--.--,--.--,--.--,0,3660.000,3696.000,2274.000,2352.000,10.150,10.240,6.685,6.880,15.300,15.300,15.300,15.300,true,true,true,true,true,true,false,false,true,true,false,false,0.05,0.01,0.01,0.01,--.--,0.00,0.08,0.08,9223372036854775808,0,--.--,--.--,--.--,--.--,--.--,0,0,0,0,44.5847911,8.9415513,32TMQ 95360 36829,0.0,0.0,232.0,3,15,--.--,--.--,,--.--,--.--,--.--,0,0,--.--,--.--,0,603.3,-52.5,-120.0,-1.0,-0.0,-0.0,603.1,-52.2,-120.0,-1.4,0.4,-0.0,--.--,--.--,--.--,--.--,3.3,-15.3,151.2,16.2,-17.8,34.4,0.00,--.--,--.--,0,0,0.0,0.0,0.0,0,0,0,--.--,--.--,--.--
2025-10-30 11:53:18.839,-8.0,-13.9,190,10.0,0.4,-14.1,3.2,0.0,0.000,-0.0,120.0,97.7,-258.3,119.955,0.000,0.000,0.000,783.2,00:03:40,603.6,186.9,6,--.--,0,175,--.--,0000:00:00,52,0,0,1,1,15.30,-1.00,0,--.--,62,--.--,--:--:--,1,-15.30,11:53:18,10:53:18,10/30/25,--.--,--.--,--.--,--.--,--.--,--.--,--.--,--.--,--.--,--.--,--.--,--.--,0,--.--,--.--,--.--,--.--,--.--,--.--,--.--,--.--,--.--,--.--,--.--,--.--,--.--,--.--,--.--,--.--,0,2718.000,2610.000,3588.000,3552.000,7.795,7.525,9.970,9.880,15.300,15.300,15.300,15.300,true,true,true,true,true,true,false,false,true,true,false,false,0.20,0.02,0.00,0.03,--.--,0.00,0.08,0.08,9223372036854775808,0,--.--,--.--,--.--,--.--,--.--,0,0,0,0,44.5847765,8.9415498,32TMQ 95360 36827,0.0,0.0,173.4,3,15,--.--,--.--,,--.--,--.--,--.--,0,0,--.--,--.--,0,601.3,-52.6,-120.0,-3.5,0.6,0.0,601.3,-52.1,-120.0,-3.5,0.8,-0.0,--.--,--.--,--.--,--.--,-2.6,-14.9,175.0,16.2,3.9,-41.3,0.00,--.--,--.--,0,0,0.0,0.0,0.0,0,0,0,--.--,--.--,--.--
2025-10-30 11:53:19.841,1.0,-1.3,168,4.2,22.6,-6.4,5.1,0.0,0.000,0.0,120.0,97.7,-258.3,119.937,0.000,0.000,0.000,787.3,00:03:41,599.1,117.2,6,--.--,0,175,--.--,0000:00:00,50,0,0,1,1,15.30,-1.00,0,--.--,62,--.--,--:--:--,1,-15.30,11:53:19,10:53:19,10/30/25,--.--,--.--,--.--,--.--,--.--,--.--,--.--,--.--,--.--,--.--,--.--,--.--,0,--.--,--.--,--.--,--.--,--.--,--.--,--.--,--.--,--.--,--.--,--.--,--.--,--.--,--.--,--.--,--.--,0,2766.000,2832.000,3546.000,3648.000,7.915,8.080,9.865,10.120,15.300,15.300,15.300,15.300,true,true,true,true,true,true,false,false,true,true,false,false,0.20,0.02,0.00,0.03,--.--,0.00,0.08,0.08,9223372036854775808,0,--.--,--.--,--.--,--.--,--.--,0,0,0,0,44.5847373,8.9415600,32TMQ 95360 36823,0.0,0.0,168.9,3,15,--.--,--.--,,--.--,--.--,--.--,0,0,--.--,--.--,0,596.9,-51.9,-119.9,-5.1,0.8,-0.1,596.9,-51.7,-120.0,-5.0,0.6,-0.1,--.--,--.--,--.--,--.--,-0.3,0.1,175.0,-7.3,23.9,16.6,0.00,--.--,--.--,0,0,0.0,0.0,0.0,0,0,0,--.--,--.--,--.--
2025-10-30 11:53:20.836,3.2,4.9,175,1.8,2.4,7.0,5.1,0.0,0.000,0.1,119.9,97.7,-258.3,119.937,0.000,0.000,0.000,793.5,00:03:41,593.6,117.1,6,--.--,0,175,--.--,0000:00:00,49,0,0,1,1,15.30,-1.00,0,--.--,61,--.--,--:--:--,1,-15.30,11:53:20,10:53:20,10/30/25,--.--,--.--,--.--,--.--,--.--,--.--,--.--,--.--,--.--,--.--,--.--,--.--,0,--.--,--.--,--.--,--.--,--.--,--.--,--.--,--.--,--.--,--.--,--.--,--.--,--.--,--.--,--.--,--.--,0,3324.000,3390.000,2628.000,2712.000,9.310,9.475,7.570,7.780,15.300,15.300,15.300,15.300,true,true,true,true,true,true,false,false,true,true,false,false,0.23,0.00,0.01,0.03,--.--,0.00,0.08,0.08,9223372036854775808,0,--.--,--.--,--.--,--.--,--.--,0,0,0,0,44.5846860,8.9415729,32TMQ 95361 36817,0.0,0.0,171.2,3,15,--.--,--.--,,--.--,--.--,--.--,0,0,--.--,--.--,0,591.4,-51.0,-119.9,-5.0,0.6,-0.1,591.9,-51.3,-120.0,-4.4,0.1,-0.1,--.--,--.--,--.--,--.--,3.9,4.9,175.1,5.2,2.0,1.3,0.00,--.--,--.--,0,0,0.0,0.0,0.0,0,0,0,--.--,--.--,--.--
2025-10-30 11:53:21.845,2.6,2.9,175,-3.1,-5.6,-3.7,4.5,0.0,0.000,0.1,119.9,97.7,-258.3,119.993,0.000,0.000,0.000,797.6,00:03:43,588.4,129.9,6,--.--,0,175,--.--,0000:00:00,48,0,0,1,1,15.30,-1.00,0,--.--,61,--.--,--:--:--,1,-15.30,11:53:21,10:53:21,10/30/25,--.--,--.--,--.--,--.--,--.--,--.--,--.--,--.--,--.--,--.--,--.--,--.--,0,--.--,--.--,--.--,--.--,--.--,--.--,--.--,--.--,--.--,--.--,--.--,--.--,--.--,--.--,--.--,--.--,0,2808.000,2814.000,3120.000,3126.000,8.020,8.035,8.800,8.815,15.300,15.300,15.300,15.300,true,true,true,true,true,true,false,false,true,true,false,false,0.23,0.00,0.01,0.03,--.--,0.00,0.08,0.08,9223372036854775808,0,--.--,--.--,--.--,--.--,--.--,0,0,0,0,44.5846414,8.9415797,32TMQ 95362 36812,0.0,0.0,177.3,3,15,--.--,--.--,,--.--,--.--,--.--,0,0,--.--,--.--,0,586.3,-50.4,-120.0,-4.5,0.1,-0.0,586.9,-50.9,-120.0,-4.4,0.0,0.0,--.--,--.--,--.--,--.--,2.3,2.4,175.1,-3.7,-6.6,-1.5,0.00,--.--,--.--,0,0,0.0,0.0,0.0,0,0,0,--.--,--.--,--.--
2025-10-30 11:53:22.835,-1.2,-3.3,174,-3.2,-6.2,1.4,4.4,0.0,0.000,-0.0,120.0,97.7,-258.3,120.031,0.000,0.000,0.000,801.6,00:03:43,584.1,132.6,6,--.--,0,175,--.--,0000:00:00,48,0,0,1,1,15.30,-1.00,0,--.--,61,--.--,--:--:--,1,-15.30,11:53:22,10:53:22,10/30/25,--.--,--.--,--.--,--.--,--.--,--.--,--.--,--.--,--.--,--.--,--.--,--.--,0,--.--,--.--,--.--,--.--,--.--,--.--,--.--,--.--,--.--,--.--,--.--,--.--,--.--,--.--,--.--,--.--,0,2928.000,2982.000,2832.000,2892.000,8.320,8.455,8.080,8.230,15.300,15.300,15.300,15.300,true,true,true,true,true,true,false,false,true,true,false,false,0.00,0.03,0.00,0.03,--.--,0.00,0.08,0.08,9223372036854775808,0,--.--,--.--,--.--,--.--,--.--,0,0,0,0,44.5846028,8.9415795,32TMQ 95362 36808,0.0,0.0,181.7,3,15,--.--,--.--,,--.--,--.--,--.--,0,0,--.--,--.--,0,581.9,-50.4,-120.0,-4.5,0.1,0.0,581.9,-50.4,-120.0,-5.0,0.4,0.0,--.--,--.--,--.--,--.--,-1.5,-3.0,175.1,-3.3,-4.7,2.7,0.00,--.--,--.--,0,0,0.0,0.0,0.0,0,0,0,--.--,--.--,--.--
2025-10-30 11:53:23.842,-2.5,-3.8,175,0.5,3.5,0.3,4.8,0.0,0.000,-0.0,120.0,97.8,-265.2,120.019,0.000,0.000,0.000,805.6,00:03:45,579.7,119.9,6,--.--,0,175,--.--,0000:00:00,49,0,0,1,1,15.30,-1.00,0,--.--,61,--.--,--:--:--,1,-15.30,11:53:23,10:53:23,10/30/25,--.--,--.--,--.--,--.--,--.--,--.--,--.--,--.--,--.--,--.--,--.--,--.--,0,--.--,--.--,--.--,--.--,--.--,--.--,--.--,--.--,--.--,--.--,--.--,--.--,--.--,--.--,--.--,--.--,0,2934.000,2952.000,2934.000,2946.000,8.335,8.380,8.335,8.365,15.300,15.300,15.300,15.300,true,true,true,true,true,true,false,false,true,true,false,false,0.00,0.03,0.00,0.03,--.--,0.00,0.08,0.08,9223372036854775808,0,--.--,--.--,--.--,--.--,--.--,0,0,0,0,44.5845634,8.9415797,32TMQ 95362 36804,0.0,0.0,177.0,3,15,--.--,--.--,,--.--,--.--,--.--,0,0,--.--,--.--,0,577.5,-50.3,-120.0,-4.9,0.4,0.0,577.3,-50.0,-120.0,-5.1,0.7,0.0,--.--,--.--,--.--,--.--,-2.5,-3.1,175.0,0.4,6.7,0.1,0.00,--.--,--.--,0,0,0.0,0.0,0.0,0,0,0,--.--,--.--,--.--
2025-10-30 11:53:24.842,-0.5,-1.3,174,2.7,0.5,0.0,5.0,0.0,0.000,-0.0,120.0,97.8,-265.2,120.006,0.000,0.000,0.000,811.8,00:03:46,574.9,115.0,6,--.--,0,175,--.--,0000:00:00,49,0,0,1,1,15.30,-1.00,0,--.--,61,--.--,--:--:--,1,-15.30,11:53:24,10:53:24,10/30/25,--.--,--.--,--.--,--.--,--.--,--.--,--.--,--.--,--.--,--.--,--.--,--.--,0,--.--,--.--,--.--,--.--,--.--,--.--,--.--,--.--,--.--,--.--,--.--,--.--,--.--,--.--,--.--,--.--,0,2970.000,2934.000,2988.000,2946.000,8.425,8.335,8.470,8.365,15.300,15.300,15.300,15.300,true,true,true,true,true,true,false,false,true,true,false,false,0.07,0.01,0.00,0.05,--.--,0.00,0.08,0.08,9223372036854775808,0,--.--,--.--,--.--,--.--,--.--,0,0,0,0,44.5845201,8.9415857,32TMQ 95362 36799,0.0,0.0,172.3,3,15,--.--,--.--,,--.--,--.--,--.--,0,0,--.--,--.--,0,572.7,-49.8,-120.0,-5.0,0.6,0.0,572.8,-49.6,-120.0,-5.0,0.6,0.0,--.--,--.--,--.--,--.--,-0.4,-1.1,175.0,2.5,1.7,0.3,0.00,--.--,--.--,0,0,0.0,0.0,0.0,0,0,0,--.--,--.--,--.--
2025-10-30 11:53:25.840,1.7,-0.6,174,1.4,1.7,0.1,5.1,0.0,0.000,0.0,120.0,97.7,-265.3,120.000,0.000,0.000,0.000,816.0,00:03:47,569.9,112.7,6,--.--,0,175,--.--,0000:00:00,49,0,0,1,1,15.30,-1.00,0,--.--,61,--.--,--:--:--,1,-15.30,11:53:25,10:53:25,10/30/25,--.--,--.--,--.--,--.--,--.--,--.--,--.--,--.--,--.--,--.--,--.--,--.--,0,--.--,--.--,--.--,--.--,--.--,--.--,--.--,--.--,--.--,--.--,--.--,--.--,--.--,--.--,--.--,--.--,0,2934.000,2964.000,2934.000,2958.000,8.335,8.410,8.335,8.395,15.300,15.300,15.300,15.300,true,true,true,true,true,true,false,false,true,true,false,false,0.07,0.01,0.00,0.05,--.--,0.00,0.08,0.08,9223372036854775808,0,--.--,--.--,--.--,--.--,--.--,0,0,0,0,44.5844745,8.9415950,32TMQ 95363 36794,0.0,0.0,171.9,3,15,--.--,--.--,,--.--,--.--,--.--,0,0,--.--,--.--,0,567.7,-49.2,-120.0,-5.0,0.6,-0.0,567.7,-49.2,-120.0,-5.0,0.4,0.0,--.--,--.--,--.--,--.--,1.7,-0.3,175.0,1.5,2.7,0.2,0.00,--.--,--.--,0,0,0.0,0.0,0.0,0,0,0,--.--,--.--,--.--
2025-10-30 11:53:26.834,1.6,0.0,175,-1.3,-0.4,0.0,5.0,0.0,0.000,0.0,120.0,97.7,-265.3,119.998,0.000,0.000,0.000,822.1,00:03:47,564.8,112.8,6,--.--,0,175,--.--,0000:00:00,49,0,0,1,1,15.30,-1.00,0,--.--,61,--.--,--:--:--,1,-15.30,11:53:26,10:53:26,10/30/25,--.--,--.--,--.--,--.--,--.--,--.--,--.--,--.--,--.--,--.--,--.--,--.--,0,--.--,--.--,--.--,--.--,--.--,--.--,--.--,--.--,--.--,--.--,--.--,--.--,--.--,--.--,--.--,--.--,0,2928.000,2958.000,2928.000,2964.000,8.320,8.395,8.320,8.410,15.300,15.300,15.300,15.300,true,true,true,true,true,true,false,false,true,true,false,false,0.04,0.01,0.00,0.01,--.--,0.00,0.08,0.08,9223372036854775808,0,--.--,--.--,--.--,--.--,--.--,0,0,0,0,44.5844287,8.9416024,32TMQ 95364 36789,0.0,0.0,175.3,3,15,--.--,--.--,,--.--,--.--,--.--,0,0,--.--,--.--,0,562.6,-48.6,-120.0,-5.0,0.4,-0.0,562.7,-48.8,-120.0,-5.0,0.3,0.0,--.--,--.--,--.--,--.--,1.5,-0.3,175.1,-1.0,1.1,0.1,0.00,--.--,--.--,0,0,0.0,0.0,0.0,0,0,0,--.--,--.--,--.--
2025-10-30 11:53:27.839,-0.2,-0.4,175,-2.0,-1.2,-0.1,4.9,0.0,0.000,0.0,120.0,97.7,-265.3,119.997,0.000,0.000,0.000,826.2,00:03:49,559.8,113.4,6,--.--,0,175,--.--,0000:00:00,49,0,0,1,1,15.30,-1.00,0,--.--,61,--.--,--:--:--,1,-15.30,11:53:27,10:53:27,10/30/25,--.--,--.--,--.--,--.--,--.--,--.--,--.--,--.--,--.--,--.--,--.--,--.--,0,--.--,--.--,--.--,--.--,--.--,--.--,--.--,--.--,--.--,--.--,--.--,--.--,--.--,--.--,--.--,--.--,0,2910.000,2976.000,2910.000,2976.000,8.275,8.440,8.275,8.440,15.300,15.300,15.300,15.300,true,true,true,true,true,true,false,false,true,true,false,false,0.04,0.01,0.00,0.01,--.--,0.00,0.08,0.08,9223372036854775808,0,--.--,--.--,--.--,--.--,--.--,0,0,0,0,44.5843845,8.9416059,32TMQ 95364 36784,0.0,0.0,177.7,3,15,--.--,--.--,,--.--,--.--,--.--,0,0,--.--,--.--,0,557.7,-48.3,-120.0,-4.9,0.3,-0.0,557.8,-48.3,-120.0,-4.9,0.4,-0.0,--.--,--.--,--.--,--.--,-0.4,-0.8,175.1,-1.9,0.2,0.0,0.00,--.--,--.--,0,0,0.0,0.0,0.0,0,0,0,--.--,--.--,--.--
2025-10-30 11:53:28.841,-1.4,-1.1,175,-0.3,-0.2,0.0,4.9,0.0,0.000,0.0,120.0,97.7,-265.3,119.997,0.000,0.000,0.000,832.3,00:03:50,554.9,112.4,6,--.--,0,175,--.--,0000:00:00,49,0,0,1,1,15.30,-1.00,0,--.--,61,--.--,--:--:--,1,-15.30,11:53:28,10:53:28,10/30/25,--.--,--.--,--.--,--.--,--.--,--.--,--.--,--.--,--.--,--.--,--.--,--.--,0,--.--,--.--,--.--,--.--,--.--,--.--,--.--,--.--,--.--,--.--,--.--,--.--,--.--,--.--,--.--,--.--,0,2952.000,2934.000,2952.000,2934.000,8.380,8.335,8.380,8.335,15.300,15.300,15.300,15.300,true,true,true,true,true,true,false,false,true,true,false,false,0.04,0.00,0.00,0.03,--.--,0.00,0.08,0.08,9223372036854775808,0,--.--,--.--,--.--,--.--,--.--,0,0,0,0,44.5843400,8.9416087,32TMQ 95364 36779,0.0,0.0,176.6,3,15,--.--,--.--,,--.--,--.--,--.--,0,0,--.--,--.--,0,552.8,-48.0,-120.0,-4.9,0.4,-0.0,552.8,-47.9,-120.0,-5.0,0.5,-0.0,--.--,--.--,--.--,--.--,-1.4,-1.0,175.0,-0.5,0.3,0.0,0.00,--.--,--.--,0,0,0.0,0.0,0.0,0,0,0,--.--,--.--,--.--
2025-10-30 11:53:29.842,-0.6,-0.9,175,1.3,-0.4,0.0,5.0,0.0,0.000,0.0,120.0,97.7,-258.3,119.998,0.000,0.000,0.000,836.5,00:03:51,549.9,110.2,6,--.--,0,175,--.--,0000:00:00,49,0,0,1,1,15.30,-1.00,0,--.--,61,--.--,--:--:--,1,-15.30,11:53:29,10:53:29,10/30/25,--.--,--.--,--.--,--.--,--.--,--.--,--.--,--.--,--.--,--.--,--.--,--.--,0,--.--,--.--,--.--,--.--,--.--,--.--,--.--,--.--,--.--,--.--,--.--,--.--,--.--,--.--,--.--,--.--,0,2922.000,2964.000,2928.000,2958.000,8.305,8.410,8.320,8.395,15.300,15.300,15.300,15.300,true,true,true,true,true,true,false,false,true,true,false,false,0.04,0.00,0.00,0.03,--.--,0.00,0.08,0.08,9223372036854775808,0,--.--,--.--,--.--,--.--,--.--,0,0,0,0,44.5842961,8.9416138,32TMQ 95365 36774,0.0,0.0,173.9,3,15,--.--,--.--,,--.--,--.--,--.--,0,0,--.--,--.--,0,547.8,-47.6,-120.0,-5.0,0.5,-0.0,547.8,-47.5,-120.0,-5.0,0.6,0.0,--.--,--.--,--.--,--.--,-0.5,-1.2,175.0,1.2,1.1,0.1,0.00,--.--,--.--,0,0,0.0,0.0,0.0,0,0,0,--.--,--.--,--.--
2025-10-30 11:53:30.838,0.7,-0.6,175,1.0,-0.3,0.0,5.0,0.0,0.000,-0.0,120.0,97.7,-258.3,120.002,0.000,0.000,0.000,840.6,00:03:52,544.9,108.8,6,--.--,0,175,--.--,0000:00:00,48,0,0,1,1,15.30,-1.00,0,--.--,61,--.--,--:--:--,1,-15.30,11:53:30,10:53:30,10/30/25,--.--,--.--,--.--,--.--,--.--,--.--,--.--,--.--,--.--,--.--,--.--,--.--,0,--.--,--.--,--.--,--.--,--.--,--.--,--.--,--.--,--.--,--.--,--.--,--.--,--.--,--.--,--.--,--.--,0,2910.000,2976.000,2904.000,2976.000,8.275,8.440,8.260,8.440,15.300,15.300,15.300,15.300,true,true,true,true,true,true,false,false,true,true,false,false,0.01,0.01,0.00,0.01,--.--,0.00,0.08,0.08,9223372036854775808,0,--.--,--.--,--.--,--.--,--.--,0,0,0,0,44.5842509,8.9416212,32TMQ 95365 36769,0.0,0.0,173.1,3,15,--.--,--.--,,--.--,--.--,--.--,0,0,--.--,--.--,0,542.8,-47.1,-120.0,-5.0,0.5,0.0,542.8,-47.0,-120.0,-5.0,0.4,0.0,--.--,--.--,--.--,--.--,0.8,-0.9,175.0,1.1,-1.9,0.0,0.00,--.--,--.--,0,0,0.0,0.0,0.0,0,0,0,--.--,--.--,--.--
2025-10-30 11:53:31.835,1.0,-0.4,175,-0.4,-0.1,0.0,5.0,0.0,0.000,-0.0,120.0,97.7,-258.3,120.004,0.000,0.000,0.000,846.9,00:03:52,539.8,108.2,6,--.--,0,175,--.--,0000:00:00,48,0,0,1,1,15.30,-1.00,0,--.--,61,--.--,--:--:--,1,-15.30,11:53:31,10:53:31,10/30/25,--.--,--.--,--.--,--.--,--.--,--.--,--.--,--.--,--.--,--.--,--.--,--.--,0,--.--,--.--,--.--,--.--,--.--,--.--,--.--,--.--,--.--,--.--,--.--,--.--,--.--,--.--,--.--,--.--,0,2904.000,2970.000,2904.000,2976.000,8.260,8.425,8.260,8.440,15.300,15.300,15.300,15.300,true,true,true,true,true,true,false,false,true,true,false,false,0.01,0.01,0.00,0.01,--.--,0.00,0.08,0.08,9223372036854775808,0,--.--,--.--,--.--,--.--,--.--,0,0,0,0,44.5842055,8.9416282,32TMQ 95366 36764,0.0,0.0,174.6,3,15,--.--,--.--,,--.--,--.--,--.--,0,0,--.--,--.--,0,537.8,-46.5,-120.0,-5.0,0.4,0.0,537.8,-46.6,-120.0,-5.0,0.4,0.0,--.--,--.--,--.--,--.--,1.0,0.2,175.1,-0.3,1.2,-0.0,0.00,--.--,--.--,0,0,0.0,0.0,0.0,0,0,0,--.--,--.--,--.--
2025-10-30 11:53:32.838,0.1,-0.4,175,-1.1,0.0,0.0,5.0,0.0,0.000,-0.0,120.0,97.7,-258.3,120.005,0.000,0.000,0.000,851.0,00:03:54,534.8,107.7,6,--.--,0,175,--.--,0000:00:00,48,0,0,1,1,15.30,-1.00,0,--.--,61,--.--,--:--:--,1,-15.30,11:53:32,10:53:32,10/30/25,--.--,--.--,--.--,--.--,--.--,--.--,--.--,--.--,--.--,--.--,--.--,--.--,0,--.--,--.--,--.--,--.--,--.--,--.--,--.--,--.--,--.--,--.--,--.--,--.--,--.--,--.--,--.--,--.--,0,2964.000,2916.000,2964.000,2916.000,8.410,8.290,8.410,8.290,15.300,15.300,15.300,15.300,true,true,true,true,true,true,false,false,true,true,false,false,0.01,0.01,0.00,0.02,--.--,0.00,0.08,0.08,9223372036854775808,0,--.--,--.--,--.--,--.--,--.--,0,0,0,0,44.5841613,8.9416330,32TMQ 95366 36759,0.0,0.0,176.3,3,15,--.--,--.--,,--.--,--.--,--.--,0,0,--.--,--.--,0,532.8,-46.1,-120.0,-5.0,0.4,0.0,532.9,-46.2,-120.0,-4.9,0.4,0.0,--.--,--.--,--.--,--.--,0.1,0.2,175.1,-1.0,3.8,-0.0,0.00,--.--,--.--,0,0,0.0,0.0,0.0,0,0,0,--.--,--.--,--.--
2025-10-30 11:53:33.835,-0.6,-0.7,175,-0.4,0.0,-0.1,5.0,0.0,0.000,-0.0,120.0,97.7,-258.3,120.005,0.000,0.000,0.000,857.1,00:03:54,529.8,106.6,6,--.--,0,175,--.--,0000:00:00,48,0,0,1,1,15.30,-1.00,0,--.--,61,--.--,--:--:--,1,-15.30,11:53:33,10:53:33,10/30/25,--.--,--.--,--.--,--.--,--.--,--.--,--.--,--.--,--.--,--.--,--.--,--.--,0,--.--,--.--,--.--,--.--,--.--,--.--,--.--,--.--,--.--,--.--,--.--,--.--,--.--,--.--,--.--,--.--,0,2952.000,2922.000,2952.000,2928.000,8.380,8.305,8.380,8.320,15.300,15.300,15.300,15.300,true,true,true,true,true,true,false,false,true,true,false,false,0.01,0.01,0.00,0.02,--.--,0.00,0.08,0.08,9223372036854775808,0,--.--,--.--,--.--,--.--,--.--,0,0,0,0,44.5841162,8.9416370,32TMQ 95366 36754,0.0,0.0,176.1,3,15,--.--,--.--,,--.--,--.--,--.--,0,0,--.--,--.--,0,527.9,-45.8,-120.0,-5.0,0.4,0.0,527.9,-45.8,-120.0,-4.9,0.5,0.0,--.--,--.--,--.--,--.--,-0.6,-0.5,175.0,-0.5,1.0,-0.0,0.00,--.--,--.--,0,0,0.0,0.0,0.0,0,0,0,--.--,--.--,--.--
2025-10-30 11:53:34.839,-0.4,-0.8,175,0.6,1.1,0.0,5.0,0.0,0.000,-0.0,120.0,97.7,-258.3,120.003,0.000,0.000,0.000,861.3,00:03:56,524.9,105.3,6,--.--,0,175,--.--,0000:00:00,49,0,0,1,1,15.30,-1.00,0,--.--,61,--.--,--:--:--,1,-15.30,11:53:34,10:53:34,10/30/25,--.--,--.--,--.--,--.--,--.--,--.--,--.--,--.--,--.--,--.--,--.--,--.--,0,--.--,--.--,--.--,--.--,--.--,--.--,--.--,--.--,--.--,--.--,--.--,--.--,--.--,--.--,--.--,--.--,0,2916.000,2964.000,2916.000,2964.000,8.290,8.410,8.290,8.410,15.300,15.300,15.300,15.300,true,true,true,true,true,true,false,false,true,true,false,false,0.02,0.02,0.00,0.02,--.--,0.00,0.08,0.08,9223372036854775808,0,--.--,--.--,--.--,--.--,--.--,0,0,0,0,44.5840721,8.9416420,32TMQ 95367 36749,0.0,0.0,174.7,3,15,--.--,--.--,,--.--,--.--,--.--,0,0,--.--,--.--,0,522.9,-45.4,-120.0,-5.0,0.5,0.0,522.8,-45.3,-120.0,-5.0,0.5,0.0,--.--,--.--,--.--,--.--,-0.4,-0.6,175.0,0.5,1.4,-0.0,0.00,--.--,--.--,0,0,0.0,0.0,0.0,0,0,0,--.--,--.--,--.--
2025-10-30 11:53:35.833,0.3,-0.6,175,0.6,1.1,0.0,5.0,0.0,0.000,-0.0,120.0,97.7,-261.3,119.999,0.000,0.000,0.000,865.4,00:03:56,519.8,104.1,6,--.--,0,175,--.--,0000:00:00,49,0,0,1,1,15.30,-1.00,0,--.--,61,--.--,--:--:--,1,-15.30,11:53:35,10:53:35,10/30/25,--.--,--.--,--.--,--.--,--.--,--.--,--.--,--.--,--.--,--.--,--.--,--.--,0,--.--,--.--,--.--,--.--,--.--,--.--,--.--,--.--,--.--,--.--,--.--,--.--,--.--,--.--,--.--,--.--,0,2958.000,2922.000,2958.000,2922.000,8.395,8.305,8.395,8.305,15.300,15.300,15.300,15.300,true,true,true,true,true,true,false,false,true,true,false,false,0.02,0.02,0.00,0.02,--.--,0.00,0.08,0.08,9223372036854775808,0,--.--,--.--,--.--,--.--,--.--,0,0,0,0,44.5840269,8.9416484,32TMQ 95367 36744,0.0,0.0,173.9,3,15,--.--,--.--,,--.--,--.--,--.--,0,0,--.--,--.--,0,517.9,-44.9,-120.0,-5.0,0.5,0.0,518.0,-44.9,-120.0,-4.9,0.4,0.0,--.--,--.--,--.--,--.--,0.4,-0.9,175.0,0.7,1.4,-0.0,0.00,--.--,--.--,0,0,0.0,0.0,0.0,0,0,0,--.--,--.--,--.--
2025-10-30 11:53:36.834,0.6,-0.5,175,-0.0,1.3,0.0,5.0,0.0,0.000,0.0,120.0,97.7,-261.3,119.995,0.000,0.000,0.000,871.5,00:03:57,514.8,103.2,6,--.--,0,175,--.--,0000:00:00,49,0,0,1,1,15.30,-1.00,0,--.--,61,--.--,--:--:--,1,-15.30,11:53:36,10:53:36,10/30/25,--.--,--.--,--.--,--.--,--.--,--.--,--.--,--.--,--.--,--.--,--.--,--.--,0,--.--,--.--,--.--,--.--,--.--,--.--,--.--,--.--,--.--,--.--,--.--,--.--,--.--,--.--,--.--,--.--,0,2952.000,2934.000,2946.000,2934.000,8.380,8.335,8.365,8.335,15.300,15.300,15.300,15.300,true,true,true,true,true,true,false,false,true,true,false,false,0.01,0.01,0.01,0.04,--.--,0.00,0.08,0.08,9223372036854775808,0,--.--,--.--,--.--,--.--,--.--,0,0,0,0,44.5839817,8.9416549,32TMQ 95368 36739,0.0,0.0,174.6,3,15,--.--,--.--,,--.--,--.--,--.--,0,0,--.--,--.--,0,512.9,-44.4,-120.0,-5.0,0.4,-0.0,513.0,-44.5,-120.0,-4.9,0.4,-0.0,--.--,--.--,--.--,--.--,0.6,-0.3,175.1,-0.0,1.3,0.0,0.00,--.--,--.--,0,0,0.0,0.0,0.0,0,0,0,--.--,--.--,--.--
2025-10-30 11:53:37.836,0.2,-0.6,175,-0.6,-0.3,0.0,5.0,0.0,0.000,0.0,120.0,97.7,-261.3,119.993,0.000,0.000,0.000,875.6,00:03:58,509.8,102.5,6,--.--,0,175,--.--,0000:00:00,49,0,0,1,1,15.30,-1.00,0,--.--,61,--.--,--:--:--,1,-15.30,11:53:37,10:53:37,10/30/25,--.--,--.--,--.--,--.--,--.--,--.--,--.--,--.--,--.--,--.--,--.--,--.--,0,--.--,--.--,--.--,--.--,--.--,--.--,--.--,--.--,--.--,--.--,--.--,--.--,--.--,--.--,--.--,--.--,0,2928.000,2958.000,2928.000,2958.000,8.320,8.395,8.320,8.395,15.300,15.300,15.300,15.300,true,true,true,true,true,true,false,false,true,true,false,false,0.01,0.01,0.01,0.04,--.--,0.00,0.08,0.08,9223372036854775808,0,--.--,--.--,--.--,--.--,--.--,0,0,0,0,44.5839374,8.9416601,32TMQ 95368 36734,0.0,0.0,175.6,3,15,--.--,--.--,,--.--,--.--,--.--,0,0,--.--,--.--,0,507.9,-44.0,-120.0,-5.0,0.4,-0.0,508.0,-44.0,-120.0,-4.9,0.4,-0.0,--.--,--.--,--.--,--.--,0.2,-0.4,175.1,-0.6,0.6,0.0,0.00,--.--,--.--,0,0,0.0,0.0,0.0,0,0,0,--.--,--.--,--.--
2025-10-30 11:53:38.834,-0.3,-0.7,175,-0.4,-1.0,0.0,4.9,0.0,0.000,0.0,120.0,97.7,-261.3,119.993,0.000,0.000,0.000,881.8,00:03:59,504.8,102.7,6,--.--,0,175,--.--,0000:00:00,49,0,0,1,1,15.30,-1.00,0,--.--,61,--.--,--:--:--,1,-15.30,11:53:38,10:53:38,10/30/25,--.--,--.--,--.--,--.--,--.--,--.--,--.--,--.--,--.--,--.--,--.--,--.--,0,--.--,--.--,--.--,--.--,--.--,--.--,--.--,--.--,--.--,--.--,--.--,--.--,--.--,--.--,--.--,--.--,0,2952.000,2934.000,2952.000,2934.000,8.380,8.335,8.380,8.335,15.300,15.300,15.300,15.300,true,true,true,true,true,true,false,false,true,true,false,false,0.01,0.00,0.01,0.04,--.--,0.00,0.08,0.08,9223372036854775808,0,--.--,--.--,--.--,--.--,--.--,0,0,0,0,44.5838925,8.9416647,32TMQ 95369 36729,0.0,0.0,175.7,3,15,--.--,--.--,,--.--,--.--,--.--,0,0,--.--,--.--,0,502.9,-43.6,-120.0,-4.9,0.4,-0.0,502.9,-43.6,-120.0,-5.0,0.5,-0.0,--.--,--.--,--.--,--.--,-0.3,-0.1,175.0,-0.4,0.4,-0.0,0.00,--.--,--.--,0,0,0.0,0.0,0.0,0,0,0,--.--,--.--,--.--
2025-10-30 11:53:39.838,-0.2,-1.1,175,0.4,-0.2,0.0,5.0,0.0,0.000,0.0,120.0,97.7,-261.3,119.997,0.000,0.000,0.000,885.9,00:04:00,499.9,100.8,6,--.--,0,175,--.--,0000:00:00,48,0,0,1,1,15.30,-1.00,0,--.--,61,--.--,--:--:--,1,-15.30,11:53:39,10:53:39,10/30/25,--.--,--.--,--.--,--.--,--.--,--.--,--.--,--.--,--.--,--.--,--.--,--.--,0,--.--,--.--,--.--,--.--,--.--,--.--,--.--,--.--,--.--,--.--,--.--,--.--,--.--,--.--,--.--,--.--,0,2922.000,2958.000,2928.000,2964.000,8.305,8.395,8.320,8.410,15.300,15.300,15.300,15.300,true,true,true,true,true,true,false,false,true,true,false,false,0.01,0.00,0.01,0.04,--.--,0.00,0.08,0.08,9223372036854775808,0,--.--,--.--,--.--,--.--,--.--,0,0,0,0,44.5838478,8.9416698,32TMQ 95369 36724,0.0,0.0,174.9,3,15,--.--,--.--,,--.--,--.--,--.--,0,0,--.--,--.--,0,498.0,-43.2,-120.0,-5.0,0.5,-0.0,498.0,-43.2,-120.0,-5.0,0.5,0.0,--.--,--.--,--.--,--.--,-0.2,-1.4,175.0,0.3,1.1,0.0,0.00,--.--,--.--,0,0,0.0,0.0,0.0,0,0,0,--.--,--.--,--.--
2025-10-30 11:53:40.836,0.2,-0.8,175,0.4,0.6,0.0,5.0,0.0,0.000,-0.0,120.0,97.7,-258.3,120.001,0.000,0.000,0.000,892.0,00:04:01,494.9,98.8,6,--.--,0,175,--.--,0000:00:00,48,0,0,1,1,15.30,-1.00,0,--.--,61,--.--,--:--:--,1,-15.30,11:53:40,10:53:40,10/30/25,--.--,--.--,--.--,--.--,--.--,--.--,--.--,--.--,--.--,--.--,--.--,--.--,0,--.--,--.--,--.--,--.--,--.--,--.--,--.--,--.--,--.--,--.--,--.--,--.--,--.--,--.--,--.--,--.--,0,2946.000,2928.000,2946.000,2928.000,8.365,8.320,8.365,8.320,15.300,15.300,15.300,15.300,true,true,true,true,true,true,false,false,true,true,false,false,0.01,0.00,0.01,0.02,--.--,0.00,0.08,0.08,9223372036854775808,0,--.--,--.--,--.--,--.--,--.--,0,0,0,0,44.5838035,8.9416757,32TMQ 95369 36719,0.0,0.0,174.4,3,15,--.--,--.--,,--.--,--.--,--.--,0,0,--.--,--.--,0,493.0,-42.7,-120.0,-5.0,0.5,0.0,492.9,-42.7,-120.0,-5.0,0.4,0.0,--.--,--.--,--.--,--.--,0.3,-0.2,175.0,0.4,1.6,0.0,0.00,--.--,--.--,0,0,0.0,0.0,0.0,0,0,0,--.--,--.--,--.--
2025-10-30 11:53:41.834,0.5,-0.4,175,-0.0,-0.2,0.0,5.0,0.0,0.000,-0.0,120.0,97.7,-258.3,120.002,0.000,0.000,0.000,896.2,00:04:02,489.9,97.7,6,--.--,0,175,--.--,0000:00:00,48,0,0,1,1,15.30,-1.00,0,--.--,61,--.--,--:--:--,1,-15.30,11:53:41,10:53:41,10/30/25,--.--,--.--,--.--,--.--,--.--,--.--,--.--,--.--,--.--,--.--,--.--,--.--,0,--.--,--.--,--.--,--.--,--.--,--.--,--.--,--.--,--.--,--.--,--.--,--.--,--.--,--.--,--.--,--.--,0,2928.000,2952.000,2928.000,2952.000,8.320,8.380,8.320,8.380,15.300,15.300,15.300,15.300,true,true,true,true,true,true,false,false,true,true,false,false,0.01,0.00,0.01,0.02,--.--,0.00,0.08,0.08,9223372036854775808,0,--.--,--.--,--.--,--.--,--.--,0,0,0,0,44.5837579,8.9416819,32TMQ 95370 36714,0.0,0.0,174.8,3,15,--.--,--.--,,--.--,--.--,--.--,0,0,--.--,--.--,0,488.0,-42.3,-120.0,-5.0,0.4,0.0,488.0,-42.3,-120.0,-5.0,0.4,0.0,--.--,--.--,--.--,--.--,0.5,0.2,175.0,-0.0,1.2,-0.0,0.00,--.--,--.--,0,0,0.0,0.0,0.0,0,0,0,--.--,--.--,--.--
2025-10-30 11:53:42.837,0.2,-0.5,175,-0.4,-0.1,0.0,5.0,0.0,0.000,-0.0,120.0,97.7,-258.3,120.003,0.000,0.000,0.000,900.5,00:04:03,484.8,97.3,6,--.--,0,175,--.--,0000:00:00,48,0,0,1,1,15.30,-1.00,0,--.--,61,--.--,--:--:--,1,-15.30,11:53:42,10:53:42,10/30/25,--.--,--.--,--.--,--.--,--.--,--.--,--.--,--.--,--.--,--.--,--.--,--.--,0,--.--,--.--,--.--,--.--,--.--,--.--,--.--,--.--,--.--,--.--,--.--,--.--,--.--,--.--,--.--,--.--,0,2958.000,2922.000,2958.000,2916.000,8.395,8.305,8.395,8.290,15.300,15.300,15.300,15.300,true,true,true,true,true,true,false,false,true,true,false,false,0.01,0.00,0.00,0.01,--.--,0.00,0.08,0.08,9223372036854775808,0,--.--,--.--,--.--,--.--,--.--,0,0,0,0,44.5837135,8.9416872,32TMQ 95370 36709,0.0,0.0,175.4,3,15,--.--,--.--,,--.--,--.--,--.--,0,0,--.--,--.--,0,483.0,-41.8,-120.0,-5.0,0.4,0.0,483.0,-41.9,-120.0,-5.0,0.4,0.0,--.--,--.--,--.--,--.--,0.2,-0.8,175.1,-0.4,1.1,-0.0,0.00,--.--,--.--,0,0,0.0,0.0,0.0,0,0,0,--.--,--.--,--.--
2025-10-30 11:53:43.838,-0.1,-0.7,175,-0.3,0.7,0.0,5.0,0.0,0.000,-0.0,120.0,97.7,-258.3,120.003,0.000,0.000,0.000,906.7,00:04:05,479.8,96.2,6,--.--,0,175,--.--,0000:00:00,48,0,0,1,1,15.30,-1.00,0,--.--,61,--.--,--:--:--,1,-15.30,11:53:43,10:53:43,10/30/25,--.--,--.--,--.--,--.--,--.--,--.--,--.--,--.--,--.--,--.--,--.--,--.--,0,--.--,--.--,--.--,--.--,--.--,--.--,--.--,--.--,--.--,--.--,--.--,--.--,--.--,--.--,--.--,--.--,0,2964.000,2916.000,2964.000,2916.000,8.410,8.290,8.410,8.290,15.300,15.300,15.300,15.300,true,true,true,true,true,true,false,false,true,true,false,false,0.01,0.00,0.00,0.01,--.--,0.00,0.08,0.08,9223372036854775808,0,--.--,--.--,--.--,--.--,--.--,0,0,0,0,44.5836684,8.9416921,32TMQ 95371 36704,0.0,0.0,175.4,3,15,--.--,--.--,,--.--,--.--,--.--,0,0,--.--,--.--,0,478.0,-41.4,-120.0,-5.0,0.4,0.0,478.0,-41.4,-120.0,-5.0,0.4,0.0,--.--,--.--,--.--,--.--,-0.2,-0.5,175.0,-0.2,0.9,-0.1,0.00,--.--,--.--,0,0,0.0,0.0,0.0,0,0,0,--.--,--.--,--.--
2025-10-30 11:53:44.834,-0.1,-0.6,175,0.2,0.6,0.0,5.0,0.0,0.000,-0.0,120.0,97.7,-258.3,120.000,0.000,0.000,0.000,910.8,00:04:05,474.8,95.3,6,--.--,0,175,--.--,0000:00:00,49,0,0,1,1,15.30,-1.00,0,--.--,61,--.--,--:--:--,1,-15.30,11:53:44,10:53:44,10/30/25,--.--,--.--,--.--,--.--,--.--,--.--,--.--,--.--,--.--,--.--,--.--,--.--,0,--.--,--.--,--.--,--.--,--.--,--.--,--.--,--.--,--.--,--.--,--.--,--.--,--.--,--.--,--.--,--.--,0,2958.000,2922.000,2958.000,2922.000,8.395,8.305,8.395,8.305,15.300,15.300,15.300,15.300,true,true,true,true,true,true,false,false,true,true,false,false,0.01,0.01,0.00,0.05,--.--,0.00,0.08,0.08,9223372036854775808,0,--.--,--.--,--.--,--.--,--.--,0,0,0,0,44.5836233,8.9416974,32TMQ 95371 36699,0.0,0.0,174.9,3,15,--.--,--.--,,--.--,--.--,--.--,0,0,--.--,--.--,0,473.1,-41.0,-120.0,-5.0,0.4,0.0,473.1,-41.0,-120.0,-4.9,0.5,0.0,--.--,--.--,--.--,--.--,-0.1,-0.5,175.0,0.2,1.1,0.0,0.00,--.--,--.--,0,0,0.0,0.0,0.0,0,0,0,--.--,--.--,--.--
2025-10-30 11:53:45.834,0.2,-0.7,175,0.2,0.1,0.1,5.0,0.0,0.000,-0.0,120.0,97.7,-258.3,119.997,0.000,0.000,0.000,917.0,00:04:06,469.8,94.4,6,--.--,0,175,--.--,0000:00:00,49,0,0,1,1,15.30,-1.00,0,--.--,61,--.--,--:--:--,1,-15.30,11:53:45,10:53:45,10/30/25,--.--,--.--,--.--,--.--,--.--,--.--,--.--,--.--,--.--,--.--,--.--,--.--,0,--.--,--.--,--.--,--.--,--.--,--.--,--.--,--.--,--.--,--.--,--.--,--.--,--.--,--.--,--.--,--.--,0,2958.000,2928.000,2952.000,2928.000,8.395,8.320,8.380,8.320,15.300,15.300,15.300,15.300,true,true,true,true,true,true,false,false,true,true,false,false,0.01,0.01,0.00,0.05,--.--,0.00,0.08,0.08,9223372036854775808,0,--.--,--.--,--.--,--.--,--.--,0,0,0,0,44.5835792,8.9417032,32TMQ 95372 36694,0.0,0.0,174.6,3,15,--.--,--.--,,--.--,--.--,--.--,0,0,--.--,--.--,0,468.1,-40.6,-120.0,-5.0,0.5,0.0,468.2,-40.6,-120.0,-4.9,0.4,-0.0,--.--,--.--,--.--,--.--,0.3,-0.5,175.0,0.2,1.0,0.1,0.00,--.--,--.--,0,0,0.0,0.0,0.0,0,0,0,--.--,--.--,--.--
2025-10-30 11:53:46.834,0.3,-0.7,175,-0.1,-0.1,0.0,5.0,0.0,0.000,0.0,120.0,97.7,-259.3,119.994,0.000,0.000,0.000,921.1,00:04:07,464.9,93.4,6,--.--,0,175,--.--,0000:00:00,49,0,0,1,1,15.30,-1.00,0,--.--,61,--.--,--:--:--,1,-15.30,11:53:46,10:53:46,10/30/25,--.--,--.--,--.--,--.--,--.--,--.--,--.--,--.--,--.--,--.--,--.--,--.--,0,--.--,--.--,--.--,--.--,--.--,--.--,--.--,--.--,--.--,--.--,--.--,--.--,--.--,--.--,--.--,--.--,0,2916.000,2964.000,2916.000,2964.000,8.290,8.410,8.290,8.410,15.300,15.300,15.300,15.300,true,true,true,true,true,true,false,false,true,true,false,false,0.01,0.01,0.00,0.03,--.--,0.00,0.08,0.08,9223372036854775808,0,--.--,--.--,--.--,--.--,--.--,0,0,0,0,44.5835342,8.9417090,32TMQ 95372 36689,0.0,0.0,174.9,3,15,--.--,--.--,,--.--,--.--,--.--,0,0,--.--,--.--,0,463.1,-40.1,-120.0,-5.0,0.4,-0.0,463.1,-40.1,-120.0,-5.0,0.4,-0.0,--.--,--.--,--.--,--.--,0.3,-0.5,175.0,-0.0,0.9,-0.0,0.00,--.--,--.--,0,0,0.0,0.0,0.0,0,0,0,--.--,--.--,--.--
2025-10-30 11:53:47.837,0.1,-0.7,175,-0.3,-0.7,-0.1,5.0,0.0,0.000,0.0,120.0,97.7,-259.3,119.992,0.000,0.000,0.000,927.2,00:04:08,459.9,92.3,6,--.--,0,175,--.--,0000:00:00,49,0,0,1,1,15.30,-1.00,0,--.--,61,--.--,--:--:--,1,-15.30,11:53:47,10:53:47,10/30/25,--.--,--.--,--.--,--.--,--.--,--.--,--.--,--.--,--.--,--.--,--.--,--.--,0,--.--,--.--,--.--,--.--,--.--,--.--,--.--,--.--,--.--,--.--,--.--,--.--,--.--,--.--,--.--,--.--,0,2922.000,2964.000,2922.000,2964.000,8.305,8.410,8.305,8.410,15.300,15.300,15.300,15.300,true,true,true,true,true,true,false,false,true,true,false,false,0.01,0.01,0.00,0.03,--.--,0.00,0.08,0.08,9223372036854775808,0,--.--,--.--,--.--,--.--,--.--,0,0,0,0,44.5834891,8.9417143,32TMQ 95373 36684,0.0,0.0,175.3,3,15,--.--,--.--,,--.--,--.--,--.--,0,0,--.--,--.--,0,458.1,-39.7,-120.0,-5.0,0.4,-0.0,458.2,-39.7,-120.0,-5.0,0.4,-0.0,--.--,--.--,--.--,--.--,0.1,-0.5,175.0,-0.3,0.9,-0.1,0.00,--.--,--.--,0,0,0.0,0.0,0.0,0,0,0,--.--,--.--,--.--
2025-10-30 11:53:48.837,-0.0,-0.6,175,-0.1,-0.2,0.0,5.0,0.0,0.000,0.0,120.0,97.7,-259.3,119.994,0.000,0.000,0.000,931.4,00:04:09,454.9,91.3,6,--.--,0,175,--.--,0000:00:00,49,0,0,1,1,15.30,-1.00,0,--.--,61,--.--,--:--:--,1,-15.30,11:53:48,10:53:48,10/30/25,--.--,--.--,--.--,--.--,--.--,--.--,--.--,--.--,--.--,--.--,--.--,--.--,0,--.--,--.--,--.--,--.--,--.--,--.--,--.--,--.--,--.--,--.--,--.--,--.--,--.--,--.--,--.--,--.--,0,2898.000,2982.000,2898.000,2982.000,8.245,8.455,8.245,8.455,15.300,15.300,15.300,15.300,true,true,true,true,true,true,false,false,true,true,false,false,0.01,0.00,0.00,0.02,--.--,0.00,0.08,0.08,9223372036854775808,0,--.--,--.--,--.--,--.--,--.--,0,0,0,0,44.5834448,8.9417194,32TMQ 95373 36679,0.0,0.0,175.3,3,15,--.--,--.--,,--.--,--.--,--.--,0,0,--.--,--.--,0,453.2,-39.3,-120.0,-5.0,0.4,-0.0,453.2,-39.3,-120.0,-5.0,0.4,-0.0,--.--,--.--,--.--,--.--,-0.1,-0.9,175.0,-0.2,1.3,0.1,0.00,--.--,--.--,0,0,0.0,0.0,0.0,0,0,0,--.--,--.--,--.--
2025-10-30 11:53:49.836,0.0,-0.6,175,0.2,-0.4,0.1,5.0,0.0,0.000,0.0,120.0,97.7,-259.3,119.997,0.000,0.000,0.000,935.5,00:04:10,449.9,90.3,6,--.--,0,175,--.--,0000:00:00,48,0,0,1,1,15.30,-1.00,0,--.--,61,--.--,--:--:--,1,-15.30,11:53:49,10:53:49,10/30/25,--.--,--.--,--.--,--.--,--.--,--.--,--.--,--.--,--.--,--.--,--.--,--.--,0,--.--,--.--,--.--,--.--,--.--,--.--,--.--,--.--,--.--,--.--,--.--,--.--,--.--,--.--,--.--,--.--,0,2904.000,2976.000,2904.000,2976.000,8.260,8.440,8.260,8.440,15.300,15.300,15.300,15.300,true,true,true,true,true,true,false,false,true,true,false,false,0.01,0.00,0.00,0.02,--.--,0.00,0.08,0.08,9223372036854775808,0,--.--,--.--,--.--,--.--,--.--,0,0,0,0,44.5833996,8.9417248,32TMQ 95373 36674,0.0,0.0,174.9,3,15,--.--,--.--,,--.--,--.--,--.--,0,0,--.--,--.--,0,448.2,-38.9,-120.0,-5.0,0.4,-0.0,448.2,-38.8,-120.0,-4.9,0.4,0.0,--.--,--.--,--.--,--.--,0.0,0.0,175.0,0.2,0.9,0.0,0.00,--.--,--.--,0,0,0.0,0.0,0.0,0,0,0,--.--,--.--,--.--
2025-10-30 11:53:50.834,0.2,-0.6,175,0.3,-0.4,0.0,5.0,0.0,0.000,-0.0,120.0,97.7,-259.3,120.001,0.000,0.000,0.000,941.7,00:04:11,445.0,89.3,6,--.--,0,175,--.--,0000:00:00,48,0,0,1,1,15.30,-1.00,0,--.--,61,--.--,--:--:--,1,-15.30,11:53:50,10:53:50,10/30/25,--.--,--.--,--.--,--.--,--.--,--.--,--.--,--.--,--.--,--.--,--.--,--.--,0,--.--,--.--,--.--,--.--,--.--,--.--,--.--,--.--,--.--,--.--,--.--,--.--,--.--,--.--,--.--,--.--,0,2928.000,2952.000,2928.000,2952.000,8.320,8.380,8.320,8.380,15.300,15.300,15.300,15.300,true,true,true,true,true,true,false,false,true,true,false,false,0.01,0.01,0.00,0.01,--.--,0.00,0.08,0.08,9223372036854775808,0,--.--,--.--,--.--,--.--,--.--,0,0,0,0,44.5833553,8.9417305,32TMQ 95374 36669,0.0,0.0,174.7,3,15,--.--,--.--,,--.--,--.--,--.--,0,0,--.--,--.--,0,443.3,-38.4,-120.0,-5.0,0.4,0.0,443.4,-38.4,-120.0,-4.9,0.4,0.0,--.--,--.--,--.--,--.--,0.2,-0.5,175.0,0.2,1.0,-0.0,0.00,--.--,--.--,0,0,0.0,0.0,0.0,0,0,0,--.--,--.--,--.--
2025-10-30 11:53:51.841,0.3,-0.6,175,-0.1,-0.9,0.0,5.0,0.0,0.000,-0.0,120.0,97.7,-257.3,120.004,0.000,0.000,0.000,945.8,00:04:13,439.9,88.3,6,--.--,0,175,--.--,0000:00:00,48,0,0,1,1,15.30,-1.00,0,--.--,61,--.--,--:--:--,1,-15.30,11:53:51,10:53:51,10/30/25,--.--,--.--,--.--,--.--,--.--,--.--,--.--,--.--,--.--,--.--,--.--,--.--,0,--.--,--.--,--.--,--.--,--.--,--.--,--.--,--.--,--.--,--.--,--.--,--.--,--.--,--.--,--.--,--.--,0,2940.000,2940.000,2940.000,2940.000,8.350,8.350,8.350,8.350,15.300,15.300,15.300,15.300,true,true,true,true,true,true,false,false,true,true,false,false,0.01,0.01,0.00,0.01,--.--,0.00,0.08,0.08,9223372036854775808,0,--.--,--.--,--.--,--.--,--.--,0,0,0,0,44.5833101,8.9417362,32TMQ 95374 36664,0.0,0.0,175.0,3,15,--.--,--.--,,--.--,--.--,--.--,0,0,--.--,--.--,0,438.2,-38.0,-120.0,-5.0,0.4,0.0,438.1,-38.0,-120.0,-5.0,0.4,0.0,--.--,--.--,--.--,--.--,0.3,-0.9,175.0,-0.1,-2.1,-0.0,0.00,--.--,--.--,0,0,0.0,0.0,0.0,0,0,0,--.--,--.--,--.--
2025-10-30 11:53:52.837,0.1,-0.7,175,-0.2,-0.0,0.0,5.0,0.0,0.000,-0.0,120.0,97.7,-257.3,120.005,0.000,0.000,0.000,951.9,00:04:13,434.9,87.3,6,--.--,0,175,--.--,0000:00:00,48,0,0,1,1,15.30,-1.00,0,--.--,61,--.--,--:--:--,1,-15.30,11:53:52,10:53:52,10/30/25,--.--,--.--,--.--,--.--,--.--,--.--,--.--,--.--,--.--,--.--,--.--,--.--,0,--.--,--.--,--.--,--.--,--.--,--.--,--.--,--.--,--.--,--.--,--.--,--.--,--.--,--.--,--.--,--.--,0,2916.000,2964.000,2916.000,2964.000,8.290,8.410,8.290,8.410,15.300,15.300,15.300,15.300,true,true,true,true,true,true,false,false,true,true,false,false,0.00,0.01,0.00,0.01,--.--,0.00,0.08,0.08,9223372036854775808,0,--.--,--.--,--.--,--.--,--.--,0,0,0,0,44.5832650,8.9417415,32TMQ 95375 36659,0.0,0.0,175.3,3,15,--.--,--.--,,--.--,--.--,--.--,0,0,--.--,--.--,0,433.2,-37.5,-120.0,-5.0,0.4,0.0,433.2,-37.5,-120.0,-5.0,0.4,0.0,--.--,--.--,--.--,--.--,0.1,-0.6,175.0,-0.2,1.2,-0.1,0.00,--.--,--.--,0,0,0.0,0.0,0.0,0,0,0,--.--,--.--,--.--
2025-10-30 11:53:53.836,-0.0,-0.9,175,-0.0,1.6,0.0,5.0,0.0,0.000,-0.0,120.0,97.7,-257.3,120.003,0.000,0.000,0.000,956.1,00:04:14,429.9,85.7,6,--.--,0,175,--.--,0000:00:00,49,0,0,1,1,15.30,-1.00,0,--.--,61,--.--,--:--:--,1,-15.30,11:53:53,10:53:53,10/30/25,--.--,--.--,--.--,--.--,--.--,--.--,--.--,--.--,--.--,--.--,--.--,--.--,0,--.--,--.--,--.--,--.--,--.--,--.--,--.--,--.--,--.--,--.--,--.--,--.--,--.--,--.--,--.--,--.--,0,2964.000,2916.000,2964.000,2916.000,8.410,8.290,8.410,8.290,15.300,15.300,15.300,15.300,true,true,true,true,true,true,false,false,true,true,false,false,0.00,0.01,0.00,0.01,--.--,0.00,0.08,0.08,9223372036854775808,0,--.--,--.--,--.--,--.--,--.--,0,0,0,0,44.5832208,8.9417467,32TMQ 95375 36654,0.0,0.0,175.2,3,15,--.--,--.--,,--.--,--.--,--.--,0,0,--.--,--.--,0,428.3,-37.1,-120.0,-5.0,0.4,0.0,428.3,-37.1,-120.0,-5.0,0.4,0.0,--.--,--.--,--.--,--.--,-0.0,-0.7,175.0,-0.0,2.0,-0.0,0.00,--.--,--.--,0,0,0.0,0.0,0.0,0,0,0,--.--,--.--,--.--
2025-10-30 11:53:54.837,0.1,-0.6,175,0.2,0.8,0.0,5.0,0.0,0.000,-0.0,120.0,97.7,-257.3,119.997,0.000,0.000,0.000,962.2,00:04:15,425.0,84.7,6,--.--,0,175,--.--,0000:00:00,49,0,0,1,1,15.30,-1.00,0,--.--,61,--.--,--:--:--,1,-15.30,11:53:54,10:53:54,10/30/25,--.--,--.--,--.--,--.--,--.--,--.--,--.--,--.--,--.--,--.--,--.--,--.--,0,--.--,--.--,--.--,--.--,--.--,--.--,--.--,--.--,--.--,--.--,--.--,--.--,--.--,--.--,--.--,--.--,0,2958.000,2922.000,2964.000,2922.000,8.395,8.305,8.410,8.305,15.300,15.300,15.300,15.300,true,true,true,true,true,true,false,false,true,true,false,false,0.01,0.02,0.00,0.02,--.--,0.00,0.08,0.08,9223372036854775808,0,--.--,--.--,--.--,--.--,--.--,0,0,0,0,44.5831753,8.9417523,32TMQ 95376 36649,0.0,0.0,174.8,3,15,--.--,--.--,,--.--,--.--,--.--,0,0,--.--,--.--,0,423.4,-36.7,-120.0,-5.0,0.4,0.0,423.3,-36.7,-120.0,-5.0,0.4,0.0,--.--,--.--,--.--,--.--,0.1,-0.4,175.0,0.2,1.2,0.0,0.00,--.--,--.--,0,0,0.0,0.0,0.0,0,0,0,--.--,--.--,--.--
2025-10-30 11:53:55.836,0.3,-0.1,175,0.1,-1.7,0.0,5.0,0.0,0.000,0.0,120.0,97.7,-257.3,119.995,0.000,0.000,0.000,966.4,00:04:16,419.9,84.5,6,--.--,0,175,--.--,0000:00:00,49,0,0,1,1,15.30,-1.00,0,--.--,61,--.--,--:--:--,1,-15.30,11:53:55,10:53:55,10/30/25,--.--,--.--,--.--,--.--,--.--,--.--,--.--,--.--,--.--,--.--,--.--,--.--,0,--.--,--.--,--.--,--.--,--.--,--.--,--.--,--.--,--.--,--.--,--.--,--.--,--.--,--.--,--.--,--.--,0,2952.000,2934.000,2952.000,2934.000,8.380,8.335,8.380,8.335,15.300,15.300,15.300,15.300,true,true,true,true,true,true,false,false,true,true,false,false,0.01,0.02,0.00,0.02,--.--,0.00,0.08,0.08,9223372036854775808,0,--.--,--.--,--.--,--.--,--.--,0,0,0,0,44.5831300,8.9417580,32TMQ 95376 36644,0.0,0.0,174.8,3,15,--.--,--.--,,--.--,--.--,--.--,0,0,--.--,--.--,0,418.3,-36.2,-120.0,-4.9,0.4,-0.0,418.4,-36.3,-120.0,-4.9,0.4,-0.0,--.--,--.--,--.--,--.--,0.3,-0.5,175.0,0.1,0.0,0.0,0.00,--.--,--.--,0,0,0.0,0.0,0.0,0,0,0,--.--,--.--,--.--
2025-10-30 11:53:56.836,0.2,-0.7,175,-0.2,-0.6,0.0,4.9,0.0,0.000,0.0,120.0,97.7,-257.3,119.992,0.000,0.000,0.000,970.5,00:04:17,414.9,84.1,6,--.--,0,175,--.--,0000:00:00,49,0,0,1,1,15.30,-1.00,0,--.--,61,--.--,--:--:--,1,-15.30,11:53:56,10:53:56,10/30/25,--.--,--.--,--.--,--.--,--.--,--.--,--.--,--.--,--.--,--.--,--.--,--.--,0,--.--,--.--,--.--,--.--,--.--,--.--,--.--,--.--,--.--,--.--,--.--,--.--,--.--,--.--,--.--,--.--,0,2946.000,2940.000,2946.000,2940.000,8.365,8.350,8.365,8.350,15.300,15.300,15.300,15.300,true,true,true,true,true,true,false,false,true,true,false,false,0.01,0.01,0.00,0.03,--.--,0.00,0.08,0.08,9223372036854775808,0,--.--,--.--,--.--,--.--,--.--,0,0,0,0,44.5830862,8.9417634,32TMQ 95376 36639,0.0,0.0,175.2,3,15,--.--,--.--,,--.--,--.--,--.--,0,0,--.--,--.--,0,413.4,-35.8,-120.0,-4.9,0.4,-0.0,413.4,-35.8,-120.0,-4.9,0.4,-0.0,--.--,--.--,--.--,--.--,0.2,-0.2,175.0,-0.2,0.5,0.1,0.00,--.--,--.--,0,0,0.0,0.0,0.0,0,0,0,--.--,--.--,--.--
2025-10-30 11:53:57.838,0.0,-1.5,175,-0.2,-0.0,0.0,5.0,0.0,0.000,0.0,120.0,97.7,-259.3,119.993,0.000,0.000,0.000,976.7,00:04:18,410.0,82.5,6,--.--,0,175,--.--,0000:00:00,49,0,0,1,1,15.30,-1.00,0,--.--,61,--.--,--:--:--,1,-15.30,11:53:57,10:53:57,10/30/25,--.--,--.--,--.--,--.--,--.--,--.--,--.--,--.--,--.--,--.--,--.--,--.--,0,--.--,--.--,--.--,--.--,--.--,--.--,--.--,--.--,--.--,--.--,--.--,--.--,--.--,--.--,--.--,--.--,0,2964.000,2922.000,2964.000,2922.000,8.410,8.305,8.410,8.305,15.300,15.300,15.300,15.300,true,true,true,true,true,true,false,false,true,true,false,false,0.01,0.01,0.00,0.03,--.--,0.00,0.08,0.08,9223372036854775808,0,--.--,--.--,--.--,--.--,--.--,0,0,0,0,44.5830415,8.9417686,32TMQ 95377 36634,0.0,0.0,175.2,3,15,--.--,--.--,,--.--,--.--,--.--,0,0,--.--,--.--,0,408.5,-35.4,-120.0,-5.0,0.4,-0.0,408.4,-35.4,-120.0,-5.1,0.4,-0.0,--.--,--.--,--.--,--.--,0.0,-1.7,175.0,-0.2,1.4,-0.0,0.00,--.--,--.--,0,0,0.0,0.0,0.0,0,0,0,--.--,--.--,--.--
2025-10-30 11:53:58.836,0.1,0.1,175,0.1,-0.2,0.0,5.0,0.0,0.000,0.0,120.0,97.7,-259.3,119.994,0.000,0.000,0.000,980.8,00:04:19,404.9,80.4,6,--.--,0,175,--.--,0000:00:00,49,0,0,1,1,15.30,-1.00,0,--.--,61,--.--,--:--:--,1,-15.30,11:53:58,10:53:58,10/30/25,--.--,--.--,--.--,--.--,--.--,--.--,--.--,--.--,--.--,--.--,--.--,--.--,0,--.--,--.--,--.--,--.--,--.--,--.--,--.--,--.--,--.--,--.--,--.--,--.--,--.--,--.--,--.--,--.--,0,2964.000,2922.000,2964.000,2922.000,8.410,8.305,8.410,8.305,15.300,15.300,15.300,15.300,true,true,true,true,true,true,false,false,true,true,false,false,0.02,0.00,0.00,0.02,--.--,0.00,0.08,0.08,9223372036854775808,0,--.--,--.--,--.--,--.--,--.--,0,0,0,0,44.5829971,8.9417739,32TMQ 95377 36630,0.0,0.0,174.9,3,15,--.--,--.--,,--.--,--.--,--.--,0,0,--.--,--.--,0,403.4,-35.0,-120.0,-5.0,0.4,-0.0,403.5,-35.0,-120.0,-4.9,0.4,-0.0,--.--,--.--,--.--,--.--,0.1,-0.2,175.0,0.1,2.0,0.0,0.00,--.--,--.--,0,0,0.0,0.0,0.0,0,0,0,--.--,--.--,--.--
2025-10-30 11:53:59.838,0.2,-0.4,175,0.2,-0.3,0.0,5.0,0.0,0.000,0.0,120.0,97.7,-259.3,119.997,0.000,0.000,0.000,986.9,00:04:20,399.9,80.6,6,--.--,0,175,--.--,0000:00:00,48,0,0,1,1,15.30,-1.00,0,--.--,61,--.--,--:--:--,1,-15.30,11:53:59,10:53:59,10/30/25,--.--,--.--,--.--,--.--,--.--,--.--,--.--,--.--,--.--,--.--,--.--,--.--,0,--.--,--.--,--.--,--.--,--.--,--.--,--.--,--.--,--.--,--.--,--.--,--.--,--.--,--.--,--.--,--.--,0,2940.000,2940.000,2940.000,2940.000,8.350,8.350,8.350,8.350,15.300,15.300,15.300,15.300,true,true,true,true,true,true,false,false,true,true,false,false,0.02,0.00,0.00,0.02,--.--,0.00,0.08,0.08,9223372036854775808,0,--.--,--.--,--.--,--.--,--.--,0,0,0,0,44.5829517,8.9417796,32TMQ 95378 36624,0.0,0.0,174.8,3,15,--.--,--.--,,--.--,--.--,--.--,0,0,--.--,--.--,0,398.4,-34.5,-120.0,-4.9,0.4,-0.0,398.5,-34.5,-120.0,-4.9,0.4,0.0,--.--,--.--,--.--,--.--,0.3,-0.3,175.0,0.1,0.7,-0.0,0.00,--.--,--.--,0,0,0.0,0.0,0.0,0,0,0,--.--,--.--,--.--
2025-10-30 11:54:00.836,0.2,-1.1,175,-0.1,-1.0,0.0,5.0,0.0,0.000,-0.0,120.0,97.7,-259.3,120.000,0.000,0.000,0.000,991.0,00:04:21,395.0,79.7,6,--.--,0,175,--.--,0000:00:00,48,0,0,1,1,15.30,-1.00,0,--.--,61,--.--,--:--:--,1,-15.30,11:54:00,10:54:00,10/30/25,--.--,--.--,--.--,--.--,--.--,--.--,--.--,--.--,--.--,--.--,--.--,--.--,0,--.--,--.--,--.--,--.--,--.--,--.--,--.--,--.--,--.--,--.--,--.--,--.--,--.--,--.--,--.--,--.--,0,2922.000,2958.000,2922.000,2958.000,8.305,8.395,8.305,8.395,15.300,15.300,15.300,15.300,true,true,true,true,true,true,false,false,true,true,false,false,0.01,0.01,0.01,0.03,--.--,0.00,0.08,0.08,9223372036854775808,0,--.--,--.--,--.--,--.--,--.--,0,0,0,0,44.5829077,8.9417851,32TMQ 95378 36620,0.0,0.0,175.1,3,15,--.--,--.--,,--.--,--.--,--.--,0,0,--.--,--.--,0,393.5,-34.1,-120.0,-5.0,0.4,0.0,393.4,-34.1,-120.0,-5.0,0.4,0.0,--.--,--.--,--.--,--.--,0.2,-0.4,175.0,-0.1,3.7,-0.1,0.00,--.--,--.--,0,0,0.0,0.0,0.0,0,0,0,--.--,--.--,--.--
2025-10-30 11:54:01.847,0.1,-0.8,175,-0.1,0.1,0.0,5.0,0.0,0.000,-0.0,120.0,97.7,-259.3,120.003,0.000,0.000,0.000,995.2,00:04:23,390.0,78.1,6,--.--,0,175,--.--,0000:00:00,48,0,0,1,1,15.30,-1.00,0,--.--,61,--.--,--:--:--,1,-15.30,11:54:01,10:54:01,10/30/25,--.--,--.--,--.--,--.--,--.--,--.--,--.--,--.--,--.--,--.--,--.--,--.--,0,--.--,--.--,--.--,--.--,--.--,--.--,--.--,--.--,--.--,--.--,--.--,--.--,--.--,--.--,--.--,--.--,0,2958.000,2916.000,2958.000,2922.000,8.395,8.290,8.395,8.305,15.300,15.300,15.300,15.300,true,true,true,true,true,true,false,false,true,true,false,false,0.01,0.01,0.01,0.03,--.--,0.00,0.08,0.08,9223372036854775808,0,--.--,--.--,--.--,--.--,--.--,0,0,0,0,44.5828627,8.9417904,32TMQ 95379 36615,0.0,0.0,175.2,3,15,--.--,--.--,,--.--,--.--,--.--,0,0,--.--,--.--,0,388.5,-33.7,-120.0,-5.0,0.4,0.0,388.5,-33.7,-120.0,-5.0,0.4,0.0,--.--,--.--,--.--,--.--,0.1,-1.1,175.0,-0.2,1.2,-0.0,0.00,--.--,--.--,0,0,0.0,0.0,0.0,0,0,0,--.--,--.--,--.--
2025-10-30 11:54:02.837,0.1,-0.6,175,0.1,-0.2,0.0,5.0,0.0,0.000,-0.0,120.0,97.7,-259.3,120.003,0.000,0.000,0.000,1001.4,00:04:23,385.0,77.1,6,--.--,0,175,--.--,0000:00:00,48,0,0,1,1,15.30,-1.00,0,--.--,61,--.--,--:--:--,1,-15.30,11:54:02,10:54:02,10/30/25,--.--,--.--,--.--,--.--,--.--,--.--,--.--,--.--,--.--,--.--,--.--,--.--,0,--.--,--.--,--.--,--.--,--.--,--.--,--.--,--.--,--.--,--.--,--.--,--.--,--.--,--.--,--.--,--.--,0,2940.000,2940.000,2940.000,2940.000,8.350,8.350,8.350,8.350,15.300,15.300,15.300,15.300,true,true,true,true,true,true,false,false,true,true,false,false,0.01,0.01,0.00,0.01,--.--,0.00,0.08,0.08,9223372036854775808,0,--.--,--.--,--.--,--.--,--.--,0,0,0,0,44.5828174,8.9417958,32TMQ 95379 36610,0.0,0.0,175.0,3,15,--.--,--.--,,--.--,--.--,--.--,0,0,--.--,--.--,0,383.5,-33.2,-120.0,-5.0,0.4,0.0,383.6,-33.2,-120.0,-4.9,0.4,0.0,--.--,--.--,--.--,--.--,0.1,0.1,175.0,0.1,1.0,0.0,0.00,--.--,--.--,0,0,0.0,0.0,0.0,0,0,0,--.--,--.--,--.--
2025-10-30 11:54:03.836,0.2,-0.8,175,0.1,-0.6,0.0,5.0,0.0,0.000,-0.0,120.0,97.7,-259.3,120.001,0.000,0.000,0.000,1005.5,00:04:24,380.0,76.0,6,--.--,0,175,--.--,0000:00:00,49,0,0,1,1,15.30,-1.00,0,--.--,61,--.--,--:--:--,1,-15.30,11:54:03,10:54:03,10/30/25,--.--,--.--,--.--,--.--,--.--,--.--,--.--,--.--,--.--,--.--,--.--,--.--,0,--.--,--.--,--.--,--.--,--.--,--.--,--.--,--.--,--.--,--.--,--.--,--.--,--.--,--.--,--.--,--.--,0,2928.000,2952.000,2928.000,2946.000,8.320,8.380,8.320,8.365,15.300,15.300,15.300,15.300,true,true,true,true,true,true,false,false,true,true,false,false,0.01,0.01,0.00,0.01,--.--,0.00,0.08,0.08,9223372036854775808,0,--.--,--.--,--.--,--.--,--.--,0,0,0,0,44.5827731,8.9418013,32TMQ 95379 36605,0.0,0.0,174.8,3,15,--.--,--.--,,--.--,--.--,--.--,0,0,--.--,--.--,0,378.6,-32.8,-120.0,-5.0,0.4,0.0,378.6,-32.8,-120.0,-5.0,0.4,0.0,--.--,--.--,--.--,--.--,0.2,-0.1,175.0,0.1,4.2,-0.0,0.00,--.--,--.--,0,0,0.0,0.0,0.0,0,0,0,--.--,--.--,--.--
2025-10-30 11:54:04.841,0.2,-0.9,175,-0.0,0.5,0.0,5.0,0.0,0.000,-0.0,120.0,97.7,-259.3,119.997,0.000,0.000,0.000,1011.7,00:04:26,375.0,75.1,6,--.--,0,175,--.--,0000:00:00,49,0,0,1,1,15.30,-1.00,0,--.--,61,--.--,--:--:--,1,-15.30,11:54:04,10:54:04,10/30/25,--.--,--.--,--.--,--.--,--.--,--.--,--.--,--.--,--.--,--.--,--.--,--.--,0,--.--,--.--,--.--,--.--,--.--,--.--,--.--,--.--,--.--,--.--,--.--,--.--,--.--,--.--,--.--,--.--,0,2958.000,2922.000,2958.000,2922.000,8.395,8.305,8.395,8.305,15.300,15.300,15.300,15.300,true,true,true,true,true,true,false,false,true,true,false,false,0.01,0.01,0.00,0.01,--.--,0.00,0.08,0.08,9223372036854775808,0,--.--,--.--,--.--,--.--,--.--,0,0,0,0,44.5827278,8.9418070,32TMQ 95380 36600,0.0,0.0,175.0,3,15,--.--,--.--,,--.--,--.--,--.--,0,0,--.--,--.--,0,373.6,-32.4,-120.0,-5.0,0.4,0.0,373.5,-32.4,-120.0,-5.0,0.4,0.0,--.--,--.--,--.--,--.--,0.2,-0.7,175.0,0.0,1.4,0.0,0.00,--.--,--.--,0,0,0.0,0.0,0.0,0,0,0,--.--,--.--,--.--
2025-10-30 11:54:05.834,0.1,-0.4,175,-0.1,-0.2,0.0,5.0,0.0,0.000,0.0,120.0,97.7,-259.3,119.993,0.000,0.000,0.000,1015.9,00:04:26,370.0,74.0,6,--.--,0,175,--.--,0000:00:00,49,0,0,1,1,15.30,-1.00,0,--.--,61,--.--,--:--:--,1,-15.30,11:54:05,10:54:05,10/30/25,--.--,--.--,--.--,--.--,--.--,--.--,--.--,--.--,--.--,--.--,--.--,--.--,0,--.--,--.--,--.--,--.--,--.--,--.--,--.--,--.--,--.--,--.--,--.--,--.--,--.--,--.--,--.--,--.--,0,2934.000,2952.000,2934.000,2952.000,8.335,8.380,8.335,8.380,15.300,15.300,15.300,15.300,true,true,true,true,true,true,false,false,true,true,false,false,0.01,0.01,0.00,0.01,--.--,0.00,0.08,0.08,9223372036854775808,0,--.--,--.--,--.--,--.--,--.--,0,0,0,0,44.5826826,8.9418124,32TMQ 95380 36595,0.0,0.0,175.2,3,15,--.--,--.--,,--.--,--.--,--.--,0,0,--.--,--.--,0,368.6,-31.9,-120.0,-5.0,0.4,-0.0,368.6,-31.9,-120.0,-4.9,0.4,-0.0,--.--,--.--,--.--,--.--,0.1,0.1,175.0,-0.1,1.4,0.0,0.00,--.--,--.--,0,0,0.0,0.0,0.0,0,0,0,--.--,--.--,--.--
2025-10-30 11:54:06.838,0.0,-0.7,175,-0.1,1.1,0.0,5.0,0.0,0.000,0.0,120.0,97.7,-259.3,119.990,0.000,0.000,0.000,1022.1,00:04:27,365.0,73.4,6,--.--,0,175,--.--,0000:00:00,49,0,0,1,1,15.30,-1.00,0,--.--,61,--.--,--:--:--,1,-15.30,11:54:06,10:54:06,10/30/25,--.--,--.--,--.--,--.--,--.--,--.--,--.--,--.--,--.--,--.--,--.--,--.--,0,--.--,--.--,--.--,--.--,--.--,--.--,--.--,--.--,--.--,--.--,--.--,--.--,--.--,--.--,--.--,--.--,0,2964.000,2928.000,2964.000,2922.000,8.410,8.320,8.410,8.305,15.300,15.300,15.300,15.300,true,true,true,true,true,true,false,false,true,true,false,false,0.01,0.01,0.00,0.02,--.--,0.00,0.08,0.08,9223372036854775808,0,--.--,--.--,--.--,--.--,--.--,0,0,0,0,44.5826384,8.9418176,32TMQ 95381 36590,0.0,0.0,175.2,3,15,--.--,--.--,,--.--,--.--,--.--,0,0,--.--,--.--,0,363.6,-31.5,-120.0,-5.0,0.4,-0.0,363.6,-31.5,-120.0,-5.0,0.4,-0.0,--.--,--.--,--.--,--.--,0.0,-0.6,175.0,-0.0,0.8,0.0,0.00,--.--,--.--,0,0,0.0,0.0,0.0,0,0,0,--.--,--.--,--.--
2025-10-30 11:54:07.839,0.1,0.1,175,0.2,-0.6,-0.0,5.0,0.0,0.000,0.0,120.0,97.7,-259.3,119.989,0.000,0.000,0.000,1026.2,00:04:29,359.9,72.5,6,--.--,0,175,--.--,0000:00:00,49,0,0,1,1,15.30,-1.00,0,--.--,61,--.--,--:--:--,1,-15.30,11:54:07,10:54:07,10/30/25,--.--,--.--,--.--,--.--,--.--,--.--,--.--,--.--,--.--,--.--,--.--,--.--,0,--.--,--.--,--.--,--.--,--.--,--.--,--.--,--.--,--.--,--.--,--.--,--.--,--.--,--.--,--.--,--.--,0,2958.000,2934.000,2958.000,2928.000,8.395,8.335,8.395,8.320,15.300,15.300,15.300,15.300,true,true,true,true,true,true,false,false,true,true,false,false,0.01,0.01,0.00,0.02,--.--,0.00,0.08,0.08,9223372036854775808,0,--.--,--.--,--.--,--.--,--.--,0,0,0,0,44.5825934,8.9418230,32TMQ 95381 36585,0.0,0.0,174.9,3,15,--.--,--.--,,--.--,--.--,--.--,0,0,--.--,--.--,0,358.6,-31.1,-120.0,-4.9,0.4,-0.0,358.7,-31.1,-120.0,-4.9,0.4,-0.0,--.--,--.--,--.--,--.--,0.1,0.2,175.0,0.1,1.1,0.0,0.00,--.--,--.--,0,0,0.0,0.0,0.0,0,0,0,--.--,--.--,--.--
2025-10-30 11:54:08.840,0.2,-1.1,175,0.1,-0.7,-0.0,4.9,0.0,0.000,0.0,120.0,97.7,-259.3,119.993,0.000,0.000,0.000,1030.3,00:04:30,355.0,71.9,6,--.--,0,175,--.--,0000:00:00,48,0,0,1,1,15.30,-1.00,0,--.--,61,--.--,--:--:--,1,-15.30,11:54:08,10:54:08,10/30/25,--.--,--.--,--.--,--.--,--.--,--.--,--.--,--.--,--.--,--.--,--.--,--.--,0,--.--,--.--,--.--,--.--,--.--,--.--,--.--,--.--,--.--,--.--,--.--,--.--,--.--,--.--,--.--,--.--,0,2964.000,2916.000,2964.000,2922.000,8.410,8.290,8.410,8.305,15.300,15.300,15.300,15.300,true,true,true,true,true,true,false,false,true,true,false,false,0.01,0.02,0.00,0.02,--.--,0.00,0.08,0.08,9223372036854775808,0,--.--,--.--,--.--,--.--,--.--,0,0,0,0,44.5825497,8.9418286,32TMQ 95382 36580,0.0,0.0,174.8,3,15,--.--,--.--,,--.--,--.--,--.--,0,0,--.--,--.--,0,353.6,-30.6,-120.0,-4.9,0.4,-0.0,353.6,-30.6,-120.0,-5.0,0.4,-0.0,--.--,--.--,--.--,--.--,0.2,-0.6,175.0,0.1,3.6,0.0,0.00,--.--,--.--,0,0,0.0,0.0,0.0,0,0,0,--.--,--.--,--.--
2025-10-30 11:54:09.837,0.2,-1.5,175,-0.1,1.5,-0.0,5.0,0.0,0.000,-0.0,120.0,97.7,-259.3,119.998,0.000,0.000,0.000,1036.5,00:04:30,350.1,69.9,6,--.--,0,175,--.--,0000:00:00,48,0,0,1,1,15.30,-1.00,0,--.--,61,--.--,--:--:--,1,-15.30,11:54:09,10:54:09,10/30/25,--.--,--.--,--.--,--.--,--.--,--.--,--.--,--.--,--.--,--.--,--.--,--.--,0,--.--,--.--,--.--,--.--,--.--,--.--,--.--,--.--,--.--,--.--,--.--,--.--,--.--,--.--,--.--,--.--,0,2928.000,2952.000,2922.000,2952.000,8.320,8.380,8.305,8.380,15.300,15.300,15.300,15.300,true,true,true,true,true,true,false,false,true,true,false,false,0.01,0.02,0.00,0.02,--.--,0.00,0.08,0.08,9223372036854775808,0,--.--,--.--,--.--,--.--,--.--,0,0,0,0,44.5825047,8.9418342,32TMQ 95382 36575,0.0,0.0,175.1,3,15,--.--,--.--,,--.--,--.--,--.--,0,0,--.--,--.--,0,348.8,-30.2,-120.0,-5.0,0.4,0.0,348.8,-30.2,-120.0,-5.0,0.4,0.0,--.--,--.--,--.--,--.--,0.2,-1.7,175.0,-0.1,-0.3,-0.0,0.00,--.--,--.--,0,0,0.0,0.0,0.0,0,0,0,--.--,--.--,--.--
2025-10-30 11:54:10.842,0.1,0.6,175,-0.1,2.2,-0.0,5.1,0.0,0.000,-0.0,120.0,97.7,-259.3,119.999,0.000,0.000,0.000,1040.6,00:04:32,344.9,68.3,6,--.--,0,175,--.--,0000:00:00,48,0,0,1,1,15.30,-1.00,0,--.--,61,--.--,--:--:--,1,-15.30,11:54:10,10:54:10,10/30/25,--.--,--.--,--.--,--.--,--.--,--.--,--.--,--.--,--.--,--.--,--.--,--.--,0,--.--,--.--,--.--,--.--,--.--,--.--,--.--,--.--,--.--,--.--,--.--,--.--,--.--,--.--,--.--,--.--,0,2940.000,2940.000,2940.000,2940.000,8.350,8.350,8.350,8.350,15.300,15.300,15.300,15.300,true,true,true,true,true,true,false,false,true,true,false,false,0.00,0.03,0.01,0.03,--.--,0.00,0.08,0.08,9223372036854775808,0,--.--,--.--,--.--,--.--,--.--,0,0,0,0,44.5824588,8.9418396,32TMQ 95382 36570,0.0,0.0,175.3,3,15,--.--,--.--,,--.--,--.--,--.--,0,0,--.--,--.--,0,343.6,-29.8,-120.0,-5.0,0.4,0.0,343.7,-29.8,-120.0,-4.9,0.4,0.0,--.--,--.--,--.--,--.--,0.1,0.5,175.0,-0.2,2.2,-0.0,0.00,--.--,--.--,0,0,0.0,0.0,0.0,0,0,0,--.--,--.--,--.--
2025-10-30 11:54:11.838,0.0,-0.4,175,-0.1,-3.2,-0.0,4.9,0.0,0.000,-0.0,120.0,97.7,-259.3,120.000,0.000,0.000,0.000,1046.8,00:04:32,340.0,69.1,6,--.--,0,175,--.--,0000:00:00,48,0,0,1,1,15.30,-1.00,0,--.--,61,--.--,--:--:--,1,-15.30,11:54:11,10:54:11,10/30/25,--.--,--.--,--.--,--.--,--.--,--.--,--.--,--.--,--.--,--.--,--.--,--.--,0,--.--,--.--,--.--,--.--,--.--,--.--,--.--,--.--,--.--,--.--,--.--,--.--,--.--,--.--,--.--,--.--,0,2910.000,2964.000,2910.000,2964.000,8.275,8.410,8.275,8.410,15.300,15.300,15.300,15.300,true,true,true,true,true,true,false,false,true,true,false,false,0.00,0.03,0.01,0.03,--.--,0.00,0.08,0.08,9223372036854775808,0,--.--,--.--,--.--,--.--,--.--,0,0,0,0,44.5824144,8.9418448,32TMQ 95383 36565,0.0,0.0,175.1,3,15,--.--,--.--,,--.--,--.--,--.--,0,0,--.--,--.--,0,338.7,-29.4,-120.0,-4.9,0.4,0.0,338.8,-29.4,-120.0,-4.9,0.4,0.0,--.--,--.--,--.--,--.--,-0.0,-0.6,175.0,-0.1,-2.8,-0.0,0.00,--.--,--.--,0,0,0.0,0.0,0.0,0,0,0,--.--,--.--,--.--
2025-10-30 11:54:12.846,0.1,-1.2,175,0.2,0.1,-0.0,5.0,0.0,0.000,-0.0,120.0,97.7,-259.3,120.000,0.000,0.000,0.000,1050.9,00:04:34,335.1,67.5,6,--.--,0,175,--.--,0000:00:00,49,0,0,1,1,15.30,-1.00,0,--.--,61,--.--,--:--:--,1,-15.30,11:54:12,10:54:12,10/30/25,--.--,--.--,--.--,--.--,--.--,--.--,--.--,--.--,--.--,--.--,--.--,--.--,0,--.--,--.--,--.--,--.--,--.--,--.--,--.--,--.--,--.--,--.--,--.--,--.--,--.--,--.--,--.--,--.--,0,2928.000,2952.000,2928.000,2952.000,8.320,8.380,8.320,8.380,15.300,15.300,15.300,15.300,true,true,true,true,true,true,false,false,true,true,false,false,0.00,0.00,0.00,0.02,--.--,0.00,0.08,0.08,9223372036854775808,0,--.--,--.--,--.--,--.--,--.--,0,0,0,0,44.5823700,8.9418503,32TMQ 95383 36560,0.0,0.0,174.8,3,15,--.--,--.--,,--.--,--.--,--.--,0,0,--.--,--.--,0,333.9,-28.9,-120.0,-5.0,0.4,0.0,333.7,-28.9,-120.0,-5.1,0.5,0.0,--.--,--.--,--.--,--.--,0.1,-0.6,175.0,0.2,4.5,0.1,0.00,--.--,--.--,0,0,0.0,0.0,0.0,0,0,0,--.--,--.--,--.--
2025-10-30 11:54:13.841,0.3,-0.6,175,0.2,-0.0,0.1,5.1,0.0,0.000,-0.0,120.0,97.7,-259.3,119.997,0.000,0.000,0.000,1057.1,00:04:35,330.1,65.4,6,--.--,0,175,--.--,0000:00:00,49,0,0,1,1,15.30,-1.00,0,--.--,61,--.--,--:--:--,1,-15.30,11:54:13,10:54:13,10/30/25,--.--,--.--,--.--,--.--,--.--,--.--,--.--,--.--,--.--,--.--,--.--,--.--,0,--.--,--.--,--.--,--.--,--.--,--.--,--.--,--.--,--.--,--.--,--.--,--.--,--.--,--.--,--.--,--.--,0,2970.000,2916.000,2964.000,2916.000,8.425,8.290,8.410,8.290,15.300,15.300,15.300,15.300,true,true,true,true,true,true,false,false,true,true,false,false,0.00,0.00,0.00,0.02,--.--,0.00,0.08,0.08,9223372036854775808,0,--.--,--.--,--.--,--.--,--.--,0,0,0,0,44.5823257,8.9418560,32TMQ 95384 36555,0.0,0.0,174.8,3,15,--.--,--.--,,--.--,--.--,--.--,0,0,--.--,--.--,0,328.9,-28.5,-120.0,-5.0,0.4,0.0,328.9,-28.5,-120.0,-5.0,0.4,0.0,--.--,--.--,--.--,--.--,0.3,-0.9,175.0,0.2,1.5,0.0,0.00,--.--,--.--,0,0,0.0,0.0,0.0,0,0,0,--.--,--.--,--.--
2025-10-30 11:54:14.838,0.3,-0.1,175,-0.2,-0.2,-0.0,5.0,0.0,0.000,-0.0,120.0,97.7,-260.3,119.994,0.000,0.000,0.000,1061.2,00:04:35,325.0,65.0,6,--.--,0,175,--.--,0000:00:00,49,0,0,1,1,15.30,-1.00,0,--.--,61,--.--,--:--:--,1,-15.30,11:54:14,10:54:14,10/30/25,--.--,--.--,--.--,--.--,--.--,--.--,--.--,--.--,--.--,--.--,--.--,--.--,0,--.--,--.--,--.--,--.--,--.--,--.--,--.--,--.--,--.--,--.--,--.--,--.--,--.--,--.--,--.--,--.--,0,2922.000,2964.000,2922.000,2964.000,8.305,8.410,8.305,8.410,15.300,15.300,15.300,15.300,true,true,true,true,true,true,false,false,true,true,false,false,0.01,0.04,0.00,0.04,--.--,0.00,0.08,0.08,9223372036854775808,0,--.--,--.--,--.--,--.--,--.--,0,0,0,0,44.5822802,8.9418616,32TMQ 95384 36550,0.0,0.0,175.2,3,15,--.--,--.--,,--.--,--.--,--.--,0,0,--.--,--.--,0,323.8,-28.0,-120.0,-5.0,0.4,0.0,323.9,-28.1,-120.0,-4.9,0.4,-0.0,--.--,--.--,--.--,--.--,0.3,0.5,175.1,-0.2,4.0,-0.0,0.00,--.--,--.--,0,0,0.0,0.0,0.0,0,0,0,--.--,--.--,--.--
2025-10-30 11:54:15.837,0.1,-0.6,175,-0.2,-0.9,-0.1,4.9,0.0,0.000,0.0,120.0,97.7,-260.3,119.991,0.000,0.000,0.000,1065.3,00:04:36,320.0,64.8,6,--.--,0,175,--.--,0000:00:00,49,0,0,1,1,15.30,-1.00,0,--.--,61,--.--,--:--:--,1,-15.30,11:54:15,10:54:15,10/30/25,--.--,--.--,--.--,--.--,--.--,--.--,--.--,--.--,--.--,--.--,--.--,--.--,0,--.--,--.--,--.--,--.--,--.--,--.--,--.--,--.--,--.--,--.--,--.--,--.--,--.--,--.--,--.--,--.--,0,2958.000,2922.000,2964.000,2922.000,8.395,8.305,8.410,8.305,15.300,15.300,15.300,15.300,true,true,true,true,true,true,false,false,true,true,false,false,0.01,0.04,0.00,0.04,--.--,0.00,0.08,0.08,9223372036854775808,0,--.--,--.--,--.--,--.--,--.--,0,0,0,0,44.5822352,8.9418668,32TMQ 95385 36545,0.0,0.0,175.3,3,15,--.--,--.--,,--.--,--.--,--.--,0,0,--.--,--.--,0,318.8,-27.6,-120.0,-4.9,0.4,-0.0,318.8,-27.6,-120.0,-5.0,0.4,-0.0,--.--,--.--,--.--,--.--,0.0,0.0,175.0,-0.2,3.4,-0.0,0.00,--.--,--.--,0,0,0.0,0.0,0.0,0,0,0,--.--,--.--,--.--
2025-10-30 11:54:16.838,-0.0,-1.2,175,0.1,-3.2,-0.0,5.0,0.0,0.000,0.0,120.0,97.7,-260.3,119.990,0.000,0.000,0.000,1071.5,00:04:37,315.1,63.8,6,--.--,0,175,--.--,0000:00:00,49,0,0,1,1,15.30,-1.00,0,--.--,61,--.--,--:--:--,1,-15.30,11:54:16,10:54:16,10/30/25,--.--,--.--,--.--,--.--,--.--,--.--,--.--,--.--,--.--,--.--,--.--,--.--,0,--.--,--.--,--.--,--.--,--.--,--.--,--.--,--.--,--.--,--.--,--.--,--.--,--.--,--.--,--.--,--.--,0,2976.000,2910.000,2976.000,2910.000,8.440,8.275,8.440,8.275,15.300,15.300,15.300,15.300,true,true,true,true,true,true,false,false,true,true,false,false,0.01,0.01,0.01,0.02,--.--,0.00,0.08,0.08,9223372036854775808,0,--.--,--.--,--.--,--.--,--.--,0,0,0,0,44.5821917,8.9418718,32TMQ 95385 36540,0.0,0.0,175.1,3,15,--.--,--.--,,--.--,--.--,--.--,0,0,--.--,--.--,0,313.9,-27.2,-120.0,-4.9,0.4,-0.0,313.9,-27.2,-120.0,-5.0,0.5,-0.0,--.--,--.--,--.--,--.--,-0.0,-1.5,175.0,0.1,0.0,0.0,0.00,--.--,--.--,0,0,0.0,0.0,0.0,0,0,0,--.--,--.--,--.--
2025-10-30 11:54:17.837,0.2,-0.8,175,0.2,0.7,-0.0,5.0,0.0,0.000,0.0,120.0,97.7,-260.3,119.991,0.000,0.000,0.000,1075.6,00:04:38,310.1,61.8,6,--.--,0,175,--.--,0000:00:00,49,0,0,1,1,15.30,-1.00,0,--.--,61,--.--,--:--:--,1,-15.30,11:54:17,10:54:17,10/30/25,--.--,--.--,--.--,--.--,--.--,--.--,--.--,--.--,--.--,--.--,--.--,--.--,0,--.--,--.--,--.--,--.--,--.--,--.--,--.--,--.--,--.--,--.--,--.--,--.--,--.--,--.--,--.--,--.--,0,2916.000,2970.000,2916.000,2970.000,8.290,8.425,8.290,8.425,15.300,15.300,15.300,15.300,true,true,true,true,true,true,false,false,true,true,false,false,0.01,0.01,0.01,0.02,--.--,0.00,0.08,0.08,9223372036854775808,0,--.--,--.--,--.--,--.--,--.--,0,0,0,0,44.5821467,8.9418775,32TMQ 95385 36535,0.0,0.0,174.7,3,15,--.--,--.--,,--.--,--.--,--.--,0,0,--.--,--.--,0,309.0,-26.8,-120.0,-5.0,0.4,-0.0,309.0,-26.8,-120.0,-5.0,0.4,-0.0,--.--,--.--,--.--,--.--,0.2,-0.2,175.0,0.3,4.5,0.0,0.00,--.--,--.--,0,0,0.0,0.0,0.0,0,0,0,--.--,--.--,--.--
2025-10-30 11:54:18.836,0.3,-0.3,175,0.1,-0.1,-0.0,5.0,0.0,0.000,0.0,120.0,97.7,-260.3,119.993,0.000,0.000,0.000,1081.7,00:04:39,305.1,60.7,6,--.--,0,175,--.--,0000:00:00,48,0,0,1,1,15.30,-1.00,0,--.--,61,--.--,--:--:--,1,-15.30,11:54:18,10:54:18,10/30/25,--.--,--.--,--.--,--.--,--.--,--.--,--.--,--.--,--.--,--.--,--.--,--.--,0,--.--,--.--,--.--,--.--,--.--,--.--,--.--,--.--,--.--,--.--,--.--,--.--,--.--,--.--,--.--,--.--,0,2928.000,2958.000,2928.000,2958.000,8.320,8.395,8.320,8.395,15.300,15.300,15.300,15.300,true,true,true,true,true,true,false,false,true,true,false,false,0.00,0.02,0.00,0.04,--.--,0.00,0.08,0.08,9223372036854775808,0,--.--,--.--,--.--,--.--,--.--,0,0,0,0,44.5821011,8.9418834,32TMQ 95386 36530,0.0,0.0,174.8,3,15,--.--,--.--,,--.--,--.--,--.--,0,0,--.--,--.--,0,303.9,-26.3,-120.0,-5.0,0.4,-0.0,304.0,-26.3,-120.0,-4.9,0.4,-0.0,--.--,--.--,--.--,--.--,0.4,-0.6,175.1,0.1,-1.6,0.0,0.00,--.--,--.--,0,0,0.0,0.0,0.0,0,0,0,--.--,--.--,--.--
2025-10-30 11:54:19.842,0.2,-0.4,175,-0.2,-0.6,-0.0,5.0,0.0,0.000,-0.0,120.0,97.7,-260.3,119.996,0.000,0.000,0.000,1085.8,00:04:41,300.0,60.4,6,--.--,0,175,--.--,0000:00:00,48,0,0,1,1,15.30,-1.00,0,--.--,61,--.--,--:--:--,1,-15.30,11:54:19,10:54:19,10/30/25,--.--,--.--,--.--,--.--,--.--,--.--,--.--,--.--,--.--,--.--,--.--,--.--,0,--.--,--.--,--.--,--.--,--.--,--.--,--.--,--.--,--.--,--.--,--.--,--.--,--.--,--.--,--.--,--.--,0,2940.000,2940.000,2940.000,2940.000,8.350,8.350,8.350,8.350,15.300,15.300,15.300,15.300,true,true,true,true,true,true,false,false,true,true,false,false,0.00,0.02,0.00,0.04,--.--,0.00,0.08,0.08,9223372036854775808,0,--.--,--.--,--.--,--.--,--.--,0,0,0,0,44.5820566,8.9418888,32TMQ 95386 36525,0.0,0.0,175.3,3,15,--.--,--.--,,--.--,--.--,--.--,0,0,--.--,--.--,0,298.9,-25.9,-120.0,-5.0,0.4,0.0,299.0,-25.9,-120.0,-4.9,0.4,0.0,--.--,--.--,--.--,--.--,0.2,-0.6,175.1,-0.2,0.9,-0.1,0.00,--.--,--.--,0,0,0.0,0.0,0.0,0,0,0,--.--,--.--,--.--
2025-10-30 11:54:20.847,0.0,-0.7,175,-0.2,-0.2,-0.0,5.0,0.0,0.000,-0.0,120.0,97.7,-260.3,119.999,0.000,0.000,0.000,1092.0,00:04:42,295.0,59.6,6,--.--,0,175,--.--,0000:00:00,48,0,0,1,1,15.30,-1.00,0,--.--,61,--.--,--:--:--,1,-15.30,11:54:20,10:54:20,10/30/25,--.--,--.--,--.--,--.--,--.--,--.--,--.--,--.--,--.--,--.--,--.--,--.--,0,--.--,--.--,--.--,--.--,--.--,--.--,--.--,--.--,--.--,--.--,--.--,--.--,--.--,--.--,--.--,--.--,0,2922.000,2952.000,2928.000,2952.000,8.305,8.380,8.320,8.380,15.300,15.300,15.300,15.300,true,true,true,true,true,true,false,false,true,true,false,false,0.00,0.00,0.01,0.02,--.--,0.00,0.08,0.08,9223372036854775808,0,--.--,--.--,--.--,--.--,--.--,0,0,0,0,44.5820118,8.9418939,32TMQ 95387 36520,0.0,0.0,175.3,3,15,--.--,--.--,,--.--,--.--,--.--,0,0,--.--,--.--,0,293.9,-25.5,-120.0,-4.9,0.4,0.0,294.0,-25.5,-120.0,-4.9,0.4,0.0,--.--,--.--,--.--,--.--,-0.0,-0.6,175.0,-0.3,0.7,-0.0,0.00,--.--,--.--,0,0,0.0,0.0,0.0,0,0,0,--.--,--.--,--.--
2025-10-30 11:54:21.835,0.0,-0.9,175,0.1,-0.3,-0.0,5.0,0.0,0.000,-0.0,120.0,97.7,-260.3,120.002,0.000,0.000,0.000,1096.0,00:04:42,290.1,58.4,6,--.--,0,175,--.--,0000:00:00,48,0,0,1,1,15.30,-1.00,0,--.--,61,--.--,--:--:--,1,-15.30,11:54:21,10:54:21,10/30/25,--.--,--.--,--.--,--.--,--.--,--.--,--.--,--.--,--.--,--.--,--.--,--.--,0,--.--,--.--,--.--,--.--,--.--,--.--,--.--,--.--,--.--,--.--,--.--,--.--,--.--,--.--,--.--,--.--,0,2916.000,2964.000,2916.000,2964.000,8.290,8.410,8.290,8.410,15.300,15.300,15.300,15.300,true,true,true,true,true,true,false,false,true,true,false,false,0.00,0.00,0.01,0.02,--.--,0.00,0.08,0.08,9223372036854775808,0,--.--,--.--,--.--,--.--,--.--,0,0,0,0,44.5819670,8.9418992,32TMQ 95387 36515,0.0,0.0,175.0,3,15,--.--,--.--,,--.--,--.--,--.--,0,0,--.--,--.--,0,289.0,-25.1,-120.0,-5.0,0.4,0.0,289.0,-25.0,-120.0,-4.9,0.4,0.0,--.--,--.--,--.--,--.--,0.0,-1.2,175.0,0.1,1.0,0.0,0.00,--.--,--.--,0,0,0.0,0.0,0.0,0,0,0,--.--,--.--,--.--
2025-10-30 11:54:22.842,0.2,-0.8,175,0.1,0.1,0.1,5.0,0.0,0.000,-0.0,120.0,97.7,-260.3,120.001,0.000,0.000,0.000,1100.1,00:04:44,285.1,57.2,6,--.--,0,175,--.--,0000:00:00,48,0,0,1,1,15.30,-1.00,0,--.--,61,--.--,--:--:--,1,-15.30,11:54:22,10:54:22,10/30/25,--.--,--.--,--.--,--.--,--.--,--.--,--.--,--.--,--.--,--.--,--.--,--.--,0,--.--,--.--,--.--,--.--,--.--,--.--,--.--,--.--,--.--,--.--,--.--,--.--,--.--,--.--,--.--,--.--,0,2904.000,2976.000,2904.000,2970.000,8.260,8.440,8.260,8.425,15.300,15.300,15.300,15.300,true,true,true,true,true,true,false,false,true,true,false,false,0.01,0.01,0.00,0.03,--.--,0.00,0.08,0.08,9223372036854775808,0,--.--,--.--,--.--,--.--,--.--,0,0,0,0,44.5819228,8.9419048,32TMQ 95388 36510,0.0,0.0,174.7,3,15,--.--,--.--,,--.--,--.--,--.--,0,0,--.--,--.--,0,284.1,-24.6,-120.0,-5.0,0.4,0.0,284.0,-24.6,-120.0,-5.0,0.4,0.0,--.--,--.--,--.--,--.--,0.2,-1.1,175.0,0.2,-1.7,0.0,0.00,--.--,--.--,0,0,0.0,0.0,0.0,0,0,0,--.--,--.--,--.--
2025-10-30 11:54:23.840,0.3,0.2,175,-0.0,2.3,-0.0,5.0,0.0,0.000,-0.0,120.0,97.7,-260.3,119.999,0.000,0.000,0.000,1106.3,00:04:45,280.0,55.9,6,--.--,0,175,--.--,0000:00:00,49,0,0,1,1,15.30,-1.00,0,--.--,61,--.--,--:--:--,1,-15.30,11:54:23,10:54:23,10/30/25,--.--,--.--,--.--,--.--,--.--,--.--,--.--,--.--,--.--,--.--,--.--,--.--,0,--.--,--.--,--.--,--.--,--.--,--.--,--.--,--.--,--.--,--.--,--.--,--.--,--.--,--.--,--.--,--.--,0,2958.000,2922.000,2958.000,2916.000,8.395,8.305,8.395,8.290,15.300,15.300,15.300,15.300,true,true,true,true,true,true,false,false,true,true,false,false,0.01,0.01,0.00,0.03,--.--,0.00,0.08,0.08,9223372036854775808,0,--.--,--.--,--.--,--.--,--.--,0,0,0,0,44.5818774,8.9419106,32TMQ 95388 36505,0.0,0.0,174.9,3,15,--.--,--.--,,--.--,--.--,--.--,0,0,--.--,--.--,0,278.9,-24.2,-120.0,-5.0,0.4,0.0,279.1,-24.2,-120.0,-4.9,0.4,0.0,--.--,--.--,--.--,--.--,0.3,1.1,175.1,-0.0,4.9,-0.1,0.00,--.--,--.--,0,0,0.0,0.0,0.0,0,0,0,--.--,--.--,--.--
2025-10-30 11:54:24.836,0.2,-0.5,175,-0.2,-1.1,-0.0,4.9,0.0,0.000,-0.0,120.0,97.7,-260.3,119.995,0.000,0.000,0.000,1110.4,00:04:45,275.0,55.9,6,--.--,0,175,--.--,0000:00:00,49,0,0,1,1,15.30,-1.00,0,--.--,61,--.--,--:--:--,1,-15.30,11:54:24,10:54:24,10/30/25,--.--,--.--,--.--,--.--,--.--,--.--,--.--,--.--,--.--,--.--,--.--,--.--,0,--.--,--.--,--.--,--.--,--.--,--.--,--.--,--.--,--.--,--.--,--.--,--.--,--.--,--.--,--.--,--.--,0,2958.000,2922.000,2958.000,2922.000,8.395,8.305,8.395,8.305,15.300,15.300,15.300,15.300,true,true,true,true,true,true,false,false,true,true,false,false,0.01,0.01,0.01,0.01,--.--,0.00,0.08,0.08,9223372036854775808,0,--.--,--.--,--.--,--.--,--.--,0,0,0,0,44.5818332,8.9419158,32TMQ 95388 36500,0.0,0.0,175.3,3,15,--.--,--.--,,--.--,--.--,--.--,0,0,--.--,--.--,0,274.0,-23.7,-120.0,-4.9,0.4,0.0,274.1,-23.8,-120.0,-4.9,0.4,0.0,--.--,--.--,--.--,--.--,0.1,0.0,175.1,-0.2,0.3,0.0,0.00,--.--,--.--,0,0,0.0,0.0,0.0,0,0,0,--.--,--.--,--.--
2025-10-30 11:54:25.836,0.0,-1.1,175,-0.1,-0.3,-0.0,5.0,0.0,0.000,0.0,120.0,97.7,-260.3,119.991,0.000,0.000,0.000,1116.6,00:04:46,270.1,54.7,6,--.--,0,175,--.--,0000:00:00,49,0,0,1,1,15.30,-1.00,0,--.--,61,--.--,--:--:--,1,-15.30,11:54:25,10:54:25,10/30/25,--.--,--.--,--.--,--.--,--.--,--.--,--.--,--.--,--.--,--.--,--.--,--.--,0,--.--,--.--,--.--,--.--,--.--,--.--,--.--,--.--,--.--,--.--,--.--,--.--,--.--,--.--,--.--,--.--,0,2964.000,2922.000,2964.000,2922.000,8.410,8.305,8.410,8.305,15.300,15.300,15.300,15.300,true,true,true,true,true,true,false,false,true,true,false,false,0.01,0.01,0.01,0.01,--.--,0.00,0.08,0.08,9223372036854775808,0,--.--,--.--,--.--,--.--,--.--,0,0,0,0,44.5817886,8.9419210,32TMQ 95389 36495,0.0,0.0,175.2,3,15,--.--,--.--,,--.--,--.--,--.--,0,0,--.--,--.--,0,269.0,-23.3,-120.0,-4.9,0.4,-0.0,269.0,-23.3,-120.0,-5.0,0.4,-0.0,--.--,--.--,--.--,--.--,0.0,-0.9,175.0,-0.1,0.9,0.1,0.00,--.--,--.--,0,0,0.0,0.0,0.0,0,0,0,--.--,--.--,--.--
2025-10-30 11:54:26.847,0.1,-0.9,175,0.1,0.9,-0.0,5.0,0.0,0.000,0.0,120.0,97.7,-260.3,119.988,0.000,0.000,0.000,1120.7,00:04:48,265.1,53.1,6,--.--,0,175,--.--,0000:00:00,49,0,0,1,1,15.30,-1.00,0,--.--,61,--.--,--:--:--,1,-15.30,11:54:26,10:54:26,10/30/25,--.--,--.--,--.--,--.--,--.--,--.--,--.--,--.--,--.--,--.--,--.--,--.--,0,--.--,--.--,--.--,--.--,--.--,--.--,--.--,--.--,--.--,--.--,--.--,--.--,--.--,--.--,--.--,--.--,0,2964.000,2922.000,2964.000,2922.000,8.410,8.305,8.410,8.305,15.300,15.300,15.300,15.300,true,true,true,true,true,true,false,false,true,true,false,false,0.00,0.00,0.00,0.05,--.--,0.00,0.08,0.08,9223372036854775808,0,--.--,--.--,--.--,--.--,--.--,0,0,0,0,44.5817435,8.9419264,32TMQ 95389 36490,0.0,0.0,174.8,3,15,--.--,--.--,,--.--,--.--,--.--,0,0,--.--,--.--,0,264.1,-22.9,-120.0,-5.0,0.4,-0.0,264.0,-22.9,-120.0,-5.0,0.4,-0.0,--.--,--.--,--.--,--.--,0.1,-0.8,175.0,0.1,1.3,0.0,0.00,--.--,--.--,0,0,0.0,0.0,0.0,0,0,0,--.--,--.--,--.--
2025-10-30 11:54:27.839,0.3,-0.8,175,0.1,0.8,-0.0,5.0,0.0,0.000,0.0,120.0,97.7,-260.3,119.988,0.000,0.000,0.000,1126.8,00:04:48,260.1,51.8,6,--.--,0,175,--.--,0000:00:00,49,0,0,1,1,15.30,-1.00,0,--.--,61,--.--,--:--:--,1,-15.30,11:54:27,10:54:27,10/30/25,--.--,--.--,--.--,--.--,--.--,--.--,--.--,--.--,--.--,--.--,--.--,--.--,0,--.--,--.--,--.--,--.--,--.--,--.--,--.--,--.--,--.--,--.--,--.--,--.--,--.--,--.--,--.--,--.--,0,2976.000,2910.000,2976.000,2910.000,8.440,8.275,8.440,8.275,15.300,15.300,15.300,15.300,true,true,true,true,true,true,false,false,true,true,false,false,0.00,0.00,0.00,0.05,--.--,0.00,0.08,0.08,9223372036854775808,0,--.--,--.--,--.--,--.--,--.--,0,0,0,0,44.5816990,8.9419321,32TMQ 95390 36485,0.0,0.0,174.7,3,15,--.--,--.--,,--.--,--.--,--.--,0,0,--.--,--.--,0,259.1,-22.4,-120.0,-5.0,0.4,-0.0,259.1,-22.4,-120.0,-5.0,0.4,-0.0,--.--,--.--,--.--,--.--,0.3,-0.6,175.0,0.2,2.2,-0.1,0.00,--.--,--.--,0,0,0.0,0.0,0.0,0,0,0,--.--,--.--,--.--
2025-10-30 11:54:28.838,0.3,-0.3,175,-0.1,0.2,-0.0,5.0,0.0,0.000,0.0,120.0,97.7,-260.3,119.990,0.000,0.000,0.000,1130.9,00:04:49,255.1,50.8,6,--.--,0,175,--.--,0000:00:00,48,0,0,1,1,15.30,-1.00,0,--.--,61,--.--,--:--:--,1,-15.30,11:54:28,10:54:28,10/30/25,--.--,--.--,--.--,--.--,--.--,--.--,--.--,--.--,--.--,--.--,--.--,--.--,0,--.--,--.--,--.--,--.--,--.--,--.--,--.--,--.--,--.--,--.--,--.--,--.--,--.--,--.--,--.--,--.--,0,2958.000,2922.000,2958.000,2928.000,8.395,8.305,8.395,8.320,15.300,15.300,15.300,15.300,true,true,true,true,true,true,false,false,true,true,false,false,0.01,0.00,0.00,0.06,--.--,0.00,0.08,0.08,9223372036854775808,0,--.--,--.--,--.--,--.--,--.--,0,0,0,0,44.5816533,8.9419379,32TMQ 95390 36480,0.0,0.0,175.0,3,15,--.--,--.--,,--.--,--.--,--.--,0,0,--.--,--.--,0,254.1,-22.0,-120.0,-5.0,0.4,-0.0,254.1,-22.0,-120.0,-5.0,0.4,-0.0,--.--,--.--,--.--,--.--,0.3,-0.2,175.1,-0.1,1.1,-0.0,0.00,--.--,--.--,0,0,0.0,0.0,0.0,0,0,0,--.--,--.--,--.--
2025-10-30 11:54:29.835,0.1,-0.7,175,-0.1,0.3,0.0,5.0,0.0,0.000,-0.0,120.0,97.7,-260.3,119.996,0.000,0.000,0.000,1135.1,00:04:50,250.1,50.2,6,--.--,0,175,--.--,0000:00:00,48,0,0,1,1,15.30,-1.00,0,--.--,61,--.--,--:--:--,1,-15.30,11:54:29,10:54:29,10/30/25,--.--,--.--,--.--,--.--,--.--,--.--,--.--,--.--,--.--,--.--,--.--,--.--,0,--.--,--.--,--.--,--.--,--.--,--.--,--.--,--.--,--.--,--.--,--.--,--.--,--.--,--.--,--.--,--.--,0,2952.000,2922.000,2952.000,2922.000,8.380,8.305,8.380,8.305,15.300,15.300,15.300,15.300,true,true,true,true,true,true,false,false,true,true,false,false,0.01,0.00,0.00,0.06,--.--,0.00,0.08,0.08,9223372036854775808,0,--.--,--.--,--.--,--.--,--.--,0,0,0,0,44.5816089,8.9419431,32TMQ 95391 36475,0.0,0.0,175.3,3,15,--.--,--.--,,--.--,--.--,--.--,0,0,--.--,--.--,0,249.1,-21.6,-120.0,-5.0,0.4,0.0,249.1,-21.6,-120.0,-5.0,0.4,0.0,--.--,--.--,--.--,--.--,0.1,-0.6,175.0,-0.2,-0.0,-0.0,0.00,--.--,--.--,0,0,0.0,0.0,0.0,0,0,0,--.--,--.--,--.--
2025-10-30 11:54:30.838,0.0,-0.6,175,-0.0,-0.4,-0.0,5.0,0.0,0.000,-0.0,120.0,97.7,-260.3,119.998,0.000,0.000,0.000,1141.4,00:04:51,245.1,49.3,6,--.--,0,175,--.--,0000:00:00,48,0,0,1,1,15.30,-1.00,0,--.--,61,--.--,--:--:--,1,-15.30,11:54:30,10:54:30,10/30/25,--.--,--.--,--.--,--.--,--.--,--.--,--.--,--.--,--.--,--.--,--.--,--.--,0,--.--,--.--,--.--,--.--,--.--,--.--,--.--,--.--,--.--,--.--,--.--,--.--,--.--,--.--,--.--,--.--,0,2964.000,2916.000,2958.000,2916.000,8.410,8.290,8.395,8.290,15.300,15.300,15.300,15.300,true,true,true,true,true,true,false,false,true,true,false,false,0.01,0.02,0.00,0.03,--.--,0.00,0.08,0.08,9223372036854775808,0,--.--,--.--,--.--,--.--,--.--,0,0,0,0,44.5815639,8.9419483,32TMQ 95391 36470,0.0,0.0,175.1,3,15,--.--,--.--,,--.--,--.--,--.--,0,0,--.--,--.--,0,244.1,-21.2,-120.0,-5.0,0.4,0.0,244.2,-21.2,-120.0,-4.9,0.4,0.0,--.--,--.--,--.--,--.--,-0.0,-0.4,175.0,-0.0,0.9,0.1,0.00,--.--,--.--,0,0,0.0,0.0,0.0,0,0,0,--.--,--.--,--.--
2025-10-30 11:54:31.838,0.1,-0.8,175,0.2,-0.8,0.1,5.0,0.0,0.000,-0.0,120.0,97.7,-260.3,119.998,0.000,0.000,0.000,1145.5,00:04:52,240.1,48.4,6,--.--,0,175,--.--,0000:00:00,48,0,0,1,1,15.30,-1.00,0,--.--,61,--.--,--:--:--,1,-15.30,11:54:31,10:54:31,10/30/25,--.--,--.--,--.--,--.--,--.--,--.--,--.--,--.--,--.--,--.--,--.--,--.--,0,--.--,--.--,--.--,--.--,--.--,--.--,--.--,--.--,--.--,--.--,--.--,--.--,--.--,--.--,--.--,--.--,0,2904.000,2982.000,2898.000,2976.000,8.260,8.455,8.245,8.440,15.300,15.300,15.300,15.300,true,true,true,true,true,true,false,false,true,true,false,false,0.01,0.02,0.00,0.03,--.--,0.00,0.08,0.08,9223372036854775808,0,--.--,--.--,--.--,--.--,--.--,0,0,0,0,44.5815191,8.9419538,32TMQ 95391 36465,0.0,0.0,174.8,3,15,--.--,--.--,,--.--,--.--,--.--,0,0,--.--,--.--,0,239.2,-20.7,-120.0,-5.0,0.4,0.0,239.2,-20.7,-120.0,-5.0,0.4,0.0,--.--,--.--,--.--,--.--,0.2,-1.1,175.0,0.2,0.6,0.0,0.00,--.--,--.--,0,0,0.0,0.0,0.0,0,0,0,--.--,--.--,--.--
2025-10-30 11:54:32.837,0.3,-0.9,175,0.1,-1.5,-0.0,5.0,0.0,0.000,-0.0,120.0,97.7,-260.3,119.997,0.000,0.000,0.000,1151.7,00:04:53,235.1,47.3,6,--.--,0,175,--.--,0000:00:00,49,0,0,1,1,15.30,-1.00,0,--.--,61,--.--,--:--:--,1,-15.30,11:54:32,10:54:32,10/30/25,--.--,--.--,--.--,--.--,--.--,--.--,--.--,--.--,--.--,--.--,--.--,--.--,0,--.--,--.--,--.--,--.--,--.--,--.--,--.--,--.--,--.--,--.--,--.--,--.--,--.--,--.--,--.--,--.--,0,2910.000,2970.000,2910.000,2970.000,8.275,8.425,8.275,8.425,15.300,15.300,15.300,15.300,true,true,true,true,true,true,false,false,true,true,false,false,0.01,0.02,0.00,0.03,--.--,0.00,0.08,0.08,9223372036854775808,0,--.--,--.--,--.--,--.--,--.--,0,0,0,0,44.5814752,8.9419594,32TMQ 95392 36460,0.0,0.0,174.8,3,15,--.--,--.--,,--.--,--.--,--.--,0,0,--.--,--.--,0,234.2,-20.3,-120.0,-5.0,0.4,0.0,234.2,-20.3,-120.0,-5.0,0.4,0.0,--.--,--.--,--.--,--.--,0.3,-0.3,175.0,0.1,1.0,-0.0,0.00,--.--,--.--,0,0,0.0,0.0,0.0,0,0,0,--.--,--.--,--.--
2025-10-30 11:54:33.835,0.2,-0.8,175,-0.2,-0.0,-0.0,5.0,0.0,0.000,-0.0,120.0,97.7,-260.3,119.996,0.000,0.000,0.000,1155.8,00:04:54,230.2,46.1,6,--.--,0,175,--.--,0000:00:00,49,0,0,1,1,15.30,-1.00,0,--.--,61,--.--,--:--:--,1,-15.30,11:54:33,10:54:33,10/30/25,--.--,--.--,--.--,--.--,--.--,--.--,--.--,--.--,--.--,--.--,--.--,--.--,0,--.--,--.--,--.--,--.--,--.--,--.--,--.--,--.--,--.--,--.--,--.--,--.--,--.--,--.--,--.--,--.--,0,2928.000,2952.000,2928.000,2952.000,8.320,8.380,8.320,8.380,15.300,15.300,15.300,15.300,true,true,true,true,true,true,false,false,true,true,false,false,0.01,0.02,0.00,0.03,--.--,0.00,0.08,0.08,9223372036854775808,0,--.--,--.--,--.--,--.--,--.--,0,0,0,0,44.5814300,8.9419649,32TMQ 95392 36455,0.0,0.0,175.2,3,15,--.--,--.--,,--.--,--.--,--.--,0,0,--.--,--.--,0,229.3,-19.9,-120.0,-5.0,0.4,0.0,229.3,-19.9,-120.0,-5.0,0.4,0.0,--.--,--.--,--.--,--.--,0.2,-0.1,175.1,-0.2,4.2,-0.0,0.00,--.--,--.--,0,0,0.0,0.0,0.0,0,0,0,--.--,--.--,--.--
2025-10-30 11:54:34.836,0.1,-0.7,175,-0.1,-0.8,-0.0,5.0,0.0,0.000,-0.0,120.0,97.7,-260.3,119.993,0.000,0.000,0.000,1161.9,00:04:55,225.1,45.1,6,--.--,0,175,--.--,0000:00:00,49,0,0,1,1,15.30,-1.00,0,--.--,61,--.--,--:--:--,1,-15.30,11:54:34,10:54:34,10/30/25,--.--,--.--,--.--,--.--,--.--,--.--,--.--,--.--,--.--,--.--,--.--,--.--,0,--.--,--.--,--.--,--.--,--.--,--.--,--.--,--.--,--.--,--.--,--.--,--.--,--.--,--.--,--.--,--.--,0,2958.000,2922.000,2958.000,2922.000,8.395,8.305,8.395,8.305,15.300,15.300,15.300,15.300,true,true,true,true,true,true,false,false,true,true,false,false,0.00,0.01,0.00,0.02,--.--,0.00,0.08,0.08,9223372036854775808,0,--.--,--.--,--.--,--.--,--.--,0,0,0,0,44.5813855,8.9419701,32TMQ 95393 36450,0.0,0.0,175.2,3,15,--.--,--.--,,--.--,--.--,--.--,0,0,--.--,--.--,0,224.2,-19.4,-120.0,-5.0,0.4,0.0,224.3,-19.4,-120.0,-5.0,0.4,-0.0,--.--,--.--,--.--,--.--,0.0,-1.0,175.0,-0.1,0.8,0.0,0.00,--.--,--.--,0,0,0.0,0.0,0.0,0,0,0,--.--,--.--,--.--
2025-10-30 11:54:35.838,0.1,-1.3,175,0.1,3.2,-0.0,5.0,0.0,0.000,0.0,120.0,97.7,-260.3,119.990,0.000,0.000,0.000,1166.1,00:04:56,220.2,44.2,6,--.--,0,175,--.--,0000:00:00,49,0,0,1,1,15.30,-1.00,0,--.--,61,--.--,--:--:--,1,-15.30,11:54:35,10:54:35,10/30/25,--.--,--.--,--.--,--.--,--.--,--.--,--.--,--.--,--.--,--.--,--.--,--.--,0,--.--,--.--,--.--,--.--,--.--,--.--,--.--,--.--,--.--,--.--,--.--,--.--,--.--,--.--,--.--,--.--,0,2910.000,2970.000,2910.000,2970.000,8.275,8.425,8.275,8.425,15.300,15.300,15.300,15.300,true,true,true,true,true,true,false,false,true,true,false,false,0.00,0.01,0.00,0.02,--.--,0.00,0.08,0.08,9223372036854775808,0,--.--,--.--,--.--,--.--,--.--,0,0,0,0,44.5813403,8.9419755,32TMQ 95393 36445,0.0,0.0,174.9,3,15,--.--,--.--,,--.--,--.--,--.--,0,0,--.--,--.--,0,219.3,-19.0,-120.0,-5.0,0.4,-0.0,219.2,-19.0,-120.0,-5.1,0.4,-0.0,--.--,--.--,--.--,--.--,0.1,-1.0,175.0,0.0,4.0,-0.1,0.00,--.--,--.--,0,0,0.0,0.0,0.0,0,0,0,--.--,--.--,--.--
2025-10-30 11:54:36.837,0.2,-0.7,175,0.2,0.7,-0.1,5.0,0.0,0.000,0.0,120.0,97.7,-260.3,119.989,0.000,0.000,0.000,1170.3,00:04:57,215.1,42.8,6,--.--,0,175,--.--,0000:00:00,49,0,0,1,1,15.30,-1.00,0,--.--,61,--.--,--:--:--,1,-15.30,11:54:36,10:54:36,10/30/25,--.--,--.--,--.--,--.--,--.--,--.--,--.--,--.--,--.--,--.--,--.--,--.--,0,--.--,--.--,--.--,--.--,--.--,--.--,--.--,--.--,--.--,--.--,--.--,--.--,--.--,--.--,--.--,--.--,0,2958.000,2928.000,2958.000,2928.000,8.395,8.320,8.395,8.320,15.300,15.300,15.300,15.300,true,true,true,true,true,true,false,false,true,true,false,false,0.02,0.01,0.00,0.04,--.--,0.00,0.08,0.08,9223372036854775808,0,--.--,--.--,--.--,--.--,--.--,0,0,0,0,44.5812949,8.9419813,32TMQ 95394 36440,0.0,0.0,174.8,3,15,--.--,--.--,,--.--,--.--,--.--,0,0,--.--,--.--,0,214.3,-18.6,-120.0,-5.0,0.4,-0.0,214.3,-18.6,-120.0,-5.0,0.4,-0.0,--.--,--.--,--.--,--.--,0.2,0.0,175.0,0.1,4.9,-0.0,0.00,--.--,--.--,0,0,0.0,0.0,0.0,0,0,0,--.--,--.--,--.--
2025-10-30 11:54:37.839,0.3,-0.2,175,-0.1,-1.3,0.1,5.0,0.0,0.000,0.0,120.0,97.7,-259.3,119.989,0.000,0.000,0.000,1176.4,00:04:58,210.0,42.0,6,--.--,0,175,--.--,0000:00:00,49,0,0,1,1,15.30,-1.00,0,--.--,61,--.--,--:--:--,1,-15.30,11:54:37,10:54:37,10/30/25,--.--,--.--,--.--,--.--,--.--,--.--,--.--,--.--,--.--,--.--,--.--,--.--,0,--.--,--.--,--.--,--.--,--.--,--.--,--.--,--.--,--.--,--.--,--.--,--.--,--.--,--.--,--.--,--.--,0,2964.000,2922.000,2958.000,2922.000,8.410,8.305,8.395,8.305,15.300,15.300,15.300,15.300,true,true,true,true,true,true,false,false,true,true,false,false,0.02,0.01,0.00,0.04,--.--,0.00,0.08,0.08,9223372036854775808,0,--.--,--.--,--.--,--.--,--.--,0,0,0,0,44.5812502,8.9419869,32TMQ 95394 36435,0.0,0.0,175.0,3,15,--.--,--.--,,--.--,--.--,--.--,0,0,--.--,--.--,0,209.2,-18.1,-120.0,-5.0,0.4,-0.0,209.3,-18.1,-120.0,-4.9,0.4,-0.0,--.--,--.--,--.--,--.--,0.3,-0.5,175.1,-0.1,1.3,0.1,0.00,--.--,--.--,0,0,0.0,0.0,0.0,0,0,0,--.--,--.--,--.--
2025-10-30 11:54:38.835,0.1,-0.4,175,-0.2,-0.2,-0.0,5.0,0.0,0.000,0.0,120.0,97.7,-259.3,119.990,0.000,0.000,0.000,1180.6,00:04:59,205.0,41.4,6,--.--,0,175,--.--,0000:00:00,49,0,0,1,1,15.30,-1.00,0,--.--,61,--.--,--:--:--,1,-15.30,11:54:38,10:54:38,10/30/25,--.--,--.--,--.--,--.--,--.--,--.--,--.--,--.--,--.--,--.--,--.--,--.--,0,--.--,--.--,--.--,--.--,--.--,--.--,--.--,--.--,--.--,--.--,--.--,--.--,--.--,--.--,--.--,--.--,0,2934.000,2946.000,2934.000,2946.000,8.335,8.365,8.335,8.365,15.300,15.300,15.300,15.300,true,true,true,true,true,true,false,false,true,true,false,false,0.00,0.03,0.00,0.04,--.--,0.00,0.08,0.08,9223372036854775808,0,--.--,--.--,--.--,--.--,--.--,0,0,0,0,44.5812051,8.9419922,32TMQ 95394 36430,0.0,0.0,175.3,3,15,--.--,--.--,,--.--,--.--,--.--,0,0,--.--,--.--,0,204.2,-17.7,-120.0,-4.9,0.4,-0.0,204.4,-17.7,-120.0,-5.0,0.4,-0.0,--.--,--.--,--.--,--.--,0.1,-0.3,175.1,-0.2,0.6,-0.0,0.00,--.--,--.--,0,0,0.0,0.0,0.0,0,0,0,--.--,--.--,--.--
2025-10-30 11:54:39.839,0.0,-1.0,175,-0.1,0.0,-0.0,4.9,0.0,0.000,-0.0,120.0,97.7,-259.3,119.993,0.000,0.000,0.000,1186.7,00:05:00,200.1,40.6,6,--.--,0,175,--.--,0000:00:00,48,0,0,1,1,15.30,-1.00,0,--.--,61,--.--,--:--:--,1,-15.30,11:54:39,10:54:39,10/30/25,--.--,--.--,--.--,--.--,--.--,--.--,--.--,--.--,--.--,--.--,--.--,--.--,0,--.--,--.--,--.--,--.--,--.--,--.--,--.--,--.--,--.--,--.--,--.--,--.--,--.--,--.--,--.--,--.--,0,2910.000,2970.000,2910.000,2970.000,8.275,8.425,8.275,8.425,15.300,15.300,15.300,15.300,true,true,true,true,true,true,false,false,true,true,false,false,0.00,0.03,0.00,0.04,--.--,0.00,0.08,0.08,9223372036854775808,0,--.--,--.--,--.--,--.--,--.--,0,0,0,0,44.5811605,8.9419974,32TMQ 95395 36425,0.0,0.0,175.2,3,15,--.--,--.--,,--.--,--.--,--.--,0,0,--.--,--.--,0,199.3,-17.3,-120.0,-4.9,0.4,0.0,199.3,-17.3,-120.0,-5.0,0.4,0.0,--.--,--.--,--.--,--.--,0.0,-0.9,175.0,-0.1,0.2,-0.0,0.00,--.--,--.--,0,0,0.0,0.0,0.0,0,0,0,--.--,--.--,--.--
2025-10-30 11:54:40.837,0.1,-1.2,175,0.2,0.3,-0.0,5.0,0.0,0.000,-0.0,120.0,97.7,-259.3,119.996,0.000,0.000,0.000,1190.9,00:05:01,195.1,39.2,6,--.--,0,175,--.--,0000:00:00,48,0,0,1,1,15.30,-1.00,0,--.--,61,--.--,--:--:--,1,-15.30,11:54:40,10:54:40,10/30/25,--.--,--.--,--.--,--.--,--.--,--.--,--.--,--.--,--.--,--.--,--.--,--.--,0,--.--,--.--,--.--,--.--,--.--,--.--,--.--,--.--,--.--,--.--,--.--,--.--,--.--,--.--,--.--,--.--,0,2958.000,2916.000,2958.000,2916.000,8.395,8.290,8.395,8.290,15.300,15.300,15.300,15.300,true,true,true,true,true,true,false,false,true,true,false,false,0.02,0.00,0.00,0.03,--.--,0.00,0.08,0.08,9223372036854775808,0,--.--,--.--,--.--,--.--,--.--,0,0,0,0,44.5811167,8.9420028,32TMQ 95395 36421,0.0,0.0,174.8,3,15,--.--,--.--,,--.--,--.--,--.--,0,0,--.--,--.--,0,194.5,-16.9,-120.0,-5.0,0.4,0.0,194.5,-16.9,-120.0,-5.0,0.4,0.0,--.--,--.--,--.--,--.--,0.1,-0.5,175.0,0.2,4.3,-0.0,0.00,--.--,--.--,0,0,0.0,0.0,0.0,0,0,0,--.--,--.--,--.--
2025-10-30 11:54:41.837,0.3,-0.6,175,0.1,0.0,-0.0,5.0,0.0,0.000,-0.0,120.0,97.7,-259.3,119.997,0.000,0.000,0.000,1195.1,00:05:02,190.1,38.0,6,--.--,0,175,--.--,0000:00:00,48,0,0,1,1,15.30,-1.00,0,--.--,61,--.--,--:--:--,1,-15.30,11:54:41,10:54:41,10/30/25,--.--,--.--,--.--,--.--,--.--,--.--,--.--,--.--,--.--,--.--,--.--,--.--,0,--.--,--.--,--.--,--.--,--.--,--.--,--.--,--.--,--.--,--.--,--.--,--.--,--.--,--.--,--.--,--.--,0,2958.000,2922.000,2958.000,2922.000,8.395,8.305,8.395,8.305,15.300,15.300,15.300,15.300,true,true,true,true,true,true,false,false,true,true,false,false,0.02,0.00,0.00,0.03,--.--,0.00,0.08,0.08,9223372036854775808,0,--.--,--.--,--.--,--.--,--.--,0,0,0,0,44.5810713,8.9420086,32TMQ 95396 36416,0.0,0.0,174.8,3,15,--.--,--.--,,--.--,--.--,--.--,0,0,--.--,--.--,0,189.4,-16.4,-120.0,-5.0,0.4,0.0,189.4,-16.4,-120.0,-5.0,0.4,0.0,--.--,--.--,--.--,--.--,0.3,-0.4,175.1,0.2,1.5,0.0,0.00,--.--,--.--,0,0,0.0,0.0,0.0,0,0,0,--.--,--.--,--.--
2025-10-30 11:54:42.838,0.3,-0.5,175,-0.2,-1.2,-0.0,5.0,0.0,0.000,-0.0,120.0,97.7,-259.3,119.997,0.000,0.000,0.000,1201.4,00:05:03,185.2,37.1,6,--.--,0,175,--.--,0000:00:00,48,0,0,1,1,15.30,-1.00,0,--.--,61,--.--,--:--:--,1,-15.30,11:54:42,10:54:42,10/30/25,--.--,--.--,--.--,--.--,--.--,--.--,--.--,--.--,--.--,--.--,--.--,--.--,0,--.--,--.--,--.--,--.--,--.--,--.--,--.--,--.--,--.--,--.--,--.--,--.--,--.--,--.--,--.--,--.--,0,2958.000,2922.000,2958.000,2916.000,8.395,8.305,8.395,8.290,15.300,15.300,15.300,15.300,true,true,true,true,true,true,false,false,true,true,false,false,0.01,0.01,0.01,0.04,--.--,0.00,0.08,0.08,9223372036854775808,0,--.--,--.--,--.--,--.--,--.--,0,0,0,0,44.5810268,8.9420141,32TMQ 95396 36411,0.0,0.0,175.1,3,15,--.--,--.--,,--.--,--.--,--.--,0,0,--.--,--.--,0,184.5,-16.0,-120.0,-5.0,0.4,0.0,184.4,-16.0,-120.0,-5.0,0.4,0.0,--.--,--.--,--.--,--.--,0.3,0.2,175.1,-0.1,1.4,-0.0,0.00,--.--,--.--,0,0,0.0,0.0,0.0,0,0,0,--.--,--.--,--.--
2025-10-30 11:54:43.836,0.1,0.0,175,-0.2,-2.2,-0.0,5.0,0.0,0.000,-0.0,120.0,97.7,-258.3,119.993,0.000,0.000,0.000,1205.5,00:05:04,180.1,36.4,6,--.--,0,175,--.--,0000:00:00,49,0,0,1,1,15.30,-1.00,0,--.--,61,--.--,--:--:--,1,-15.30,11:54:43,10:54:43,10/30/25,--.--,--.--,--.--,--.--,--.--,--.--,--.--,--.--,--.--,--.--,--.--,--.--,0,--.--,--.--,--.--,--.--,--.--,--.--,--.--,--.--,--.--,--.--,--.--,--.--,--.--,--.--,--.--,--.--,0,2922.000,2958.000,2922.000,2958.000,8.305,8.395,8.305,8.395,15.300,15.300,15.300,15.300,true,true,true,true,true,true,false,false,true,true,false,false,0.01,0.01,0.01,0.04,--.--,0.00,0.08,0.08,9223372036854775808,0,--.--,--.--,--.--,--.--,--.--,0,0,0,0,44.5809817,8.9420193,32TMQ 95397 36406,0.0,0.0,175.3,3,15,--.--,--.--,,--.--,--.--,--.--,0,0,--.--,--.--,0,179.4,-15.5,-120.0,-4.9,0.4,0.0,179.5,-15.6,-120.0,-4.9,0.4,0.0,--.--,--.--,--.--,--.--,0.1,0.5,175.0,-0.2,2.3,-0.0,0.00,--.--,--.--,0,0,0.0,0.0,0.0,0,0,0,--.--,--.--,--.--
2025-10-30 11:54:44.838,0.0,-1.1,175,0.1,-0.6,-0.0,4.9,0.0,0.000,-0.0,120.0,97.7,-258.3,119.991,0.000,0.000,0.000,1211.7,00:05:05,175.1,35.7,6,--.--,0,175,--.--,0000:00:00,49,0,0,1,1,15.30,-1.00,0,--.--,61,--.--,--:--:--,1,-15.30,11:54:44,10:54:44,10/30/25,--.--,--.--,--.--,--.--,--.--,--.--,--.--,--.--,--.--,--.--,--.--,--.--,0,--.--,--.--,--.--,--.--,--.--,--.--,--.--,--.--,--.--,--.--,--.--,--.--,--.--,--.--,--.--,--.--,0,2964.000,2916.000,2964.000,2922.000,8.410,8.290,8.410,8.305,15.300,15.300,15.300,15.300,true,true,true,true,true,true,false,false,true,true,false,false,0.01,0.01,0.00,0.02,--.--,0.00,0.08,0.08,9223372036854775808,0,--.--,--.--,--.--,--.--,--.--,0,0,0,0,44.5809371,8.9420246,32TMQ 95397 36401,0.0,0.0,175.0,3,15,--.--,--.--,,--.--,--.--,--.--,0,0,--.--,--.--,0,174.4,-15.1,-120.0,-4.9,0.4,0.0,174.5,-15.1,-120.0,-5.0,0.4,-0.0,--.--,--.--,--.--,--.--,0.0,-0.9,175.0,0.1,0.6,-0.0,0.00,--.--,--.--,0,0,0.0,0.0,0.0,0,0,0,--.--,--.--,--.--
2025-10-30 11:54:45.840,0.2,-1.3,175,0.2,0.2,-0.0,5.0,0.0,0.000,0.0,120.0,97.7,-258.3,119.987,0.000,0.000,0.000,1215.9,00:05:07,170.2,34.2,6,--.--,0,175,--.--,0000:00:00,49,0,0,1,1,15.30,-1.00,0,--.--,61,--.--,--:--:--,1,-15.30,11:54:45,10:54:45,10/30/25,--.--,--.--,--.--,--.--,--.--,--.--,--.--,--.--,--.--,--.--,--.--,--.--,0,--.--,--.--,--.--,--.--,--.--,--.--,--.--,--.--,--.--,--.--,--.--,--.--,--.--,--.--,--.--,--.--,0,2964.000,2916.000,2964.000,2922.000,8.410,8.290,8.410,8.305,15.300,15.300,15.300,15.300,true,true,true,true,true,true,false,false,true,true,false,false,0.01,0.01,0.00,0.02,--.--,0.00,0.08,0.08,9223372036854775808,0,--.--,--.--,--.--,--.--,--.--,0,0,0,0,44.5808934,8.9420301,32TMQ 95397 36396,0.0,0.0,174.8,3,15,--.--,--.--,,--.--,--.--,--.--,0,0,--.--,--.--,0,169.6,-14.7,-120.0,-5.0,0.4,-0.0,169.6,-14.7,-120.0,-5.0,0.4,-0.0,--.--,--.--,--.--,--.--,0.2,-0.7,175.0,0.2,0.9,0.0,0.00,--.--,--.--,0,0,0.0,0.0,0.0,0,0,0,--.--,--.--,--.--
2025-10-30 11:54:46.838,0.3,-0.7,175,-0.0,0.3,-0.0,5.0,0.0,0.000,0.0,120.0,97.7,-258.3,119.985,0.000,0.000,0.000,1220.0,00:05:07,165.2,32.8,6,--.--,0,175,--.--,0000:00:00,49,0,0,1,1,15.30,-1.00,0,--.--,61,--.--,--:--:--,1,-15.30,11:54:46,10:54:46,10/30/25,--.--,--.--,--.--,--.--,--.--,--.--,--.--,--.--,--.--,--.--,--.--,--.--,0,--.--,--.--,--.--,--.--,--.--,--.--,--.--,--.--,--.--,--.--,--.--,--.--,--.--,--.--,--.--,--.--,0,2964.000,2922.000,2964.000,2922.000,8.410,8.305,8.410,8.305,15.300,15.300,15.300,15.300,true,true,true,true,true,true,false,false,true,true,false,false,0.00,0.01,0.01,0.03,--.--,0.00,0.08,0.08,9223372036854775808,0,--.--,--.--,--.--,--.--,--.--,0,0,0,0,44.5808478,8.9420359,32TMQ 95398 36391,0.0,0.0,174.9,3,15,--.--,--.--,,--.--,--.--,--.--,0,0,--.--,--.--,0,164.6,-14.2,-120.0,-5.0,0.4,-0.0,164.6,-14.3,-120.0,-5.0,0.4,-0.0,--.--,--.--,--.--,--.--,0.3,-0.0,175.1,-0.0,4.7,0.0,0.00,--.--,--.--,0,0,0.0,0.0,0.0,0,0,0,--.--,--.--,--.--
2025-10-30 11:54:47.837,0.2,-0.2,175,-0.3,-1.2,-0.0,5.0,0.0,0.000,0.0,120.0,97.7,-258.3,119.985,0.000,0.000,0.000,1226.1,00:05:08,160.2,32.0,6,--.--,0,175,--.--,0000:00:00,49,0,0,1,1,15.30,-1.00,0,--.--,61,--.--,--:--:--,1,-15.30,11:54:47,10:54:47,10/30/25,--.--,--.--,--.--,--.--,--.--,--.--,--.--,--.--,--.--,--.--,--.--,--.--,0,--.--,--.--,--.--,--.--,--.--,--.--,--.--,--.--,--.--,--.--,--.--,--.--,--.--,--.--,--.--,--.--,0,2958.000,2928.000,2958.000,2928.000,8.395,8.320,8.395,8.320,15.300,15.300,15.300,15.300,true,true,true,true,true,true,false,false,true,true,false,false,0.00,0.01,0.01,0.03,--.--,0.00,0.08,0.08,9223372036854775808,0,--.--,--.--,--.--,--.--,--.--,0,0,0,0,44.5808029,8.9420412,32TMQ 95398 36386,0.0,0.0,175.3,3,15,--.--,--.--,,--.--,--.--,--.--,0,0,--.--,--.--,0,159.6,-13.8,-120.0,-5.0,0.4,-0.0,159.6,-13.8,-120.0,-4.9,0.4,-0.0,--.--,--.--,--.--,--.--,0.2,-0.1,175.1,-0.2,0.9,-0.1,0.00,--.--,--.--,0,0,0.0,0.0,0.0,0,0,0,--.--,--.--,--.--
2025-10-30 11:54:48.836,0.0,-0.5,175,-0.1,-1.3,-0.0,5.0,0.0,0.000,0.0,120.0,97.7,-258.3,119.987,0.000,0.000,0.000,1230.3,00:05:09,155.1,31.3,6,--.--,0,175,--.--,0000:00:00,49,0,0,1,1,15.30,-1.00,0,--.--,61,--.--,--:--:--,1,-15.30,11:54:48,10:54:48,10/30/25,--.--,--.--,--.--,--.--,--.--,--.--,--.--,--.--,--.--,--.--,--.--,--.--,0,--.--,--.--,--.--,--.--,--.--,--.--,--.--,--.--,--.--,--.--,--.--,--.--,--.--,--.--,--.--,--.--,0,2898.000,2982.000,2904.000,2982.000,8.245,8.455,8.260,8.455,15.300,15.300,15.300,15.300,true,true,true,true,true,true,false,false,true,true,false,false,0.01,0.01,0.00,0.03,--.--,0.00,0.08,0.08,9223372036854775808,0,--.--,--.--,--.--,--.--,--.--,0,0,0,0,44.5807576,8.9420465,32TMQ 95399 36381,0.0,0.0,175.2,3,15,--.--,--.--,,--.--,--.--,--.--,0,0,--.--,--.--,0,154.6,-13.4,-120.0,-5.0,0.4,-0.0,154.7,-13.4,-120.0,-4.9,0.4,-0.0,--.--,--.--,--.--,--.--,0.0,0.1,175.0,-0.1,0.5,-0.0,0.00,--.--,--.--,0,0,0.0,0.0,0.0,0,0,0,--.--,--.--,--.--
2025-10-30 11:54:49.838,0.1,-0.9,175,0.1,-0.4,-0.0,5.0,0.0,0.000,0.0,120.0,97.7,-258.3,119.990,0.000,0.000,0.000,1236.5,00:05:10,150.2,30.3,6,--.--,0,175,--.--,0000:00:00,48,0,0,1,1,15.30,-1.00,0,--.--,61,--.--,--:--:--,1,-15.30,11:54:49,10:54:49,10/30/25,--.--,--.--,--.--,--.--,--.--,--.--,--.--,--.--,--.--,--.--,--.--,--.--,0,--.--,--.--,--.--,--.--,--.--,--.--,--.--,--.--,--.--,--.--,--.--,--.--,--.--,--.--,--.--,--.--,0,2922.000,2964.000,2916.000,2964.000,8.305,8.410,8.290,8.410,15.300,15.300,15.300,15.300,true,true,true,true,true,true,false,false,true,true,false,false,0.01,0.01,0.00,0.03,--.--,0.00,0.08,0.08,9223372036854775808,0,--.--,--.--,--.--,--.--,--.--,0,0,0,0,44.5807128,8.9420518,32TMQ 95399 36376,0.0,0.0,174.9,3,15,--.--,--.--,,--.--,--.--,--.--,0,0,--.--,--.--,0,149.6,-13.0,-120.0,-5.0,0.4,-0.0,149.6,-13.0,-120.0,-5.0,0.4,0.0,--.--,--.--,--.--,--.--,0.1,-0.3,175.0,0.1,3.8,-0.0,0.00,--.--,--.--,0,0,0.0,0.0,0.0,0,0,0,--.--,--.--,--.--
2025-10-30 11:54:50.838,0.2,-1.0,175,0.1,-0.7,-0.0,5.0,0.0,0.000,-0.0,120.0,97.7,-258.3,119.995,0.000,0.000,0.000,1240.6,00:05:11,145.2,29.1,6,--.--,0,175,--.--,0000:00:00,48,0,0,1,1,15.30,-1.00,0,--.--,61,--.--,--:--:--,1,-15.30,11:54:50,10:54:50,10/30/25,--.--,--.--,--.--,--.--,--.--,--.--,--.--,--.--,--.--,--.--,--.--,--.--,0,--.--,--.--,--.--,--.--,--.--,--.--,--.--,--.--,--.--,--.--,--.--,--.--,--.--,--.--,--.--,--.--,0,2904.000,2976.000,2904.000,2976.000,8.260,8.440,8.260,8.440,15.300,15.300,15.300,15.300,true,true,true,true,true,true,false,false,true,true,false,false,0.01,0.00,0.01,0.04,--.--,0.00,0.08,0.08,9223372036854775808,0,--.--,--.--,--.--,--.--,--.--,0,0,0,0,44.5806689,8.9420574,32TMQ 95400 36371,0.0,0.0,174.8,3,15,--.--,--.--,,--.--,--.--,--.--,0,0,--.--,--.--,0,144.7,-12.5,-120.0,-5.0,0.4,0.0,144.7,-12.5,-120.0,-5.0,0.4,0.0,--.--,--.--,--.--,--.--,0.2,-1.3,175.0,0.1,1.0,0.0,0.00,--.--,--.--,0,0,0.0,0.0,0.0,0,0,0,--.--,--.--,--.--
2025-10-30 11:54:51.838,0.3,-0.7,175,-0.1,0.4,-0.0,5.0,0.0,0.000,-0.0,120.0,97.7,-258.3,119.997,0.000,0.000,0.000,1246.8,00:05:12,140.2,27.9,6,--.--,0,175,--.--,0000:00:00,48,0,0,1,1,15.30,-1.00,0,--.--,61,--.--,--:--:--,1,-15.30,11:54:51,10:54:51,10/30/25,--.--,--.--,--.--,--.--,--.--,--.--,--.--,--.--,--.--,--.--,--.--,--.--,0,--.--,--.--,--.--,--.--,--.--,--.--,--.--,--.--,--.--,--.--,--.--,--.--,--.--,--.--,--.--,--.--,0,2922.000,2958.000,2922.000,2958.000,8.305,8.395,8.305,8.395,15.300,15.300,15.300,15.300,true,true,true,true,true,true,false,false,true,true,false,false,0.01,0.00,0.01,0.04,--.--,0.00,0.08,0.08,9223372036854775808,0,--.--,--.--,--.--,--.--,--.--,0,0,0,0,44.5806235,8.9420631,32TMQ 95400 36366,0.0,0.0,175.0,3,15,--.--,--.--,,--.--,--.--,--.--,0,0,--.--,--.--,0,139.7,-12.1,-120.0,-5.0,0.4,0.0,139.7,-12.1,-120.0,-4.9,0.4,0.0,--.--,--.--,--.--,--.--,0.3,-0.1,175.1,-0.1,1.7,-0.0,0.00,--.--,--.--,0,0,0.0,0.0,0.0,0,0,0,--.--,--.--,--.--
2025-10-30 11:54:52.840,0.1,-0.3,175,-0.2,-1.6,-0.0,5.0,0.0,0.000,-0.0,120.0,97.7,-258.3,119.998,0.000,0.000,0.000,1250.9,00:05:14,135.1,27.1,6,--.--,0,175,--.--,0000:00:00,48,0,0,1,1,15.30,-1.00,0,--.--,61,--.--,--:--:--,1,-15.30,11:54:52,10:54:52,10/30/25,--.--,--.--,--.--,--.--,--.--,--.--,--.--,--.--,--.--,--.--,--.--,--.--,0,--.--,--.--,--.--,--.--,--.--,--.--,--.--,--.--,--.--,--.--,--.--,--.--,--.--,--.--,--.--,--.--,0,2964.000,2910.000,2964.000,2910.000,8.410,8.275,8.410,8.275,15.300,15.300,15.300,15.300,true,true,true,true,true,true,false,false,true,true,false,false,0.00,0.02,0.01,0.03,--.--,0.00,0.08,0.08,9223372036854775808,0,--.--,--.--,--.--,--.--,--.--,0,0,0,0,44.5805779,8.9420684,32TMQ 95400 36361,0.0,0.0,175.3,3,15,--.--,--.--,,--.--,--.--,--.--,0,0,--.--,--.--,0,134.6,-11.7,-120.0,-5.0,0.4,0.0,134.6,-11.7,-120.0,-5.0,0.4,0.0,--.--,--.--,--.--,--.--,0.1,0.3,175.0,-0.2,4.1,-0.0,0.00,--.--,--.--,0,0,0.0,0.0,0.0,0,0,0,--.--,--.--,--.--
2025-10-30 11:54:53.839,0.0,-0.6,175,-0.0,-0.4,-0.1,5.0,0.0,0.000,-0.0,120.0,97.7,-258.3,119.994,0.000,0.000,0.000,1257.1,00:05:14,130.1,26.2,6,--.--,0,175,--.--,0000:00:00,49,0,0,1,1,15.30,-1.00,0,--.--,61,--.--,--:--:--,1,-15.30,11:54:53,10:54:53,10/30/25,--.--,--.--,--.--,--.--,--.--,--.--,--.--,--.--,--.--,--.--,--.--,--.--,0,--.--,--.--,--.--,--.--,--.--,--.--,--.--,--.--,--.--,--.--,--.--,--.--,--.--,--.--,--.--,--.--,0,2958.000,2922.000,2958.000,2922.000,8.395,8.305,8.395,8.305,15.300,15.300,15.300,15.300,true,true,true,true,true,true,false,false,true,true,false,false,0.00,0.02,0.01,0.03,--.--,0.00,0.08,0.08,9223372036854775808,0,--.--,--.--,--.--,--.--,--.--,0,0,0,0,44.5805337,8.9420736,32TMQ 95401 36356,0.0,0.0,175.1,3,15,--.--,--.--,,--.--,--.--,--.--,0,0,--.--,--.--,0,129.6,-11.2,-120.0,-5.0,0.4,0.0,129.6,-11.2,-120.0,-5.0,0.4,0.0,--.--,--.--,--.--,--.--,0.0,-0.5,175.0,-0.1,0.7,-0.0,0.00,--.--,--.--,0,0,0.0,0.0,0.0,0,0,0,--.--,--.--,--.--
2025-10-30 11:54:54.838,0.1,-0.7,175,0.2,-1.7,-0.0,4.9,0.0,0.000,-0.0,120.0,97.7,-259.3,119.988,0.000,0.000,0.000,1261.2,00:05:15,125.1,25.6,6,--.--,0,175,--.--,0000:00:00,49,0,0,1,1,15.30,-1.00,0,--.--,61,--.--,--:--:--,1,-15.30,11:54:54,10:54:54,10/30/25,--.--,--.--,--.--,--.--,--.--,--.--,--.--,--.--,--.--,--.--,--.--,--.--,0,--.--,--.--,--.--,--.--,--.--,--.--,--.--,--.--,--.--,--.--,--.--,--.--,--.--,--.--,--.--,--.--,0,2952.000,2934.000,2952.000,2940.000,8.380,8.335,8.380,8.350,15.300,15.300,15.300,15.300,true,true,true,true,true,true,false,false,true,true,false,false,0.01,0.02,0.00,0.03,--.--,0.00,0.08,0.08,9223372036854775808,0,--.--,--.--,--.--,--.--,--.--,0,0,0,0,44.5804889,8.9420791,32TMQ 95401 36351,0.0,0.0,174.8,3,15,--.--,--.--,,--.--,--.--,--.--,0,0,--.--,--.--,0,124.6,-10.8,-120.0,-4.9,0.4,0.0,124.8,-10.8,-120.0,-4.9,0.4,-0.0,--.--,--.--,--.--,--.--,0.1,-0.2,175.0,0.1,-0.0,0.0,0.00,--.--,--.--,0,0,0.0,0.0,0.0,0,0,0,--.--,--.--,--.--
2025-10-30 11:54:55.841,0.3,-1.5,175,0.0,-0.5,0.0,5.0,0.0,0.000,0.0,120.0,97.7,-259.3,119.987,0.000,0.000,0.000,1265.3,00:05:17,120.2,24.4,6,--.--,0,175,--.--,0000:00:00,49,0,0,1,1,15.30,-1.00,0,--.--,61,--.--,--:--:--,1,-15.30,11:54:55,10:54:55,10/30/25,--.--,--.--,--.--,--.--,--.--,--.--,--.--,--.--,--.--,--.--,--.--,--.--,0,--.--,--.--,--.--,--.--,--.--,--.--,--.--,--.--,--.--,--.--,--.--,--.--,--.--,--.--,--.--,--.--,0,2922.000,2964.000,2922.000,2964.000,8.305,8.410,8.305,8.410,15.300,15.300,15.300,15.300,true,true,true,true,true,true,false,false,true,true,false,false,0.01,0.02,0.00,0.03,--.--,0.00,0.08,0.08,9223372036854775808,0,--.--,--.--,--.--,--.--,--.--,0,0,0,0,44.5804446,8.9420848,32TMQ 95402 36346,0.0,0.0,174.8,3,15,--.--,--.--,,--.--,--.--,--.--,0,0,--.--,--.--,0,119.8,-10.4,-120.0,-4.9,0.4,-0.0,119.7,-10.4,-120.0,-5.1,0.4,-0.0,--.--,--.--,--.--,--.--,0.3,-1.7,175.1,0.1,-2.3,0.0,0.00,--.--,--.--,0,0,0.0,0.0,0.0,0,0,0,--.--,--.--,--.--
2025-10-30 11:54:56.841,0.3,-1.1,175,-0.2,0.6,0.0,5.0,0.0,0.000,0.0,120.0,97.7,-259.3,119.986,0.000,0.000,0.000,1271.5,00:05:18,115.3,23.0,6,--.--,0,175,--.--,0000:00:00,49,0,0,1,1,15.30,-1.00,0,--.--,61,--.--,--:--:--,1,-15.30,11:54:56,10:54:56,10/30/25,--.--,--.--,--.--,--.--,--.--,--.--,--.--,--.--,--.--,--.--,--.--,--.--,0,--.--,--.--,--.--,--.--,--.--,--.--,--.--,--.--,--.--,--.--,--.--,--.--,--.--,--.--,--.--,--.--,0,2958.000,2928.000,2958.000,2928.000,8.395,8.320,8.395,8.320,15.300,15.300,15.300,15.300,true,true,true,true,true,true,false,false,true,true,false,false,0.01,0.00,0.01,0.02,--.--,0.00,0.08,0.08,9223372036854775808,0,--.--,--.--,--.--,--.--,--.--,0,0,0,0,44.5804003,8.9420903,32TMQ 95402 36341,0.0,0.0,175.1,3,15,--.--,--.--,,--.--,--.--,--.--,0,0,--.--,--.--,0,114.8,-9.9,-120.0,-5.0,0.4,-0.0,114.8,-10.0,-120.0,-5.0,0.4,-0.0,--.--,--.--,--.--,--.--,0.3,-1.3,175.1,-0.1,2.0,-0.0,0.00,--.--,--.--,0,0,0.0,0.0,0.0,0,0,0,--.--,--.--,--.--
2025-10-30 11:54:57.840,0.1,-0.3,175,-0.1,4.9,-0.1,5.1,0.0,0.000,0.0,120.0,97.7,-259.3,119.984,0.000,0.000,0.000,1275.5,00:05:19,110.1,21.9,6,--.--,0,175,--.--,0000:00:00,49,0,0,1,1,15.30,-1.00,0,--.--,61,--.--,--:--:--,1,-15.30,11:54:57,10:54:57,10/30/25,--.--,--.--,--.--,--.--,--.--,--.--,--.--,--.--,--.--,--.--,--.--,--.--,0,--.--,--.--,--.--,--.--,--.--,--.--,--.--,--.--,--.--,--.--,--.--,--.--,--.--,--.--,--.--,--.--,0,2910.000,2976.000,2910.000,2976.000,8.275,8.440,8.275,8.440,15.300,15.300,15.300,15.300,true,true,true,true,true,true,false,false,true,true,false,false,0.01,0.00,0.01,0.02,--.--,0.00,0.08,0.08,9223372036854775808,0,--.--,--.--,--.--,--.--,--.--,0,0,0,0,44.5803542,8.9420957,32TMQ 95403 36336,0.0,0.0,175.3,3,15,--.--,--.--,,--.--,--.--,--.--,0,0,--.--,--.--,0,109.7,-9.5,-120.0,-5.1,0.4,-0.0,109.8,-9.5,-120.0,-4.9,0.4,-0.0,--.--,--.--,--.--,--.--,0.1,0.3,175.1,-0.2,2.6,-0.1,0.00,--.--,--.--,0,0,0.0,0.0,0.0,0,0,0,--.--,--.--,--.--
2025-10-30 11:54:58.838,-0.0,-0.1,175,-0.0,-2.3,0.0,4.9,0.0,0.000,0.0,120.0,97.7,-259.3,119.985,0.000,0.000,0.000,1281.7,00:05:19,105.1,21.4,6,--.--,0,175,--.--,0000:00:00,49,0,0,1,1,15.30,-1.00,0,--.--,61,--.--,--:--:--,1,-15.30,11:54:58,10:54:58,10/30/25,--.--,--.--,--.--,--.--,--.--,--.--,--.--,--.--,--.--,--.--,--.--,--.--,0,--.--,--.--,--.--,--.--,--.--,--.--,--.--,--.--,--.--,--.--,--.--,--.--,--.--,--.--,--.--,--.--,0,2898.000,2982.000,2898.000,2982.000,8.245,8.455,8.245,8.455,15.300,15.300,15.300,15.300,true,true,true,true,true,true,false,false,true,true,false,false,0.01,0.04,0.00,0.05,--.--,0.00,0.08,0.08,9223372036854775808,0,--.--,--.--,--.--,--.--,--.--,0,0,0,0,44.5803096,8.9421009,32TMQ 95403 36331,0.0,0.0,175.1,3,15,--.--,--.--,,--.--,--.--,--.--,0,0,--.--,--.--,0,104.7,-9.1,-120.0,-4.9,0.4,-0.0,104.8,-9.1,-120.0,-4.9,0.4,-0.0,--.--,--.--,--.--,--.--,-0.0,-0.4,175.0,-0.0,0.1,0.0,0.00,--.--,--.--,0,0,0.0,0.0,0.0,0,0,0,--.--,--.--,--.--
2025-10-30 11:54:59.842,0.1,-1.1,175,0.2,-0.3,0.0,4.9,0.0,0.000,0.0,120.0,97.7,-259.3,119.987,0.000,0.000,0.000,1285.8,00:05:21,100.2,20.4,6,--.--,0,175,--.--,0000:00:00,49,0,0,1,1,15.30,-1.00,0,--.--,61,--.--,--:--:--,1,-15.30,11:54:59,10:54:59,10/30/25,--.--,--.--,--.--,--.--,--.--,--.--,--.--,--.--,--.--,--.--,--.--,--.--,0,--.--,--.--,--.--,--.--,--.--,--.--,--.--,--.--,--.--,--.--,--.--,--.--,--.--,--.--,--.--,--.--,0,2898.000,2982.000,2898.000,2982.000,8.245,8.455,8.245,8.455,15.300,15.300,15.300,15.300,true,true,true,true,true,true,false,false,true,true,false,false,0.01,0.04,0.00,0.05,--.--,0.00,0.08,0.08,9223372036854775808,0,--.--,--.--,--.--,--.--,--.--,0,0,0,0,44.5802653,8.9421064,32TMQ 95403 36326,0.0,0.0,174.8,3,15,--.--,--.--,,--.--,--.--,--.--,0,0,--.--,--.--,0,99.8,-8.7,-120.0,-4.9,0.4,-0.0,99.9,-8.7,-120.0,-5.0,0.4,-0.0,--.--,--.--,--.--,--.--,0.1,-0.9,175.0,0.2,0.9,0.0,0.00,--.--,--.--,0,0,0.0,0.0,0.0,0,0,0,--.--,--.--,--.--
2025-10-30 11:55:00.842,0.3,-1.4,175,0.1,0.7,0.1,5.0,0.0,0.000,-0.0,120.0,97.7,-258.3,119.989,0.000,0.000,0.000,1290.0,00:05:22,95.3,19.2,6,--.--,0,175,--.--,0000:00:00,49,0,0,1,1,15.30,-1.00,0,--.--,61,--.--,--:--:--,1,-15.30,11:55:00,10:55:00,10/30/25,--.--,--.--,--.--,--.--,--.--,--.--,--.--,--.--,--.--,--.--,--.--,--.--,0,--.--,--.--,--.--,--.--,--.--,--.--,--.--,--.--,--.--,--.--,--.--,--.--,--.--,--.--,--.--,--.--,0,2940.000,2940.000,2940.000,2940.000,8.350,8.350,8.350,8.350,15.300,15.300,15.300,15.300,true,true,true,true,true,true,false,false,true,true,false,false,0.02,0.02,0.00,0.04,--.--,0.00,0.08,0.08,9223372036854775808,0,--.--,--.--,--.--,--.--,--.--,0,0,0,0,44.5802207,8.9421121,32TMQ 95404 36321,0.0,0.0,174.8,3,15,--.--,--.--,,--.--,--.--,--.--,0,0,--.--,--.--,0,94.9,-8.2,-120.0,-5.0,0.4,0.0,94.9,-8.2,-120.0,-5.0,0.4,0.0,--.--,--.--,--.--,--.--,0.3,-1.2,175.1,0.1,0.6,0.1,0.00,--.--,--.--,0,0,0.0,0.0,0.0,0,0,0,--.--,--.--,--.--
2025-10-30 11:55:01.835,0.2,-0.6,175,-0.2,0.2,-0.0,5.0,0.0,0.000,-0.0,120.0,97.7,-258.3,119.991,0.000,0.000,0.000,1296.2,00:05:22,90.2,18.0,6,--.--,0,175,--.--,0000:00:00,48,0,0,1,1,15.30,-1.00,0,--.--,61,--.--,--:--:--,1,-15.30,11:55:01,10:55:01,10/30/25,--.--,--.--,--.--,--.--,--.--,--.--,--.--,--.--,--.--,--.--,--.--,--.--,0,--.--,--.--,--.--,--.--,--.--,--.--,--.--,--.--,--.--,--.--,--.--,--.--,--.--,--.--,--.--,--.--,0,2964.000,2916.000,2964.000,2916.000,8.410,8.290,8.410,8.290,15.300,15.300,15.300,15.300,true,true,true,true,true,true,false,false,true,true,false,false,0.02,0.02,0.00,0.04,--.--,0.00,0.08,0.08,9223372036854775808,0,--.--,--.--,--.--,--.--,--.--,0,0,0,0,44.5801762,8.9421175,32TMQ 95404 36316,0.0,0.0,175.2,3,15,--.--,--.--,,--.--,--.--,--.--,0,0,--.--,--.--,0,89.9,-7.8,-120.0,-5.0,0.4,0.0,89.9,-7.8,-120.0,-5.0,0.4,0.0,--.--,--.--,--.--,--.--,0.2,-0.9,175.1,-0.2,1.6,-0.1,0.00,--.--,--.--,0,0,0.0,0.0,0.0,0,0,0,--.--,--.--,--.--
2025-10-30 11:55:02.836,0.1,-0.4,175,-0.1,-1.3,-0.0,5.0,0.0,0.000,-0.0,120.0,97.7,-258.3,119.991,0.000,0.000,0.000,1300.3,00:05:23,85.3,17.1,6,--.--,0,175,--.--,0000:00:00,48,0,0,1,1,15.30,-1.00,0,--.--,61,--.--,--:--:--,1,-15.30,11:55:02,10:55:02,10/30/25,--.--,--.--,--.--,--.--,--.--,--.--,--.--,--.--,--.--,--.--,--.--,--.--,0,--.--,--.--,--.--,--.--,--.--,--.--,--.--,--.--,--.--,--.--,--.--,--.--,--.--,--.--,--.--,--.--,0,2952.000,2922.000,2952.000,2928.000,8.380,8.305,8.380,8.320,15.300,15.300,15.300,15.300,true,true,true,true,true,true,false,false,true,true,false,false,0.00,0.02,0.00,0.02,--.--,0.00,0.08,0.08,9223372036854775808,0,--.--,--.--,--.--,--.--,--.--,0,0,0,0,44.5801304,8.9421228,32TMQ 95405 36311,0.0,0.0,175.3,3,15,--.--,--.--,,--.--,--.--,--.--,0,0,--.--,--.--,0,84.9,-7.4,-120.0,-5.0,0.4,0.0,84.9,-7.4,-120.0,-5.0,0.4,0.0,--.--,--.--,--.--,--.--,0.0,-0.2,175.0,-0.2,0.8,-0.0,0.00,--.--,--.--,0,0,0.0,0.0,0.0,0,0,0,--.--,--.--,--.--
2025-10-30 11:55:03.837,0.0,-0.4,175,0.1,0.1,-0.0,5.0,0.0,0.000,-0.0,120.0,97.7,-258.3,119.991,0.000,0.000,0.000,1306.4,00:05:24,80.2,16.1,6,--.--,0,175,--.--,0000:00:00,48,0,0,1,1,15.30,-1.00,0,--.--,61,--.--,--:--:--,1,-15.30,11:55:03,10:55:03,10/30/25,--.--,--.--,--.--,--.--,--.--,--.--,--.--,--.--,--.--,--.--,--.--,--.--,0,--.--,--.--,--.--,--.--,--.--,--.--,--.--,--.--,--.--,--.--,--.--,--.--,--.--,--.--,--.--,--.--,0,2952.000,2928.000,2952.000,2928.000,8.380,8.320,8.380,8.320,15.300,15.300,15.300,15.300,true,true,true,true,true,true,false,false,true,true,false,false,0.00,0.02,0.00,0.02,--.--,0.00,0.08,0.08,9223372036854775808,0,--.--,--.--,--.--,--.--,--.--,0,0,0,0,44.5800851,8.9421282,32TMQ 95405 36306,0.0,0.0,175.0,3,15,--.--,--.--,,--.--,--.--,--.--,0,0,--.--,--.--,0,79.9,-6.9,-120.0,-5.0,0.4,0.0,80.0,-6.9,-120.0,-4.9,0.4,0.0,--.--,--.--,--.--,--.--,0.0,0.3,175.0,0.1,1.5,0.0,0.00,--.--,--.--,0,0,0.0,0.0,0.0,0,0,0,--.--,--.--,--.--
2025-10-30 11:55:04.841,0.2,-0.6,175,0.2,-0.6,0.1,5.0,0.0,0.000,-0.0,120.0,97.7,-258.3,119.989,0.000,0.000,0.000,1310.5,00:05:26,75.2,15.3,6,--.--,0,175,--.--,0000:00:00,49,0,0,1,1,15.30,-1.00,0,--.--,61,--.--,--:--:--,1,-15.30,11:55:04,10:55:04,10/30/25,--.--,--.--,--.--,--.--,--.--,--.--,--.--,--.--,--.--,--.--,--.--,--.--,0,--.--,--.--,--.--,--.--,--.--,--.--,--.--,--.--,--.--,--.--,--.--,--.--,--.--,--.--,--.--,--.--,0,2958.000,2922.000,2958.000,2922.000,8.395,8.305,8.395,8.305,15.300,15.300,15.300,15.300,true,true,true,true,true,true,false,false,true,true,false,false,0.01,0.03,0.00,0.04,--.--,0.00,0.08,0.08,9223372036854775808,0,--.--,--.--,--.--,--.--,--.--,0,0,0,0,44.5800412,8.9421337,32TMQ 95406 36301,0.0,0.0,174.8,3,15,--.--,--.--,,--.--,--.--,--.--,0,0,--.--,--.--,0,74.9,-6.5,-120.0,-4.9,0.4,0.0,75.0,-6.5,-120.0,-4.9,0.4,0.0,--.--,--.--,--.--,--.--,0.2,-0.0,175.0,0.2,3.4,0.1,0.00,--.--,--.--,0,0,0.0,0.0,0.0,0,0,0,--.--,--.--,--.--
2025-10-30 11:55:05.838,0.3,-1.0,175,0.1,-1.4,-0.0,4.9,0.0,0.000,-0.0,120.0,97.7,-258.3,119.986,0.000,0.000,0.000,1316.7,00:05:26,70.2,14.5,6,--.--,0,175,--.--,0000:00:00,49,0,0,1,1,15.30,-1.00,0,--.--,61,--.--,--:--:--,1,-15.30,11:55:05,10:55:05,10/30/25,--.--,--.--,--.--,--.--,--.--,--.--,--.--,--.--,--.--,--.--,--.--,--.--,0,--.--,--.--,--.--,--.--,--.--,--.--,--.--,--.--,--.--,--.--,--.--,--.--,--.--,--.--,--.--,--.--,0,2910.000,2970.000,2910.000,2970.000,8.275,8.425,8.275,8.425,15.300,15.300,15.300,15.300,true,true,true,true,true,true,false,false,true,true,false,false,0.01,0.03,0.00,0.04,--.--,0.00,0.08,0.08,9223372036854775808,0,--.--,--.--,--.--,--.--,--.--,0,0,0,0,44.5799968,8.9421393,32TMQ 95406 36296,0.0,0.0,174.9,3,15,--.--,--.--,,--.--,--.--,--.--,0,0,--.--,--.--,0,69.9,-6.0,-120.0,-4.9,0.4,0.0,70.0,-6.1,-120.0,-4.9,0.4,-0.0,--.--,--.--,--.--,--.--,0.3,-1.4,175.1,0.1,0.0,0.0,0.00,--.--,--.--,0,0,0.0,0.0,0.0,0,0,0,--.--,--.--,--.--
2025-10-30 11:55:06.845,0.2,-1.4,175,-0.2,0.3,-0.0,5.0,0.0,0.000,0.0,120.0,97.7,-258.3,119.983,0.000,0.000,0.000,1320.8,00:05:28,65.3,13.2,6,--.--,0,175,--.--,0000:00:00,49,0,0,1,1,15.30,-1.00,0,--.--,61,--.--,--:--:--,1,-15.30,11:55:06,10:55:06,10/30/25,--.--,--.--,--.--,--.--,--.--,--.--,--.--,--.--,--.--,--.--,--.--,--.--,0,--.--,--.--,--.--,--.--,--.--,--.--,--.--,--.--,--.--,--.--,--.--,--.--,--.--,--.--,--.--,--.--,0,2928.000,2958.000,2928.000,2958.000,8.320,8.395,8.320,8.395,15.300,15.300,15.300,15.300,true,true,true,true,true,true,false,false,true,true,false,false,0.01,0.01,0.00,0.02,--.--,0.00,0.08,0.08,9223372036854775808,0,--.--,--.--,--.--,--.--,--.--,0,0,0,0,44.5799533,8.9421446,32TMQ 95406 36291,0.0,0.0,175.2,3,15,--.--,--.--,,--.--,--.--,--.--,0,0,--.--,--.--,0,65.0,-5.6,-120.0,-5.0,0.4,-0.0,64.9,-5.6,-120.0,-5.1,0.4,-0.0,--.--,--.--,--.--,--.--,0.2,-1.3,175.1,-0.1,1.3,-0.1,0.00,--.--,--.--,0,0,0.0,0.0,0.0,0,0,0,--.--,--.--,--.--
2025-10-30 11:55:07.839,0.1,-0.8,175,-0.0,0.4,-0.1,5.1,0.0,0.000,0.0,120.0,97.7,-260.3,119.981,0.000,0.000,0.000,1324.9,00:05:28,60.3,12.1,6,--.--,0,175,--.--,0000:00:00,49,0,0,1,1,15.30,-1.00,0,--.--,61,--.--,--:--:--,1,-15.30,11:55:07,10:55:07,10/30/25,--.--,--.--,--.--,--.--,--.--,--.--,--.--,--.--,--.--,--.--,--.--,--.--,0,--.--,--.--,--.--,--.--,--.--,--.--,--.--,--.--,--.--,--.--,--.--,--.--,--.--,--.--,--.--,--.--,0,2928.000,2958.000,2928.000,2958.000,8.320,8.395,8.320,8.395,15.300,15.300,15.300,15.300,true,true,true,true,true,true,false,false,true,true,false,false,0.01,0.01,0.00,0.02,--.--,0.00,0.08,0.08,9223372036854775808,0,--.--,--.--,--.--,--.--,--.--,0,0,0,0,44.5799077,8.9421500,32TMQ 95407 36286,0.0,0.0,175.2,3,15,--.--,--.--,,--.--,--.--,--.--,0,0,--.--,--.--,0,60.1,-5.2,-120.0,-5.0,0.4,-0.0,60.0,-5.2,-120.0,-5.0,0.4,-0.0,--.--,--.--,--.--,--.--,0.1,-0.6,175.0,-0.0,1.5,-0.0,0.00,--.--,--.--,0,0,0.0,0.0,0.0,0,0,0,--.--,--.--,--.--
2025-10-30 11:55:08.844,0.1,-0.2,175,0.0,0.4,-0.0,5.0,0.0,0.000,0.0,120.0,97.7,-260.3,119.982,0.000,0.000,0.000,1331.0,00:05:30,55.2,11.1,6,--.--,0,175,--.--,0000:00:00,49,0,0,1,1,15.30,-1.00,0,--.--,61,--.--,--:--:--,1,-15.30,11:55:08,10:55:08,10/30/25,--.--,--.--,--.--,--.--,--.--,--.--,--.--,--.--,--.--,--.--,--.--,--.--,0,--.--,--.--,--.--,--.--,--.--,--.--,--.--,--.--,--.--,--.--,--.--,--.--,--.--,--.--,--.--,--.--,0,2958.000,2928.000,2958.000,2922.000,8.395,8.320,8.395,8.305,15.300,15.300,15.300,15.300,true,true,true,true,true,true,false,false,true,true,false,false,0.01,0.00,0.01,0.07,--.--,0.00,0.08,0.08,9223372036854775808,0,--.--,--.--,--.--,--.--,--.--,0,0,0,0,44.5798627,8.9421554,32TMQ 95407 36281,0.0,0.0,175.0,3,15,--.--,--.--,,--.--,--.--,--.--,0,0,--.--,--.--,0,55.0,-4.8,-120.0,-5.0,0.4,-0.0,55.1,-4.8,-120.0,-4.9,0.4,-0.0,--.--,--.--,--.--,--.--,0.1,-0.0,175.0,-0.0,1.6,0.0,0.00,--.--,--.--,0,0,0.0,0.0,0.0,0,0,0,--.--,--.--,--.--
2025-10-30 11:55:09.836,0.2,-0.3,175,0.1,-0.1,-0.0,5.0,0.0,0.000,0.0,120.0,97.7,-260.3,119.984,0.000,0.000,0.000,1335.2,00:05:30,50.1,10.2,6,--.--,0,175,--.--,0000:00:00,49,0,0,1,1,15.30,-1.00,0,--.--,61,--.--,--:--:--,1,-15.30,11:55:09,10:55:09,10/30/25,--.--,--.--,--.--,--.--,--.--,--.--,--.--,--.--,--.--,--.--,--.--,--.--,0,--.--,--.--,--.--,--.--,--.--,--.--,--.--,--.--,--.--,--.--,--.--,--.--,--.--,--.--,--.--,--.--,0,2958.000,2928.000,2958.000,2922.000,8.395,8.320,8.395,8.305,15.300,15.300,15.300,15.300,true,true,true,true,true,true,false,false,true,true,false,false,0.01,0.00,0.01,0.07,--.--,0.00,0.08,0.08,9223372036854775808,0,--.--,--.--,--.--,--.--,--.--,0,0,0,0,44.5798172,8.9421610,32TMQ 95408 36276,0.0,0.0,174.9,3,15,--.--,--.--,,--.--,--.--,--.--,0,0,--.--,--.--,0,50.0,-4.3,-120.0,-5.0,0.4,-0.0,50.0,-4.3,-120.0,-4.9,0.4,-0.0,--.--,--.--,--.--,--.--,0.2,-0.1,175.0,0.1,0.8,-0.0,0.00,--.--,--.--,0,0,0.0,0.0,0.0,0,0,0,--.--,--.--,--.--
2025-10-30 11:55:10.845,0.2,-0.9,175,-0.1,-1.0,-0.0,4.9,0.0,0.000,0.0,120.0,97.7,-260.3,119.986,0.000,0.000,0.000,1341.4,00:05:32,45.2,9.3,6,--.--,0,175,--.--,0000:00:00,48,0,0,1,1,15.30,-1.00,0,--.--,61,--.--,--:--:--,1,-15.30,11:55:10,10:55:10,10/30/25,--.--,--.--,--.--,--.--,--.--,--.--,--.--,--.--,--.--,--.--,--.--,--.--,0,--.--,--.--,--.--,--.--,--.--,--.--,--.--,--.--,--.--,--.--,--.--,--.--,--.--,--.--,--.--,--.--,0,2958.000,2922.000,2958.000,2922.000,8.395,8.305,8.395,8.305,15.300,15.300,15.300,15.300,true,true,true,true,true,true,false,false,true,true,false,false,0.00,0.01,0.00,0.03,--.--,0.00,0.08,0.08,9223372036854775808,0,--.--,--.--,--.--,--.--,--.--,0,0,0,0,44.5797725,8.9421665,32TMQ 95408 36271,0.0,0.0,175.1,3,15,--.--,--.--,,--.--,--.--,--.--,0,0,--.--,--.--,0,45.1,-3.9,-120.0,-4.9,0.4,-0.0,45.1,-3.9,-120.0,-5.0,0.4,0.0,--.--,--.--,--.--,--.--,0.2,-0.7,175.1,-0.0,0.5,-0.1,0.00,--.--,--.--,0,0,0.0,0.0,0.0,0,0,0,--.--,--.--,--.--
2025-10-30 11:55:11.840,0.1,-1.2,175,-0.1,-0.1,-0.1,5.0,0.0,0.000,-0.0,120.0,97.7,-260.3,119.989,0.000,0.000,0.000,1345.5,00:05:32,40.3,8.2,6,--.--,0,175,--.--,0000:00:00,48,0,0,1,1,15.30,-1.00,0,--.--,61,--.--,--:--:--,1,-15.30,11:55:11,10:55:11,10/30/25,--.--,--.--,--.--,--.--,--.--,--.--,--.--,--.--,--.--,--.--,--.--,--.--,0,--.--,--.--,--.--,--.--,--.--,--.--,--.--,--.--,--.--,--.--,--.--,--.--,--.--,--.--,--.--,--.--,0,2904.000,2976.000,2904.000,2976.000,8.260,8.440,8.260,8.440,15.300,15.300,15.300,15.300,true,true,true,true,true,true,false,false,true,true,false,false,0.00,0.01,0.00,0.03,--.--,0.00,0.08,0.08,9223372036854775808,0,--.--,--.--,--.--,--.--,--.--,0,0,0,0,44.5797288,8.9421717,32TMQ 95409 36266,0.0,0.0,175.1,3,15,--.--,--.--,,--.--,--.--,--.--,0,0,--.--,--.--,0,40.1,-3.5,-120.0,-5.0,0.4,0.0,40.1,-3.5,-120.0,-5.0,0.4,0.0,--.--,--.--,--.--,--.--,0.1,-1.5,175.1,-0.1,1.1,-0.1,0.00,--.--,--.--,0,0,0.0,0.0,0.0,0,0,0,--.--,--.--,--.--
2025-10-30 11:55:12.846,0.1,-0.8,175,-0.0,0.2,-0.0,5.1,0.0,0.000,-0.0,120.0,97.7,-258.3,119.992,0.000,0.000,0.000,1351.8,00:05:34,35.3,7.1,6,--.--,0,175,--.--,0000:00:00,48,0,0,1,1,15.30,-1.00,0,--.--,61,--.--,--:--:--,1,-15.30,11:55:12,10:55:12,10/30/25,--.--,--.--,--.--,--.--,--.--,--.--,--.--,--.--,--.--,--.--,--.--,--.--,0,--.--,--.--,--.--,--.--,--.--,--.--,--.--,--.--,--.--,--.--,--.--,--.--,--.--,--.--,--.--,--.--,0,2910.000,2964.000,2910.000,2970.000,8.275,8.410,8.275,8.425,15.300,15.300,15.300,15.300,true,true,true,true,true,true,false,false,true,true,false,false,0.01,0.01,0.01,0.01,--.--,0.00,0.08,0.08,9223372036854775808,0,--.--,--.--,--.--,--.--,--.--,0,0,0,0,44.5796834,8.9421772,32TMQ 95409 36261,0.0,0.0,175.0,3,15,--.--,--.--,,--.--,--.--,--.--,0,0,--.--,--.--,0,35.2,-3.1,-120.0,-5.0,0.4,0.0,35.1,-3.0,-120.0,-5.1,0.4,0.0,--.--,--.--,--.--,--.--,0.1,-0.6,175.0,0.1,2.0,-0.0,0.00,--.--,--.--,0,0,0.0,0.0,0.0,0,0,0,--.--,--.--,--.--
2025-10-30 11:55:13.840,0.2,0.4,175,0.1,-0.6,-0.0,5.0,0.0,0.000,-0.0,120.0,97.7,-258.3,119.991,0.000,0.000,0.000,1355.9,00:05:34,30.2,6.1,6,--.--,0,175,--.--,0000:00:00,48,0,0,1,1,15.30,-1.00,0,--.--,61,--.--,--:--:--,1,-15.30,11:55:13,10:55:13,10/30/25,--.--,--.--,--.--,--.--,--.--,--.--,--.--,--.--,--.--,--.--,--.--,--.--,0,--.--,--.--,--.--,--.--,--.--,--.--,--.--,--.--,--.--,--.--,--.--,--.--,--.--,--.--,--.--,--.--,0,2964.000,2916.000,2964.000,2916.000,8.410,8.290,8.410,8.290,15.300,15.300,15.300,15.300,true,true,true,true,true,true,false,false,true,true,false,false,0.01,0.01,0.01,0.01,--.--,0.00,0.08,0.08,9223372036854775808,0,--.--,--.--,--.--,--.--,--.--,0,0,0,0,44.5796375,8.9421829,32TMQ 95409 36256,0.0,0.0,174.9,3,15,--.--,--.--,,--.--,--.--,--.--,0,0,--.--,--.--,0,30.0,-2.6,-120.0,-5.0,0.4,0.0,30.1,-2.6,-120.0,-4.9,0.4,0.0,--.--,--.--,--.--,--.--,0.2,0.5,175.1,0.1,-0.0,0.0,0.00,--.--,--.--,0,0,0.0,0.0,0.0,0,0,0,--.--,--.--,--.--
2025-10-30 11:55:14.849,0.2,-0.5,175,-0.1,-0.6,-0.0,4.9,0.0,0.000,-0.0,120.0,97.7,-258.3,119.989,0.000,0.000,0.000,1360.1,00:05:36,25.2,5.2,6,--.--,0,175,--.--,0000:00:00,49,0,0,1,1,15.30,-1.00,0,--.--,61,--.--,--:--:--,1,-15.30,11:55:14,10:55:14,10/30/25,--.--,--.--,--.--,--.--,--.--,--.--,--.--,--.--,--.--,--.--,--.--,--.--,0,--.--,--.--,--.--,--.--,--.--,--.--,--.--,--.--,--.--,--.--,--.--,--.--,--.--,--.--,--.--,--.--,0,2898.000,2988.000,2898.000,2982.000,8.245,8.470,8.245,8.455,15.300,15.300,15.300,15.300,true,true,true,true,true,true,false,false,true,true,false,false,0.02,0.00,0.00,0.02,--.--,0.00,0.08,0.08,9223372036854775808,0,--.--,--.--,--.--,--.--,--.--,0,0,0,0,44.5795934,8.9421883,32TMQ 95410 36251,0.0,0.0,175.1,3,15,--.--,--.--,,--.--,--.--,--.--,0,0,--.--,--.--,0,25.1,-2.2,-120.0,-4.9,0.4,0.0,25.2,-2.2,-120.0,-4.9,0.4,0.0,--.--,--.--,--.--,--.--,0.2,-0.4,175.1,-0.0,0.6,0.0,0.00,--.--,--.--,0,0,0.0,0.0,0.0,0,0,0,--.--,--.--,--.--
2025-10-30 11:55:15.837,0.1,-1.0,175,-0.1,-1.4,-0.0,4.9,0.0,0.000,-0.0,120.0,97.7,-258.3,119.985,0.000,0.000,0.000,1366.2,00:05:36,20.3,4.2,6,--.--,0,175,--.--,0000:00:00,49,0,0,1,1,15.30,-1.00,0,--.--,61,--.--,--:--:--,1,-15.30,11:55:15,10:55:15,10/30/25,--.--,--.--,--.--,--.--,--.--,--.--,--.--,--.--,--.--,--.--,--.--,--.--,0,--.--,--.--,--.--,--.--,--.--,--.--,--.--,--.--,--.--,--.--,--.--,--.--,--.--,--.--,--.--,--.--,0,2910.000,2976.000,2910.000,2976.000,8.275,8.440,8.275,8.440,15.300,15.300,15.300,15.300,true,true,true,true,true,true,false,false,true,true,false,false,0.02,0.00,0.00,0.02,--.--,0.00,0.08,0.08,9223372036854775808,0,--.--,--.--,--.--,--.--,--.--,0,0,0,0,44.5795489,8.9421936,32TMQ 95410 36246,0.0,0.0,175.2,3,15,--.--,--.--,,--.--,--.--,--.--,0,0,--.--,--.--,0,20.2,-1.7,-120.0,-4.9,0.4,0.0,20.2,-1.8,-120.0,-5.0,0.4,0.0,--.--,--.--,--.--,--.--,0.1,-0.9,175.1,-0.1,0.5,-0.1,0.00,--.--,--.--,0,0,0.0,0.0,0.0,0,0,0,--.--,--.--,--.--
2025-10-30 11:55:16.838,0.1,-1.2,174,0.1,0.7,-0.0,5.0,0.0,0.000,0.0,120.0,97.7,-258.3,119.982,0.000,0.000,0.000,1370.3,00:05:37,15.4,3.2,6,--.--,0,175,--.--,0000:00:00,49,0,0,1,1,15.30,-1.00,0,--.--,61,--.--,--:--:--,1,-15.30,11:55:16,10:55:16,10/30/25,--.--,--.--,--.--,--.--,--.--,--.--,--.--,--.--,--.--,--.--,--.--,--.--,0,--.--,--.--,--.--,--.--,--.--,--.--,--.--,--.--,--.--,--.--,--.--,--.--,--.--,--.--,--.--,--.--,0,2934.000,2946.000,2940.000,2952.000,8.335,8.365,8.350,8.380,15.300,15.300,15.300,15.300,true,true,true,true,true,true,false,false,true,true,false,false,0.01,0.01,0.01,0.01,--.--,0.00,0.08,0.08,9223372036854775808,0,--.--,--.--,--.--,--.--,--.--,0,0,0,0,44.5795040,8.9421990,32TMQ 95411 36241,0.0,0.0,175.0,3,15,--.--,--.--,,--.--,--.--,--.--,0,0,--.--,--.--,0,15.2,-1.3,-120.0,-5.0,0.4,-0.0,15.2,-1.3,-120.0,-5.1,0.4,-0.0,--.--,--.--,--.--,--.--,0.1,-0.9,175.0,0.1,2.1,0.0,0.00,--.--,--.--,0,0,0.0,0.0,0.0,0,0,0,--.--,--.--,--.--
2025-10-30 11:55:17.849,0.2,2.7,175,-0.4,20.9,0.1,5.0,0.0,0.000,0.0,120.0,97.7,-258.3,119.979,0.000,0.000,0.000,1376.5,00:05:39,10.3,2.1,6,--.--,0,175,--.--,0000:00:00,49,0,0,1,1,15.30,-1.00,0,--.--,61,--.--,--:--:--,1,-15.30,11:55:17,10:55:17,10/30/25,--.--,--.--,--.--,--.--,--.--,--.--,--.--,--.--,--.--,--.--,--.--,--.--,0,--.--,--.--,--.--,--.--,--.--,--.--,--.--,--.--,--.--,--.--,--.--,--.--,--.--,--.--,--.--,--.--,0,2910.000,2982.000,2904.000,2982.000,8.275,8.455,8.260,8.455,15.300,15.300,15.300,15.300,true,true,true,true,true,true,false,false,true,true,false,false,0.01,0.01,0.01,0.01,--.--,0.00,0.08,0.08,9223372036854775808,0,--.--,--.--,--.--,--.--,--.--,0,0,0,0,44.5794592,8.9422046,32TMQ 95411 36236,0.0,0.0,174.8,3,15,--.--,--.--,,--.--,--.--,--.--,0,0,--.--,--.--,0,10.2,-0.9,-120.0,-5.0,0.4,-0.0,10.3,-0.9,-120.0,-4.8,0.4,-0.0,--.--,--.--,--.--,--.--,0.2,4.1,175.0,-0.1,19.3,0.1,0.00,--.--,--.--,0,0,0.0,0.0,0.0,0,0,0,--.--,--.--,--.--
2025-10-30 11:55:18.837,0.3,11.2,175,0.0,3.2,0.3,3.7,0.0,0.000,0.0,120.0,97.7,-258.3,119.981,0.000,0.000,0.000,1380.6,00:05:39,5.8,1.7,6,--.--,0,175,--.--,0000:00:00,49,0,0,1,1,15.30,-1.00,0,--.--,61,--.--,--:--:--,1,-15.30,11:55:18,10:55:18,10/30/25,--.--,--.--,--.--,--.--,--.--,--.--,--.--,--.--,--.--,--.--,--.--,--.--,0,--.--,--.--,--.--,--.--,--.--,--.--,--.--,--.--,--.--,--.--,--.--,--.--,--.--,--.--,--.--,--.--,0,2976.000,2982.000,2970.000,2982.000,8.440,8.455,8.425,8.455,15.300,15.300,15.300,15.300,true,true,true,true,true,true,false,false,true,true,false,false,0.03,0.02,0.00,0.04,--.--,0.00,0.08,0.08,9223372036854775808,0,--.--,--.--,--.--,--.--,--.--,0,0,0,0,44.5794171,8.9422099,32TMQ 95412 36232,0.0,0.0,174.9,3,15,--.--,--.--,,--.--,--.--,--.--,0,0,--.--,--.--,0,5.8,-0.5,-120.0,-3.5,0.3,-0.0,6.1,-0.5,-120.0,-3.0,0.3,-0.0,--.--,--.--,--.--,--.--,0.3,11.4,175.2,0.1,2.9,0.3,0.00,--.--,--.--,0,0,0.0,0.0,0.0,0,0,0,--.--,--.--,--.--
2025-10-30 11:55:19.838,0.3,9.0,175,-0.1,-5.7,0.1,2.0,0.0,0.000,-0.0,120.0,97.7,-258.3,119.977,0.000,0.000,0.000,1382.6,00:05:40,2.9,1.6,6,--.--,0,175,--.--,0000:00:00,49,0,0,1,1,15.30,-1.00,0,--.--,61,--.--,--:--:--,1,-15.30,11:55:19,10:55:19,10/30/25,--.--,--.--,--.--,--.--,--.--,--.--,--.--,--.--,--.--,--.--,--.--,--.--,0,--.--,--.--,--.--,--.--,--.--,--.--,--.--,--.--,--.--,--.--,--.--,--.--,--.--,--.--,--.--,--.--,0,2994.000,3000.000,2994.000,2994.000,8.485,8.500,8.485,8.485,15.300,15.300,15.300,15.300,true,true,true,true,true,true,false,false,true,true,false,false,0.03,0.02,0.00,0.04,--.--,0.00,0.08,0.08,9223372036854775808,0,--.--,--.--,--.--,--.--,--.--,0,0,0,0,44.5793916,8.9422128,32TMQ 95412 36229,0.0,0.0,175.8,3,15,--.--,--.--,,--.--,--.--,--.--,0,0,--.--,--.--,0,2.9,-0.2,-120.0,-1.8,0.1,0.0,3.4,-0.3,-120.0,-1.6,0.1,-0.0,--.--,--.--,--.--,--.--,0.3,8.6,175.4,0.1,-6.5,-0.2,0.00,--.--,--.--,0,0,0.0,0.0,0.0,0,0,0,--.--,--.--,--.--
2025-10-30 11:55:20.840,-1.2,3.6,173,-5.7,11.1,-15.8,0.9,0.0,0.000,0.0,120.0,97.7,-258.3,119.953,0.000,0.000,0.000,1384.7,00:05:41,1.8,2.2,6,--.--,0,175,--.--,0000:00:00,47,0,0,1,1,15.30,-1.00,0,--.--,61,--.--,--:--:--,1,-15.30,11:55:20,10:55:20,10/30/25,--.--,--.--,--.--,--.--,--.--,--.--,--.--,--.--,--.--,--.--,--.--,--.--,0,--.--,--.--,--.--,--.--,--.--,--.--,--.--,--.--,--.--,--.--,--.--,--.--,--.--,--.--,--.--,--.--,0,2976.000,2982.000,3000.000,3006.000,8.440,8.455,8.500,8.515,15.300,15.300,15.300,15.300,true,true,true,true,true,true,false,false,true,true,false,false,0.06,0.03,0.00,0.02,--.--,0.00,0.08,0.08,9223372036854775808,0,--.--,--.--,--.--,--.--,--.--,0,0,0,0,44.5793817,8.9422136,32TMQ 95412 36228,0.0,0.0,177.2,3,15,--.--,--.--,,--.--,--.--,--.--,0,0,--.--,--.--,0,1.8,-0.2,-119.9,-0.8,0.1,0.0,1.9,-0.1,-120.0,-1.1,0.1,0.1,--.--,--.--,--.--,--.--,-0.6,4.0,167.4,4.4,8.5,-44.0,0.00,--.--,--.--,0,0,0.0,0.0,0.0,0,0,0,--.--,--.--,--.--
2025-10-30 11:55:21.842,-0.0,1.4,117,15.9,-12.0,-68.3,0.1,0.0,0.000,-1.3,119.9,97.7,-258.3,119.410,0.000,0.000,0.000,1384.7,00:05:43,1.7,20.9,6,--.--,0,176,--.--,0000:00:00,40,0,0,1,1,15.30,-1.00,0,--.--,61,--.--,--:--:--,1,-15.30,11:55:21,10:55:21,10/30/25,--.--,--.--,--.--,--.--,--.--,--.--,--.--,--.--,--.--,--.--,--.--,--.--,0,--.--,--.--,--.--,--.--,--.--,--.--,--.--,--.--,--.--,--.--,--.--,--.--,--.--,--.--,--.--,--.--,0,1422.000,1488.000,3354.000,3366.000,4.555,4.720,9.385,9.415,15.300,15.300,15.300,15.300,true,true,true,true,true,true,false,false,true,true,false,false,0.06,0.03,0.00,0.02,--.--,0.00,0.08,0.08,9223372036854775808,0,--.--,--.--,--.--,--.--,--.--,0,0,0,0,44.5793800,8.9422144,32TMQ 95412 36228,0.0,0.0,24.9,3,15,--.--,--.--,,--.--,--.--,--.--,0,0,--.--,--.--,0,1.7,-0.1,-119.3,-0.0,0.0,1.4,1.4,-0.1,-119.2,-0.3,0.0,1.6,--.--,--.--,--.--,--.--,-0.5,0.6,122.3,6.3,-11.2,-49.2,0.00,--.--,--.--,0,0,0.0,0.0,0.0,0,0,0,--.--,--.--,--.--
2025-10-30 11:55:22.837,1.6,0.8,69,-1.7,-0.1,-35.1,0.2,0.0,0.000,-1.5,119.1,96.8,-259.2,118.046,0.000,0.000,0.000,1384.7,00:05:43,1.7,7.4,6,--.--,0,177,--.--,0000:00:00,47,0,0,1,1,15.30,-1.00,0,--.--,60,--.--,--:--:--,1,-15.30,11:55:22,10:55:22,10/30/25,--.--,--.--,--.--,--.--,--.--,--.--,--.--,--.--,--.--,--.--,--.--,--.--,0,--.--,--.--,--.--,--.--,--.--,--.--,--.--,--.--,--.--,--.--,--.--,--.--,--.--,--.--,--.--,--.--,0,3102.000,3060.000,2334.000,2310.000,8.755,8.650,6.835,6.775,15.300,15.300,15.300,15.300,true,true,true,true,true,true,false,false,true,true,false,false,0.07,0.01,0.02,0.06,--.--,0.00,0.08,0.08,9223372036854775808,0,--.--,--.--,--.--,--.--,--.--,0,0,0,0,44.5793807,8.9422146,32TMQ 95412 36228,0.0,0.0,168.8,3,15,--.--,--.--,,--.--,--.--,--.--,0,0,--.--,--.--,0,1.7,-0.1,-117.9,-0.2,0.0,1.5,1.4,-0.1,-117.9,-0.4,0.0,1.5,--.--,--.--,--.--,--.--,1.7,0.7,77.7,-0.5,-0.3,-29.9,0.00,--.--,--.--,0,0,0.0,0.0,0.0,0,0,0,--.--,--.--,--.--
2025-10-30 11:55:23.843,-0.6,-0.3,29,-1.5,-2.9,-45.8,0.3,0.0,0.000,-1.3,117.7,95.4,-260.6,116.578,0.000,0.000,0.000,1384.7,00:05:45,1.5,5.0,6,--.--,0,177,--.--,0000:00:00,48,0,0,1,1,15.30,-1.00,0,--.--,60,--.--,--:--:--,1,-15.30,11:55:23,10:55:23,10/30/25,--.--,--.--,--.--,--.--,--.--,--.--,--.--,--.--,--.--,--.--,--.--,--.--,0,--.--,--.--,--.--,--.--,--.--,--.--,--.--,--.--,--.--,--.--,--.--,--.--,--.--,--.--,--.--,--.--,0,2808.000,2814.000,2940.000,2946.000,8.020,8.035,8.350,8.365,15.300,15.300,15.300,15.300,true,true,true,true,true,true,false,false,true,true,false,false,0.07,0.01,0.02,0.06,--.--,0.00,0.08,0.08,9223372036854775808,0,--.--,--.--,--.--,--.--,--.--,0,0,0,0,44.5793774,8.9422152,32TMQ 95412 36227,0.0,0.0,173.8,3,15,--.--,--.--,,--.--,--.--,--.--,0,0,--.--,--.--,0,1.5,-0.1,-116.4,-0.3,-0.0,1.3,1.3,-0.1,-116.7,-0.2,-0.0,1.3,--.--,--.--,--.--,--.--,-0.5,-0.5,32.4,-0.7,-2.8,-47.6,0.00,--.--,--.--,0,0,0.0,0.0,0.0,0,0,0,--.--,--.--,--.--
2025-10-30 11:55:24.839,1.6,-3.0,349,-4.4,-1.5,-6.6,0.1,0.0,0.000,-1.3,116.2,94.0,-262.0,115.190,0.000,0.000,0.000,1384.7,00:05:45,1.1,8.0,6,--.--,0,178,--.--,0000:00:00,47,0,0,1,1,15.30,-1.00,0,--.--,61,--.--,--:--:--,1,-15.30,11:55:24,10:55:24,10/30/25,--.--,--.--,--.--,--.--,--.--,--.--,--.--,--.--,--.--,--.--,--.--,--.--,0,--.--,--.--,--.--,--.--,--.--,--.--,--.--,--.--,--.--,--.--,--.--,--.--,--.--,--.--,--.--,--.--,0,2808.000,2808.000,2940.000,2946.000,8.020,8.020,8.350,8.365,15.300,15.300,15.300,15.300,true,true,true,true,true,true,false,false,true,true,false,false,0.08,0.00,0.01,0.03,--.--,0.00,0.08,0.08,9223372036854775808,0,--.--,--.--,--.--,--.--,--.--,0,0,0,0,44.5793732,8.9422159,32TMQ 95412 36227,0.0,0.0,171.7,3,15,--.--,--.--,,--.--,--.--,--.--,0,0,--.--,--.--,0,1.1,-0.0,-115.0,-0.1,0.0,1.3,1.3,-0.1,-115.2,0.2,-0.1,1.4,--.--,--.--,--.--,--.--,-1.4,-3.0,4.2,-15.4,-1.7,31.4,0.00,--.--,--.--,0,0,0.0,0.0,0.0,0,0,0,--.--,--.--,--.--
2025-10-30 11:55:25.839,-1.9,-1.7,8,2.5,2.0,16.1,0.2,0.0,0.000,-1.4,114.8,92.6,-263.4,113.806,0.000,0.000,0.000,1384.7,00:05:46,0.9,4.3,6,--.--,0,--.--,--.--,0000:00:00,46,0,0,1,1,15.30,-1.00,0,--.--,61,--.--,--:--:--,1,-15.30,11:55:25,10:55:25,10/30/25,--.--,--.--,--.--,--.--,--.--,--.--,--.--,--.--,--.--,--.--,--.--,--.--,0,--.--,--.--,--.--,--.--,--.--,--.--,--.--,--.--,--.--,--.--,--.--,--.--,--.--,--.--,--.--,--.--,0,3546.000,3540.000,2010.000,2004.000,9.865,9.850,6.025,6.010,15.300,15.300,15.300,15.300,true,true,true,true,true,true,false,false,true,true,false,false,0.08,0.00,0.01,0.03,--.--,0.00,0.08,0.08,9223372036854775808,0,--.--,--.--,--.--,--.--,--.--,0,0,0,0,44.5793722,8.9422170,32TMQ 95412 36227,0.0,0.0,3.4,3,15,--.--,--.--,,--.--,--.--,--.--,0,0,--.--,--.--,0,0.9,0.0,-113.6,0.2,-0.1,1.4,1.3,-0.1,-113.7,0.3,-0.1,1.5,--.--,--.--,--.--,--.--,-0.3,-1.7,4.2,11.5,1.8,-8.0,0.00,--.--,--.--,0,0,0.0,0.0,0.0,0,0,0,--.--,--.--,--.--
2025-10-30 11:55:26.838,0.8,1.0,6,1.1,2.3,-10.4,0.3,0.0,0.000,-1.5,113.4,91.2,-264.8,112.342,0.000,0.000,0.000,1384.7,00:05:47,1.2,3.6,6,--.--,0,178,--.--,0000:00:00,46,0,0,1,1,15.30,-1.00,0,--.--,60,--.--,--:--:--,1,-15.30,11:55:26,10:55:26,10/30/25,--.--,--.--,--.--,--.--,--.--,--.--,--.--,--.--,--.--,--.--,--.--,--.--,0,--.--,--.--,--.--,--.--,--.--,--.--,--.--,--.--,--.--,--.--,--.--,--.--,--.--,--.--,--.--,--.--,0,2346.000,2346.000,3186.000,3180.000,6.865,6.865,8.965,8.950,15.300,15.300,15.300,15.300,true,true,true,true,true,true,false,false,true,true,false,false,0.05,0.01,0.01,0.04,--.--,0.00,0.08,0.08,9223372036854775808,0,--.--,--.--,--.--,--.--,--.--,0,0,0,0,44.5793750,8.9422156,32TMQ 95412 36227,0.0,0.0,337.6,3,15,--.--,--.--,,--.--,--.--,--.--,0,0,--.--,--.--,0,1.2,-0.0,-112.2,0.3,-0.1,1.5,1.3,-0.1,-112.2,0.1,-0.0,1.5,--.--,--.--,--.--,--.--,0.5,1.1,4.2,-1.2,2.3,-8.7,0.00,--.--,--.--,0,0,0.0,0.0,0.0,0,0,0,--.--,--.--,--.--
2025-10-30 11:55:27.837,0.6,2.1,3,-0.5,-0.2,3.2,0.1,0.0,0.000,-1.5,112.0,89.7,-266.3,110.841,0.000,0.000,0.000,1384.7,00:05:48,1.4,15.9,6,--.--,0,175,--.--,0000:00:00,47,0,0,1,1,15.30,-1.00,0,--.--,60,--.--,--:--:--,1,-15.30,11:55:27,10:55:27,10/30/25,--.--,--.--,--.--,--.--,--.--,--.--,--.--,--.--,--.--,--.--,--.--,--.--,0,--.--,--.--,--.--,--.--,--.--,--.--,--.--,--.--,--.--,--.--,--.--,--.--,--.--,--.--,--.--,--.--,0,2910.000,2916.000,2652.000,2658.000,8.275,8.290,7.630,7.645,15.300,15.300,15.300,15.300,true,true,true,true,true,true,false,false,true,true,false,false,0.05,0.01,0.01,0.04,--.--,0.00,0.08,0.08,9223372036854775808,0,--.--,--.--,--.--,--.--,--.--,0,0,0,0,44.5793775,8.9422144,32TMQ 95412 36227,0.0,0.0,345.4,3,15,--.--,--.--,,--.--,--.--,--.--,0,0,--.--,--.--,0,1.4,-0.1,-110.7,0.1,-0.0,1.5,1.3,-0.1,-110.7,-0.2,0.0,1.5,--.--,--.--,--.--,--.--,0.6,2.0,4.2,-0.5,-0.1,3.3,0.00,--.--,--.--,0,0,0.0,0.0,0.0,0,0,0,--.--,--.--,--.--
2025-10-30 11:55:28.836,0.3,0.7,5,-0.3,-1.9,-0.5,0.1,0.0,0.000,-1.4,110.5,88.2,-267.8,109.385,0.000,0.000,0.000,1384.7,00:05:49,1.4,10.5,6,--.--,0,175,--.--,0000:00:00,47,0,0,1,1,15.30,-1.00,0,--.--,61,--.--,--:--:--,1,-15.30,11:55:28,10:55:28,10/30/25,--.--,--.--,--.--,--.--,--.--,--.--,--.--,--.--,--.--,--.--,--.--,--.--,0,--.--,--.--,--.--,--.--,--.--,--.--,--.--,--.--,--.--,--.--,--.--,--.--,--.--,--.--,--.--,--.--,0,2832.000,2832.000,2832.000,2832.000,8.080,8.080,8.080,8.080,15.300,15.300,15.300,15.300,true,true,true,true,true,true,false,false,true,true,false,false,0.02,0.00,0.01,0.02,--.--,0.00,0.08,0.08,9223372036854775808,0,--.--,--.--,--.--,--.--,--.--,0,0,0,0,44.5793772,8.9422144,32TMQ 95412 36227,0.0,0.0,172.2,3,15,--.--,--.--,,--.--,--.--,--.--,0,0,--.--,--.--,0,1.4,-0.1,-109.2,-0.1,0.0,1.4,1.2,-0.1,-109.4,-0.2,0.0,1.4,--.--,--.--,--.--,--.--,0.3,0.6,4.2,0.3,-1.9,-3.2,0.00,--.--,--.--,0,0,0.0,0.0,0.0,0,0,0,--.--,--.--,--.--
2025-10-30 11:55:29.840,-0.1,-0.9,4,-0.3,-1.1,-0.6,0.1,0.0,0.000,-1.3,109.0,86.8,-269.2,107.955,0.000,0.000,0.000,1384.7,00:05:50,1.2,8.3,6,--.--,0,176,--.--,0000:00:00,46,0,0,1,1,15.30,-1.00,0,--.--,61,--.--,--:--:--,1,-15.30,11:55:29,10:55:29,10/30/25,--.--,--.--,--.--,--.--,--.--,--.--,--.--,--.--,--.--,--.--,--.--,--.--,0,--.--,--.--,--.--,--.--,--.--,--.--,--.--,--.--,--.--,--.--,--.--,--.--,--.--,--.--,--.--,--.--,0,2832.000,2826.000,2880.000,2874.000,8.080,8.065,8.200,8.185,15.300,15.300,15.300,15.300,true,true,true,true,true,true,false,false,true,true,false,false,0.02,0.00,0.01,0.02,--.--,0.00,0.08,0.08,9223372036854775808,0,--.--,--.--,--.--,--.--,--.--,0,0,0,0,44.5793751,8.9422148,32TMQ 95412 36227,0.0,0.0,170.3,3,15,--.--,--.--,,--.--,--.--,--.--,0,0,--.--,--.--,0,1.2,-0.1,-107.8,-0.1,0.0,1.4,1.2,-0.1,-107.9,-0.0,0.0,1.4,--.--,--.--,--.--,--.--,-0.2,-1.0,4.2,-0.7,-1.2,-0.2,0.00,--.--,--.--,0,0,0.0,0.0,0.0,0,0,0,--.--,--.--,--.--
2025-10-30 11:55:30.836,-0.2,-1.1,4,0.1,0.6,0.4,0.0,0.0,0.000,-1.5,107.6,85.4,-270.6,106.579,0.000,0.000,0.000,1384.7,00:05:51,1.1,214.2,6,--.--,0,176,--.--,0000:00:00,45,0,0,1,1,15.30,-1.00,0,--.--,60,--.--,--:--:--,1,-15.30,11:55:30,10:55:30,10/30/25,--.--,--.--,--.--,--.--,--.--,--.--,--.--,--.--,--.--,--.--,--.--,--.--,0,--.--,--.--,--.--,--.--,--.--,--.--,--.--,--.--,--.--,--.--,--.--,--.--,--.--,--.--,--.--,--.--,0,2790.000,2784.000,2754.000,2754.000,7.975,7.960,7.885,7.885,15.300,15.300,15.300,15.300,true,true,true,true,true,true,false,false,true,true,false,false,0.04,0.00,0.01,0.02,--.--,0.00,0.08,0.08,9223372036854775808,0,--.--,--.--,--.--,--.--,--.--,0,0,0,0,44.5793739,8.9422151,32TMQ 95412 36227,0.0,0.0,177.4,3,15,--.--,--.--,,--.--,--.--,--.--,0,0,--.--,--.--,0,1.1,-0.1,-106.4,0.0,-0.0,1.5,1.2,-0.1,-106.4,0.1,-0.0,1.5,--.--,--.--,--.--,--.--,-0.1,-1.0,4.2,0.3,0.6,-0.3,0.00,--.--,--.--,0,0,0.0,0.0,0.0,0,0,0,--.--,--.--,--.--
2025-10-30 11:55:31.841,0.1,0.2,4,0.4,1.4,-0.2,0.1,0.0,0.000,-1.5,106.2,84.0,-272.0,105.113,0.000,0.000,0.000,1384.7,00:05:53,1.1,12.2,6,--.--,0,176,--.--,0000:00:00,46,0,0,1,1,15.30,-1.00,0,--.--,60,--.--,--:--:--,1,-15.30,11:55:31,10:55:31,10/30/25,--.--,--.--,--.--,--.--,--.--,--.--,--.--,--.--,--.--,--.--,--.--,--.--,0,--.--,--.--,--.--,--.--,--.--,--.--,--.--,--.--,--.--,--.--,--.--,--.--,--.--,--.--,--.--,--.--,0,2748.000,2742.000,2754.000,2760.000,7.870,7.855,7.885,7.900,15.300,15.300,15.300,15.300,true,true,true,true,true,true,false,false,true,true,false,false,0.04,0.00,0.01,0.02,--.--,0.00,0.08,0.08,9223372036854775808,0,--.--,--.--,--.--,--.--,--.--,0,0,0,0,44.5793746,8.9422148,32TMQ 95412 36227,0.0,0.0,345.3,3,15,--.--,--.--,,--.--,--.--,--.--,0,0,--.--,--.--,0,1.1,-0.1,-105.0,0.1,-0.0,1.5,1.2,-0.1,-104.9,0.0,0.0,1.5,--.--,--.--,--.--,--.--,0.2,0.2,4.2,0.4,1.3,-0.5,0.00,--.--,--.--,0,0,0.0,0.0,0.0,0,0,0,--.--,--.--,--.--
2025-10-30 11:55:32.838,0.4,1.0,4,0.1,0.2,-0.0,0.0,0.0,0.000,-1.5,104.7,82.5,-273.5,103.603,0.000,0.000,0.000,1384.7,00:05:53,1.3,27.4,6,--.--,0,175,--.--,0000:00:00,47,0,0,1,1,15.30,-1.00,0,--.--,60,--.--,--:--:--,1,-15.30,11:55:32,10:55:32,10/30/25,--.--,--.--,--.--,--.--,--.--,--.--,--.--,--.--,--.--,--.--,--.--,--.--,0,--.--,--.--,--.--,--.--,--.--,--.--,--.--,--.--,--.--,--.--,--.--,--.--,--.--,--.--,--.--,--.--,0,2778.000,2784.000,2778.000,2778.000,7.945,7.960,7.945,7.945,15.300,15.300,15.300,15.300,true,true,true,true,true,true,false,false,true,true,false,false,0.02,0.00,0.01,0.06,--.--,0.00,0.08,0.08,9223372036854775808,0,--.--,--.--,--.--,--.--,--.--,0,0,0,0,44.5793758,8.9422144,32TMQ 95412 36227,0.0,0.0,345.4,3,15,--.--,--.--,,--.--,--.--,--.--,0,0,--.--,--.--,0,1.2,-0.1,-103.4,0.0,-0.0,1.5,1.2,-0.1,-103.5,-0.1,0.0,1.5,--.--,--.--,--.--,--.--,0.4,1.1,4.2,0.2,0.5,-0.1,0.00,--.--,--.--,0,0,0.0,0.0,0.0,0,0,0,--.--,--.--,--.--
2025-10-30 11:55:33.838,0.3,0.8,4,-0.2,-0.6,0.1,0.1,0.0,0.000,-1.4,103.2,80.9,-275.1,102.089,0.000,0.000,0.000,1384.7,00:05:54,1.3,18.0,6,--.--,0,175,--.--,0000:00:00,47,0,0,1,1,15.30,-1.00,0,--.--,60,--.--,--:--:--,1,-15.30,11:55:33,10:55:33,10/30/25,--.--,--.--,--.--,--.--,--.--,--.--,--.--,--.--,--.--,--.--,--.--,--.--,0,--.--,--.--,--.--,--.--,--.--,--.--,--.--,--.--,--.--,--.--,--.--,--.--,--.--,--.--,--.--,--.--,0,2832.000,2832.000,2832.000,2832.000,8.080,8.080,8.080,8.080,15.300,15.300,15.300,15.300,true,true,true,true,true,true,false,false,true,true,false,false,0.02,0.00,0.01,0.06,--.--,0.00,0.08,0.08,9223372036854775808,0,--.--,--.--,--.--,--.--,--.--,0,0,0,0,44.5793760,8.9422143,32TMQ 95412 36227,0.0,0.0,165.7,3,15,--.--,--.--,,--.--,--.--,--.--,0,0,--.--,--.--,0,1.3,-0.1,-101.9,-0.1,0.0,1.4,1.2,-0.1,-102.0,-0.1,0.0,1.4,--.--,--.--,--.--,--.--,0.3,0.7,4.2,-0.2,-0.6,-0.1,0.00,--.--,--.--,0,0,0.0,0.0,0.0,0,0,0,--.--,--.--,--.--
2025-10-30 11:55:34.840,0.1,-0.1,4,-0.3,-0.9,-0.0,0.1,0.0,0.000,-1.4,101.7,79.5,-276.5,100.659,0.000,0.000,0.000,1384.7,00:05:55,1.2,10.6,6,--.--,0,175,--.--,0000:00:00,46,0,0,1,1,15.30,-1.00,0,--.--,61,--.--,--:--:--,1,-15.30,11:55:34,10:55:34,10/30/25,--.--,--.--,--.--,--.--,--.--,--.--,--.--,--.--,--.--,--.--,--.--,--.--,0,--.--,--.--,--.--,--.--,--.--,--.--,--.--,--.--,--.--,--.--,--.--,--.--,--.--,--.--,--.--,--.--,0,2826.000,2826.000,2826.000,2826.000,8.065,8.065,8.065,8.065,15.300,15.300,15.300,15.300,true,true,true,true,true,true,false,false,true,true,false,false,0.00,0.00,0.01,0.00,--.--,0.00,0.08,0.08,9223372036854775808,0,--.--,--.--,--.--,--.--,--.--,0,0,0,0,44.5793750,8.9422147,32TMQ 95412 36227,0.0,0.0,164.8,3,15,--.--,--.--,,--.--,--.--,--.--,0,0,--.--,--.--,0,1.2,-0.1,-100.5,-0.1,0.0,1.4,1.1,-0.1,-100.6,-0.1,0.0,1.4,--.--,--.--,--.--,--.--,0.1,-0.2,4.2,-0.3,-0.9,-0.1,0.00,--.--,--.--,0,0,0.0,0.0,0.0,0,0,0,--.--,--.--,--.--
2025-10-30 11:55:35.840,-0.1,-0.6,4,-0.0,0.0,-0.1,0.1,0.0,0.000,-1.5,100.3,78.0,-278.0,99.235,0.000,0.000,0.000,1384.7,00:05:56,1.1,20.0,6,--.--,0,176,--.--,0000:00:00,46,0,0,1,1,15.30,-1.00,0,--.--,61,--.--,--:--:--,1,-15.30,11:55:35,10:55:35,10/30/25,--.--,--.--,--.--,--.--,--.--,--.--,--.--,--.--,--.--,--.--,--.--,--.--,0,--.--,--.--,--.--,--.--,--.--,--.--,--.--,--.--,--.--,--.--,--.--,--.--,--.--,--.--,--.--,--.--,0,2784.000,2790.000,2790.000,2790.000,7.960,7.975,7.975,7.975,15.300,15.300,15.300,15.300,true,true,true,true,true,true,false,false,true,true,false,false,0.00,0.00,0.01,0.00,--.--,0.00,0.08,0.08,9223372036854775808,0,--.--,--.--,--.--,--.--,--.--,0,0,0,0,44.5793739,8.9422151,32TMQ 95412 36227,0.0,0.0,162.9,3,15,--.--,--.--,,--.--,--.--,--.--,0,0,--.--,--.--,0,1.1,-0.1,-99.1,-0.0,0.0,1.5,1.1,-0.1,-99.1,0.0,-0.0,1.5,--.--,--.--,--.--,--.--,-0.1,-0.6,4.2,-0.1,-0.1,-0.1,0.00,--.--,--.--,0,0,0.0,0.0,0.0,0,0,0,--.--,--.--,--.--
2025-10-30 11:55:36.839,0.0,-0.2,4,0.2,0.7,-0.0,0.0,0.0,0.000,-1.5,98.9,76.6,-279.4,97.765,0.000,0.000,0.000,1384.7,00:05:57,1.1,42.7,6,--.--,0,177,--.--,0000:00:00,46,0,0,1,1,15.30,-1.00,0,--.--,60,--.--,--:--:--,1,-15.30,11:55:36,10:55:36,10/30/25,--.--,--.--,--.--,--.--,--.--,--.--,--.--,--.--,--.--,--.--,--.--,--.--,0,--.--,--.--,--.--,--.--,--.--,--.--,--.--,--.--,--.--,--.--,--.--,--.--,--.--,--.--,--.--,--.--,0,2760.000,2766.000,2766.000,2766.000,7.900,7.915,7.915,7.915,15.300,15.300,15.300,15.300,true,true,true,true,true,true,false,false,true,true,false,false,0.01,0.00,0.00,0.02,--.--,0.00,0.08,0.08,9223372036854775808,0,--.--,--.--,--.--,--.--,--.--,0,0,0,0,44.5793737,8.9422152,32TMQ 95412 36227,0.0,0.0,342.4,3,15,--.--,--.--,,--.--,--.--,--.--,0,0,--.--,--.--,0,1.0,-0.1,-97.6,0.0,-0.0,1.5,1.1,-0.1,-97.6,0.0,-0.0,1.5,--.--,--.--,--.--,--.--,0.0,-0.1,4.2,0.2,0.6,-0.0,0.00,--.--,--.--,0,0,0.0,0.0,0.0,0,0,0,--.--,--.--,--.--
2025-10-30 11:55:37.842,0.2,0.5,4,0.1,0.5,-0.0,0.0,0.0,0.000,-1.5,97.4,75.1,-280.9,96.264,0.000,0.000,0.000,1384.7,00:05:59,1.1,34.8,6,--.--,0,176,--.--,0000:00:00,46,0,0,1,1,15.30,-1.00,0,--.--,60,--.--,--:--:--,1,-15.30,11:55:37,10:55:37,10/30/25,--.--,--.--,--.--,--.--,--.--,--.--,--.--,--.--,--.--,--.--,--.--,--.--,0,--.--,--.--,--.--,--.--,--.--,--.--,--.--,--.--,--.--,--.--,--.--,--.--,--.--,--.--,--.--,--.--,0,2772.000,2772.000,2772.000,2772.000,7.930,7.930,7.930,7.930,15.300,15.300,15.300,15.300,true,true,true,true,true,true,false,false,true,true,false,false,0.01,0.00,0.00,0.02,--.--,0.00,0.08,0.08,9223372036854775808,0,--.--,--.--,--.--,--.--,--.--,0,0,0,0,44.5793743,8.9422149,32TMQ 95412 36227,0.0,0.0,337.0,3,15,--.--,--.--,,--.--,--.--,--.--,0,0,--.--,--.--,0,1.1,-0.1,-96.1,0.0,-0.0,1.5,1.1,-0.1,-96.1,-0.0,0.0,1.5,--.--,--.--,--.--,--.--,0.2,0.5,4.2,0.2,0.5,-0.0,0.00,--.--,--.--,0,0,0.0,0.0,0.0,0,0,0,--.--,--.--,--.--
2025-10-30 11:55:38.839,0.3,0.6,4,0.1,-0.2,-0.0,0.0,0.0,0.000,-1.5,95.9,73.6,-282.4,94.764,0.000,0.000,0.000,1384.7,00:05:59,1.1,54.5,6,--.--,0,175,--.--,0000:00:00,46,0,0,1,1,15.30,-1.00,0,--.--,60,--.--,--:--:--,1,-15.30,11:55:38,10:55:38,10/30/25,--.--,--.--,--.--,--.--,--.--,--.--,--.--,--.--,--.--,--.--,--.--,--.--,0,--.--,--.--,--.--,--.--,--.--,--.--,--.--,--.--,--.--,--.--,--.--,--.--,--.--,--.--,--.--,--.--,0,2778.000,2778.000,2778.000,2778.000,7.945,7.945,7.945,7.945,15.300,15.300,15.300,15.300,true,true,true,true,true,true,false,false,true,true,false,false,0.02,0.00,0.00,0.03,--.--,0.00,0.08,0.08,9223372036854775808,0,--.--,--.--,--.--,--.--,--.--,0,0,0,0,44.5793746,8.9422146,32TMQ 95412 36227,0.0,0.0,0.0,3,15,--.--,--.--,,--.--,--.--,--.--,0,0,--.--,--.--,0,1.1,-0.1,-94.6,-0.0,0.0,1.5,1.1,-0.1,-94.6,-0.1,0.0,1.5,--.--,--.--,--.--,--.--,0.3,0.6,4.2,-0.0,-0.1,-0.0,0.00,--.--,--.--,0,0,0.0,0.0,0.0,0,0,0,--.--,--.--,--.--
2025-10-30 11:55:39.840,0.2,0.3,4,-0.2,-0.5,-0.0,0.1,0.0,0.000,-1.5,94.4,72.1,-283.9,93.268,0.000,0.000,0.000,1384.7,00:06:00,1.1,17.2,6,--.--,0,175,--.--,0000:00:00,47,0,0,1,1,15.30,-1.00,0,--.--,60,--.--,--:--:--,1,-15.30,11:55:39,10:55:39,10/30/25,--.--,--.--,--.--,--.--,--.--,--.--,--.--,--.--,--.--,--.--,--.--,--.--,0,--.--,--.--,--.--,--.--,--.--,--.--,--.--,--.--,--.--,--.--,--.--,--.--,--.--,--.--,--.--,--.--,0,2802.000,2802.000,2802.000,2802.000,8.005,8.005,8.005,8.005,15.300,15.300,15.300,15.300,true,true,true,true,true,true,false,false,true,true,false,false,0.02,0.00,0.00,0.03,--.--,0.00,0.08,0.08,9223372036854775808,0,--.--,--.--,--.--,--.--,--.--,0,0,0,0,44.5793742,8.9422147,32TMQ 95412 36227,0.0,0.0,164.4,3,15,--.--,--.--,,--.--,--.--,--.--,0,0,--.--,--.--,0,1.1,-0.1,-93.1,-0.1,0.0,1.5,1.0,-0.1,-93.2,-0.1,0.0,1.4,--.--,--.--,--.--,--.--,0.2,0.2,4.2,-0.2,-0.4,0.0,0.00,--.--,--.--,0,0,0.0,0.0,0.0,0,0,0,--.--,--.--,--.--
2025-10-30 11:55:40.844,0.0,-0.2,4,-0.1,-0.3,-0.0,0.1,0.0,0.000,-1.5,92.9,70.7,-285.3,91.812,0.000,0.000,0.000,1384.7,00:06:02,1.0,17.8,6,--.--,0,176,--.--,0000:00:00,46,0,0,1,1,15.30,-1.00,0,--.--,60,--.--,--:--:--,1,-15.30,11:55:40,10:55:40,10/30/25,--.--,--.--,--.--,--.--,--.--,--.--,--.--,--.--,--.--,--.--,--.--,--.--,0,--.--,--.--,--.--,--.--,--.--,--.--,--.--,--.--,--.--,--.--,--.--,--.--,--.--,--.--,--.--,--.--,0,2802.000,2802.000,2802.000,2802.000,8.005,8.005,8.005,8.005,15.300,15.300,15.300,15.300,true,true,true,true,true,true,false,false,true,true,false,false,0.00,0.00,0.01,0.03,--.--,0.00,0.08,0.08,9223372036854775808,0,--.--,--.--,--.--,--.--,--.--,0,0,0,0,44.5793735,8.9422151,32TMQ 95412 36227,0.0,0.0,159.8,3,15,--.--,--.--,,--.--,--.--,--.--,0,0,--.--,--.--,0,1.0,-0.1,-91.7,-0.1,0.0,1.5,1.0,-0.1,-91.7,-0.0,0.0,1.5,--.--,--.--,--.--,--.--,0.0,-0.2,4.2,-0.1,-0.3,-0.0,0.00,--.--,--.--,0,0,0.0,0.0,0.0,0,0,0,--.--,--.--,--.--
2025-10-30 11:55:41.837,-0.0,-0.2,4,0.1,0.3,-0.0,0.0,0.0,0.000,-1.5,91.4,69.2,-286.8,90.339,0.000,0.000,0.000,1384.7,00:06:02,1.0,76.2,6,--.--,0,--.--,--.--,0000:00:00,46,0,0,1,1,15.30,-1.00,0,--.--,60,--.--,--:--:--,1,-15.30,11:55:41,10:55:41,10/30/25,--.--,--.--,--.--,--.--,--.--,--.--,--.--,--.--,--.--,--.--,--.--,--.--,0,--.--,--.--,--.--,--.--,--.--,--.--,--.--,--.--,--.--,--.--,--.--,--.--,--.--,--.--,--.--,--.--,0,2796.000,2796.000,2796.000,2796.000,7.990,7.990,7.990,7.990,15.300,15.300,15.300,15.300,true,true,true,true,true,true,false,false,true,true,false,false,0.00,0.00,0.01,0.03,--.--,0.00,0.08,0.08,9223372036854775808,0,--.--,--.--,--.--,--.--,--.--,0,0,0,0,44.5793731,8.9422153,32TMQ 95412 36227,0.0,0.0,154.8,3,15,--.--,--.--,,--.--,--.--,--.--,0,0,--.--,--.--,0,1.0,-0.1,-90.2,-0.0,0.0,1.5,1.0,-0.1,-90.2,0.0,-0.0,1.5,--.--,--.--,--.--,--.--,-0.0,-0.1,4.2,0.1,0.2,-0.1,0.00,--.--,--.--,0,0,0.0,0.0,0.0,0,0,0,--.--,--.--,--.--
2025-10-30 11:55:42.842,0.1,0.2,4,0.1,0.3,-0.1,0.0,0.0,0.000,-1.5,90.0,67.7,-288.3,88.824,0.000,0.000,0.000,1384.7,00:06:04,1.0,84.0,6,--.--,0,--.--,--.--,0000:00:00,46,0,0,1,1,15.30,-1.00,0,--.--,60,--.--,--:--:--,1,-15.30,11:55:42,10:55:42,10/30/25,--.--,--.--,--.--,--.--,--.--,--.--,--.--,--.--,--.--,--.--,--.--,--.--,0,--.--,--.--,--.--,--.--,--.--,--.--,--.--,--.--,--.--,--.--,--.--,--.--,--.--,--.--,--.--,--.--,0,2772.000,2766.000,2772.000,2772.000,7.930,7.915,7.930,7.930,15.300,15.300,15.300,15.300,true,true,true,true,true,true,false,false,true,true,false,false,0.01,0.00,0.00,0.06,--.--,0.00,0.08,0.08,9223372036854775808,0,--.--,--.--,--.--,--.--,--.--,0,0,0,0,44.5793732,8.9422152,32TMQ 95412 36227,0.0,0.0,324.9,3,15,--.--,--.--,,--.--,--.--,--.--,0,0,--.--,--.--,0,1.0,-0.1,-88.7,0.0,-0.0,1.5,1.0,-0.1,-88.7,-0.0,-0.0,1.5,--.--,--.--,--.--,--.--,0.1,0.2,4.2,0.1,0.3,-0.0,0.00,--.--,--.--,0,0,0.0,0.0,0.0,0,0,0,--.--,--.--,--.--
2025-10-30 11:55:43.841,0.2,0.3,4,0.2,0.1,-0.0,0.0,0.0,0.000,-1.5,88.5,66.2,-289.8,87.353,0.000,0.000,0.000,1384.7,00:06:05,1.0,94.1,6,--.--,0,--.--,--.--,0000:00:00,46,0,0,1,1,15.30,-1.00,0,--.--,60,--.--,--:--:--,1,-15.30,11:55:43,10:55:43,10/30/25,--.--,--.--,--.--,--.--,--.--,--.--,--.--,--.--,--.--,--.--,--.--,--.--,0,--.--,--.--,--.--,--.--,--.--,--.--,--.--,--.--,--.--,--.--,--.--,--.--,--.--,--.--,--.--,--.--,0,2772.000,2766.000,2772.000,2772.000,7.930,7.915,7.930,7.930,15.300,15.300,15.300,15.300,true,true,true,true,true,true,false,false,true,true,false,false,0.01,0.00,0.00,0.06,--.--,0.00,0.08,0.08,9223372036854775808,0,--.--,--.--,--.--,--.--,--.--,0,0,0,0,44.5793734,8.9422149,32TMQ 95412 36227,0.0,0.0,291.8,3,15,--.--,--.--,,--.--,--.--,--.--,0,0,--.--,--.--,0,1.0,-0.1,-87.2,-0.0,-0.0,1.5,1.0,-0.1,-87.2,-0.0,0.0,1.5,--.--,--.--,--.--,--.--,0.3,0.3,4.2,0.1,0.0,0.0,0.00,--.--,--.--,0,0,0.0,0.0,0.0,0,0,0,--.--,--.--,--.--
2025-10-30 11:55:44.843,0.2,0.3,4,-0.1,-0.2,0.1,0.0,0.0,0.000,-1.5,87.0,64.7,-291.3,85.849,0.000,0.000,0.000,1384.7,00:06:06,1.0,28.8,6,--.--,0,--.--,--.--,0000:00:00,46,0,0,1,1,15.30,-1.00,0,--.--,60,--.--,--:--:--,1,-15.30,11:55:44,10:55:44,10/30/25,--.--,--.--,--.--,--.--,--.--,--.--,--.--,--.--,--.--,--.--,--.--,--.--,0,--.--,--.--,--.--,--.--,--.--,--.--,--.--,--.--,--.--,--.--,--.--,--.--,--.--,--.--,--.--,--.--,0,2778.000,2778.000,2778.000,2778.000,7.945,7.945,7.945,7.945,15.300,15.300,15.300,15.300,true,true,true,true,true,true,false,false,true,true,false,false,0.00,0.00,0.00,0.01,--.--,0.00,0.08,0.08,9223372036854775808,0,--.--,--.--,--.--,--.--,--.--,0,0,0,0,44.5793732,8.9422148,32TMQ 95412 36227,0.0,0.0,172.3,3,15,--.--,--.--,,--.--,--.--,--.--,0,0,--.--,--.--,0,1.0,-0.1,-85.7,-0.0,0.0,1.5,1.0,-0.1,-85.7,-0.0,0.0,1.5,--.--,--.--,--.--,--.--,0.2,0.3,4.2,-0.1,-0.2,0.1,0.00,--.--,--.--,0,0,0.0,0.0,0.0,0,0,0,--.--,--.--,--.--
2025-10-30 11:55:45.840,0.1,0.0,4,-0.2,-0.2,0.1,0.0,0.0,0.000,-1.5,85.5,63.2,-292.8,84.353,0.000,0.000,0.000,1384.7,00:06:06,0.9,20.8,6,--.--,0,--.--,--.--,0000:00:00,46,0,0,1,1,15.30,-1.00,0,--.--,60,--.--,--:--:--,1,-15.30,11:55:45,10:55:45,10/30/25,--.--,--.--,--.--,--.--,--.--,--.--,--.--,--.--,--.--,--.--,--.--,--.--,0,--.--,--.--,--.--,--.--,--.--,--.--,--.--,--.--,--.--,--.--,--.--,--.--,--.--,--.--,--.--,--.--,0,2796.000,2796.000,2796.000,2796.000,7.990,7.990,7.990,7.990,15.300,15.300,15.300,15.300,true,true,true,true,true,true,false,false,true,true,false,false,0.00,0.00,0.00,0.01,--.--,0.00,0.08,0.08,9223372036854775808,0,--.--,--.--,--.--,--.--,--.--,0,0,0,0,44.5793728,8.9422150,32TMQ 95412 36227,0.0,0.0,159.6,3,15,--.--,--.--,,--.--,--.--,--.--,0,0,--.--,--.--,0,0.9,-0.1,-84.2,-0.0,0.0,1.5,0.9,-0.1,-84.2,-0.0,0.0,1.5,--.--,--.--,--.--,--.--,0.1,-0.0,4.2,-0.1,-0.3,-0.1,0.00,--.--,--.--,0,0,0.0,0.0,0.0,0,0,0,--.--,--.--,--.--
2025-10-30 11:55:46.839,-0.0,-0.1,4,-0.1,0.0,-0.1,0.0,0.0,0.000,-1.5,84.0,61.7,-294.3,82.882,0.000,0.000,0.000,1384.7,00:06:07,0.9,34.4,6,--.--,0,--.--,--.--,0000:00:00,46,0,0,1,1,15.30,-1.00,0,--.--,60,--.--,--:--:--,1,-15.30,11:55:46,10:55:46,10/30/25,--.--,--.--,--.--,--.--,--.--,--.--,--.--,--.--,--.--,--.--,--.--,--.--,0,--.--,--.--,--.--,--.--,--.--,--.--,--.--,--.--,--.--,--.--,--.--,--.--,--.--,--.--,--.--,--.--,0,2784.000,2784.000,2790.000,2790.000,7.960,7.960,7.975,7.975,15.300,15.300,15.300,15.300,true,true,true,true,true,true,false,false,true,true,false,false,0.00,0.00,0.01,0.01,--.--,0.00,0.08,0.08,9223372036854775808,0,--.--,--.--,--.--,--.--,--.--,0,0,0,0,44.5793724,8.9422153,32TMQ 95412 36227,0.0,0.0,153.1,3,15,--.--,--.--,,--.--,--.--,--.--,0,0,--.--,--.--,0,0.9,-0.1,-82.7,-0.0,0.0,1.5,0.9,-0.1,-82.7,0.0,-0.0,1.5,--.--,--.--,--.--,--.--,-0.0,-0.1,4.2,-0.1,0.0,-0.0,0.00,--.--,--.--,0,0,0.0,0.0,0.0,0,0,0,--.--,--.--,--.--
2025-10-30 11:55:47.837,0.1,0.1,4,0.1,0.3,-0.0,0.0,0.0,0.000,-1.5,82.5,60.2,-295.8,81.387,0.000,0.000,0.000,1384.7,00:06:08,0.9,299.3,6,--.--,0,--.--,--.--,0000:00:00,46,0,0,1,1,15.30,-1.00,0,--.--,60,--.--,--:--:--,1,-15.30,11:55:47,10:55:47,10/30/25,--.--,--.--,--.--,--.--,--.--,--.--,--.--,--.--,--.--,--.--,--.--,--.--,0,--.--,--.--,--.--,--.--,--.--,--.--,--.--,--.--,--.--,--.--,--.--,--.--,--.--,--.--,--.--,--.--,0,2778.000,2778.000,2778.000,2772.000,7.945,7.945,7.945,7.930,15.300,15.300,15.300,15.300,true,true,true,true,true,true,false,false,true,true,false,false,0.00,0.00,0.01,0.01,--.--,0.00,0.08,0.08,9223372036854775808,0,--.--,--.--,--.--,--.--,--.--,0,0,0,0,44.5793723,8.9422153,32TMQ 95412 36227,0.0,0.0,0.0,3,15,--.--,--.--,,--.--,--.--,--.--,0,0,--.--,--.--,0,0.9,-0.1,-81.2,-0.0,-0.0,1.5,0.9,-0.1,-81.3,-0.0,-0.0,1.5,--.--,--.--,--.--,--.--,0.1,0.1,4.2,0.1,0.2,0.1,0.00,--.--,--.--,0,0,0.0,0.0,0.0,0,0,0,--.--,--.--,--.--
2025-10-30 11:55:48.843,0.2,0.2,4,0.2,0.1,0.1,0.0,0.0,0.000,-1.5,81.0,58.8,-297.2,79.888,0.000,0.000,0.000,1384.7,00:06:10,0.9,101.2,6,--.--,0,--.--,--.--,0000:00:00,46,0,0,1,1,15.30,-1.00,0,--.--,60,--.--,--:--:--,1,-15.30,11:55:48,10:55:48,10/30/25,--.--,--.--,--.--,--.--,--.--,--.--,--.--,--.--,--.--,--.--,--.--,--.--,0,--.--,--.--,--.--,--.--,--.--,--.--,--.--,--.--,--.--,--.--,--.--,--.--,--.--,--.--,--.--,--.--,0,2778.000,2778.000,2778.000,2778.000,7.945,7.945,7.945,7.945,15.300,15.300,15.300,15.300,true,true,true,true,true,true,false,false,true,true,false,false,0.00,0.00,0.00,0.02,--.--,0.00,0.08,0.08,9223372036854775808,0,--.--,--.--,--.--,--.--,--.--,0,0,0,0,44.5793723,8.9422151,32TMQ 95412 36227,0.0,0.0,291.8,3,15,--.--,--.--,,--.--,--.--,--.--,0,0,--.--,--.--,0,0.9,-0.1,-79.7,-0.0,-0.0,1.5,0.9,-0.1,-79.7,-0.0,0.0,1.5,--.--,--.--,--.--,--.--,0.2,0.2,4.2,0.1,0.1,-0.0,0.00,--.--,--.--,0,0,0.0,0.0,0.0,0,0,0,--.--,--.--,--.--
2025-10-30 11:55:49.842,0.2,0.2,4,0.0,0.1,-0.0,0.0,0.0,0.000,-1.5,79.5,57.3,-298.7,78.389,0.000,0.000,0.000,1384.7,00:06:11,0.9,49.6,6,--.--,0,--.--,--.--,0000:00:00,46,0,0,1,1,15.30,-1.00,0,--.--,60,--.--,--:--:--,1,-15.30,11:55:49,10:55:49,10/30/25,--.--,--.--,--.--,--.--,--.--,--.--,--.--,--.--,--.--,--.--,--.--,--.--,0,--.--,--.--,--.--,--.--,--.--,--.--,--.--,--.--,--.--,--.--,--.--,--.--,--.--,--.--,--.--,--.--,0,2790.000,2796.000,2790.000,2796.000,7.975,7.990,7.975,7.990,15.300,15.300,15.300,15.300,true,true,true,true,true,true,false,false,true,true,false,false,0.00,0.00,0.00,0.02,--.--,0.00,0.08,0.08,9223372036854775808,0,--.--,--.--,--.--,--.--,--.--,0,0,0,0,44.5793723,8.9422150,32TMQ 95412 36227,0.0,0.0,198.2,3,15,--.--,--.--,,--.--,--.--,--.--,0,0,--.--,--.--,0,0.9,-0.1,-78.3,-0.0,0.0,1.5,0.9,-0.1,-78.3,-0.0,0.0,1.5,--.--,--.--,--.--,--.--,0.2,0.2,4.2,0.0,0.1,-0.0,0.00,--.--,--.--,0,0,0.0,0.0,0.0,0,0,0,--.--,--.--,--.--
2025-10-30 11:55:50.840,0.2,0.2,4,0.0,-0.2,-0.0,0.0,0.0,0.000,-1.5,78.0,55.8,-300.2,76.891,0.000,0.000,0.000,1384.7,00:06:11,0.9,26.1,6,--.--,0,--.--,--.--,0000:00:00,46,0,0,1,1,15.30,-1.00,0,--.--,60,--.--,--:--:--,1,-15.30,11:55:50,10:55:50,10/30/25,--.--,--.--,--.--,--.--,--.--,--.--,--.--,--.--,--.--,--.--,--.--,--.--,0,--.--,--.--,--.--,--.--,--.--,--.--,--.--,--.--,--.--,--.--,--.--,--.--,--.--,--.--,--.--,--.--,0,2778.000,2784.000,2784.000,2784.000,7.945,7.960,7.960,7.960,15.300,15.300,15.300,15.300,true,true,true,true,true,true,false,false,true,true,false,false,0.00,0.00,0.01,0.02,--.--,0.00,0.08,0.08,9223372036854775808,0,--.--,--.--,--.--,--.--,--.--,0,0,0,0,44.5793720,8.9422151,32TMQ 95412 36227,0.0,0.0,163.2,3,15,--.--,--.--,,--.--,--.--,--.--,0,0,--.--,--.--,0,0.9,-0.1,-76.8,-0.0,0.0,1.5,0.8,-0.1,-76.7,-0.0,0.0,1.5,--.--,--.--,--.--,--.--,0.2,0.1,4.2,0.0,-0.2,-0.0,0.00,--.--,--.--,0,0,0.0,0.0,0.0,0,0,0,--.--,--.--,--.--
2025-10-30 11:55:51.845,0.1,-0.1,4,-0.1,-0.2,-0.0,0.0,0.0,0.000,-1.5,76.5,54.3,-301.7,75.400,0.000,0.000,0.000,1384.7,00:06:13,0.8,24.9,6,--.--,0,--.--,--.--,0000:00:00,46,0,0,1,1,15.30,-1.00,0,--.--,60,--.--,--:--:--,1,-15.30,11:55:51,10:55:51,10/30/25,--.--,--.--,--.--,--.--,--.--,--.--,--.--,--.--,--.--,--.--,--.--,--.--,0,--.--,--.--,--.--,--.--,--.--,--.--,--.--,--.--,--.--,--.--,--.--,--.--,--.--,--.--,--.--,--.--,0,2778.000,2778.000,2778.000,2784.000,7.945,7.945,7.945,7.960,15.300,15.300,15.300,15.300,true,true,true,true,true,true,false,false,true,true,false,false,0.00,0.00,0.01,0.02,--.--,0.00,0.08,0.08,9223372036854775808,0,--.--,--.--,--.--,--.--,--.--,0,0,0,0,44.5793716,8.9422153,32TMQ 95412 36227,0.0,0.0,157.4,3,15,--.--,--.--,,--.--,--.--,--.--,0,0,--.--,--.--,0,0.8,-0.1,-75.3,-0.0,0.0,1.5,0.8,-0.1,-75.3,-0.0,0.0,1.5,--.--,--.--,--.--,--.--,0.1,-0.1,4.2,-0.1,-0.2,0.0,0.00,--.--,--.--,0,0,0.0,0.0,0.0,0,0,0,--.--,--.--,--.--
2025-10-30 11:55:52.845,0.0,-0.1,4,0.0,0.1,-0.0,0.0,0.0,0.000,-1.5,75.0,52.8,-303.2,73.918,0.000,0.000,0.000,1384.7,00:06:14,0.8,81.5,6,--.--,0,--.--,--.--,0000:00:00,46,0,0,1,1,15.30,-1.00,0,--.--,60,--.--,--:--:--,1,-15.30,11:55:52,10:55:52,10/30/25,--.--,--.--,--.--,--.--,--.--,--.--,--.--,--.--,--.--,--.--,--.--,--.--,0,--.--,--.--,--.--,--.--,--.--,--.--,--.--,--.--,--.--,--.--,--.--,--.--,--.--,--.--,--.--,--.--,0,2772.000,2772.000,2772.000,2772.000,7.930,7.930,7.930,7.930,15.300,15.300,15.300,15.300,true,true,true,true,true,true,false,false,true,true,false,false,0.00,0.00,0.00,0.06,--.--,0.00,0.08,0.08,9223372036854775808,0,--.--,--.--,--.--,--.--,--.--,0,0,0,0,44.5793713,8.9422155,32TMQ 95412 36227,0.0,0.0,150.4,3,15,--.--,--.--,,--.--,--.--,--.--,0,0,--.--,--.--,0,0.8,-0.1,-73.7,-0.0,0.0,1.5,0.8,-0.1,-73.8,0.0,-0.0,1.5,--.--,--.--,--.--,--.--,0.0,-0.0,4.2,-0.0,0.1,0.0,0.00,--.--,--.--,0,0,0.0,0.0,0.0,0,0,0,--.--,--.--,--.--
2025-10-30 11:55:53.841,0.1,0.1,4,0.0,0.1,-0.0,0.0,0.0,0.000,-1.5,73.5,51.3,-304.7,72.404,0.000,0.000,0.000,1384.7,00:06:14,0.8,141.6,6,--.--,0,--.--,--.--,0000:00:00,46,0,0,1,1,15.30,-1.00,0,--.--,60,--.--,--:--:--,1,-15.30,11:55:53,10:55:53,10/30/25,--.--,--.--,--.--,--.--,--.--,--.--,--.--,--.--,--.--,--.--,--.--,--.--,0,--.--,--.--,--.--,--.--,--.--,--.--,--.--,--.--,--.--,--.--,--.--,--.--,--.--,--.--,--.--,--.--,0,2808.000,2808.000,2808.000,2808.000,8.020,8.020,8.020,8.020,15.300,15.300,15.300,15.300,true,true,true,true,true,true,false,false,true,true,false,false,0.00,0.00,0.00,0.06,--.--,0.00,0.08,0.08,9223372036854775808,0,--.--,--.--,--.--,--.--,--.--,0,0,0,0,44.5793713,8.9422154,32TMQ 95412 36227,0.0,0.0,321.4,3,15,--.--,--.--,,--.--,--.--,--.--,0,0,--.--,--.--,0,0.8,-0.0,-72.3,-0.0,-0.0,1.5,0.8,-0.1,-72.3,-0.0,-0.0,1.5,--.--,--.--,--.--,--.--,0.1,0.2,4.2,-0.0,0.1,0.0,0.00,--.--,--.--,0,0,0.0,0.0,0.0,0,0,0,--.--,--.--,--.--
2025-10-30 11:55:54.846,0.1,0.2,4,0.1,0.1,-0.0,0.0,0.0,0.000,-1.5,72.0,49.8,-306.2,70.920,0.000,0.000,0.000,1384.7,00:06:16,0.8,60.4,6,--.--,0,--.--,--.--,0000:00:00,46,0,0,1,1,15.30,-1.00,0,--.--,60,--.--,--:--:--,1,-15.30,11:55:54,10:55:54,10/30/25,--.--,--.--,--.--,--.--,--.--,--.--,--.--,--.--,--.--,--.--,--.--,--.--,0,--.--,--.--,--.--,--.--,--.--,--.--,--.--,--.--,--.--,--.--,--.--,--.--,--.--,--.--,--.--,--.--,0,2766.000,2772.000,2772.000,2772.000,7.915,7.930,7.930,7.930,15.300,15.300,15.300,15.300,true,true,true,true,true,true,false,false,true,true,false,false,0.01,0.00,0.00,0.02,--.--,0.00,0.08,0.08,9223372036854775808,0,--.--,--.--,--.--,--.--,--.--,0,0,0,0,44.5793714,8.9422153,32TMQ 95412 36227,0.0,0.0,270.3,3,15,--.--,--.--,,--.--,--.--,--.--,0,0,--.--,--.--,0,0.8,-0.1,-70.8,-0.0,-0.0,1.5,0.8,-0.1,-70.8,-0.0,-0.0,1.5,--.--,--.--,--.--,--.--,0.2,0.2,4.2,0.1,-0.0,-0.0,0.00,--.--,--.--,0,0,0.0,0.0,0.0,0,0,0,--.--,--.--,--.--
2025-10-30 11:55:55.836,0.2,0.2,4,0.1,-0.1,-0.1,0.0,0.0,0.000,-1.5,70.5,48.3,-307.7,69.423,0.000,0.000,0.000,1384.7,00:06:16,0.8,31.6,6,--.--,0,--.--,--.--,0000:00:00,46,0,0,1,1,15.30,-1.00,0,--.--,60,--.--,--:--:--,1,-15.30,11:55:55,10:55:55,10/30/25,--.--,--.--,--.--,--.--,--.--,--.--,--.--,--.--,--.--,--.--,--.--,--.--,0,--.--,--.--,--.--,--.--,--.--,--.--,--.--,--.--,--.--,--.--,--.--,--.--,--.--,--.--,--.--,--.--,0,2766.000,2766.000,2772.000,2772.000,7.915,7.915,7.930,7.930,15.300,15.300,15.300,15.300,true,true,true,true,true,true,false,false,true,true,false,false,0.01,0.00,0.00,0.02,--.--,0.00,0.08,0.08,9223372036854775808,0,--.--,--.--,--.--,--.--,--.--,0,0,0,0,44.5793713,8.9422151,32TMQ 95412 36227,0.0,0.0,198.7,3,15,--.--,--.--,,--.--,--.--,--.--,0,0,--.--,--.--,0,0.8,-0.1,-69.3,-0.0,-0.0,1.5,0.7,-0.1,-69.3,-0.0,0.0,1.5,--.--,--.--,--.--,--.--,0.2,0.2,4.2,0.1,-0.1,-0.1,0.00,--.--,--.--,0,0,0.0,0.0,0.0,0,0,0,--.--,--.--,--.--
2025-10-30 11:55:56.846,0.2,0.1,4,-0.1,-0.2,-0.0,0.0,0.0,0.000,-1.5,69.0,46.8,-309.2,67.926,0.000,0.000,0.000,1384.7,00:06:18,0.7,20.6,6,--.--,0,--.--,--.--,0000:00:00,46,0,0,1,1,15.30,-1.00,0,--.--,60,--.--,--:--:--,1,-15.30,11:55:56,10:55:56,10/30/25,--.--,--.--,--.--,--.--,--.--,--.--,--.--,--.--,--.--,--.--,--.--,--.--,0,--.--,--.--,--.--,--.--,--.--,--.--,--.--,--.--,--.--,--.--,--.--,--.--,--.--,--.--,--.--,--.--,0,2790.000,2796.000,2790.000,2796.000,7.975,7.990,7.975,7.990,15.300,15.300,15.300,15.300,true,true,true,true,true,true,false,false,true,true,false,false,0.00,0.00,0.00,0.02,--.--,0.00,0.08,0.08,9223372036854775808,0,--.--,--.--,--.--,--.--,--.--,0,0,0,0,44.5793709,8.9422151,32TMQ 95412 36227,0.0,0.0,169.6,3,15,--.--,--.--,,--.--,--.--,--.--,0,0,--.--,--.--,0,0.7,-0.1,-67.8,-0.0,0.0,1.5,0.7,-0.1,-67.8,-0.0,0.0,1.5,--.--,--.--,--.--,--.--,0.2,0.0,4.2,0.0,-0.2,-0.0,0.00,--.--,--.--,0,0,0.0,0.0,0.0,0,0,0,--.--,--.--,--.--
2025-10-30 11:55:57.848,0.1,-0.1,4,-0.1,-0.1,-0.0,0.0,0.0,0.000,-1.5,67.6,45.3,-310.7,66.445,0.000,0.000,0.000,1384.7,00:06:19,0.7,25.9,6,--.--,0,--.--,--.--,0000:00:00,46,0,0,1,1,15.30,-1.00,0,--.--,60,--.--,--:--:--,1,-15.30,11:55:57,10:55:57,10/30/25,--.--,--.--,--.--,--.--,--.--,--.--,--.--,--.--,--.--,--.--,--.--,--.--,0,--.--,--.--,--.--,--.--,--.--,--.--,--.--,--.--,--.--,--.--,--.--,--.--,--.--,--.--,--.--,--.--,0,2772.000,2772.000,2772.000,2772.000,7.930,7.930,7.930,7.930,15.300,15.300,15.300,15.300,true,true,true,true,true,true,false,false,true,true,false,false,0.00,0.00,0.00,0.02,--.--,0.00,0.08,0.08,9223372036854775808,0,--.--,--.--,--.--,--.--,--.--,0,0,0,0,44.5793705,8.9422153,32TMQ 95412 36227,0.0,0.0,150.1,3,15,--.--,--.--,,--.--,--.--,--.--,0,0,--.--,--.--,0,0.7,-0.1,-66.3,-0.0,0.0,1.5,0.7,-0.1,-66.3,-0.0,0.0,1.5,--.--,--.--,--.--,--.--,0.1,-0.1,4.2,-0.1,-0.1,0.1,0.00,--.--,--.--,0,0,0.0,0.0,0.0,0,0,0,--.--,--.--,--.--
2025-10-30 11:55:58.846,-0.0,0.0,4,0.0,0.2,0.1,0.0,0.0,0.000,-1.5,66.0,43.8,-312.2,64.935,0.000,0.000,0.000,1384.7,00:06:20,0.7,81.4,6,--.--,0,--.--,--.--,0000:00:00,46,0,0,1,1,15.30,-1.00,0,--.--,60,--.--,--:--:--,1,-15.30,11:55:58,10:55:58,10/30/25,--.--,--.--,--.--,--.--,--.--,--.--,--.--,--.--,--.--,--.--,--.--,--.--,0,--.--,--.--,--.--,--.--,--.--,--.--,--.--,--.--,--.--,--.--,--.--,--.--,--.--,--.--,--.--,--.--,0,2808.000,2808.000,2802.000,2802.000,8.020,8.020,8.005,8.005,15.300,15.300,15.300,15.300,true,true,true,true,true,true,false,false,true,true,false,false,0.01,0.00,0.00,0.03,--.--,0.00,0.08,0.08,9223372036854775808,0,--.--,--.--,--.--,--.--,--.--,0,0,0,0,44.5793704,8.9422155,32TMQ 95412 36227,0.0,0.0,101.5,3,15,--.--,--.--,,--.--,--.--,--.--,0,0,--.--,--.--,0,0.7,-0.0,-64.8,-0.0,0.0,1.5,0.7,-0.1,-64.8,-0.0,-0.0,1.5,--.--,--.--,--.--,--.--,0.0,0.0,4.2,0.1,0.2,0.0,0.00,--.--,--.--,0,0,0.0,0.0,0.0,0,0,0,--.--,--.--,--.--
2025-10-30 11:55:59.842,0.1,0.2,4,0.0,0.0,-0.0,0.0,0.0,0.000,-1.5,64.6,42.3,-313.7,63.438,0.000,0.000,0.000,1384.7,00:06:21,0.7,95.4,6,--.--,0,--.--,--.--,0000:00:00,46,0,0,1,1,15.30,-1.00,0,--.--,60,--.--,--:--:--,1,-15.30,11:55:59,10:55:59,10/30/25,--.--,--.--,--.--,--.--,--.--,--.--,--.--,--.--,--.--,--.--,--.--,--.--,0,--.--,--.--,--.--,--.--,--.--,--.--,--.--,--.--,--.--,--.--,--.--,--.--,--.--,--.--,--.--,--.--,0,2772.000,2772.000,2772.000,2766.000,7.930,7.930,7.930,7.915,15.300,15.300,15.300,15.300,true,true,true,true,true,true,false,false,true,true,false,false,0.01,0.00,0.00,0.03,--.--,0.00,0.08,0.08,9223372036854775808,0,--.--,--.--,--.--,--.--,--.--,0,0,0,0,44.5793704,8.9422156,32TMQ 95412 36227,0.0,0.0,0.0,3,15,--.--,--.--,,--.--,--.--,--.--,0,0,--.--,--.--,0,0.7,-0.0,-63.3,-0.0,-0.0,1.5,0.7,-0.0,-63.3,-0.0,-0.0,1.5,--.--,--.--,--.--,--.--,0.1,0.2,4.2,0.1,0.1,-0.0,0.00,--.--,--.--,0,0,0.0,0.0,0.0,0,0,0,--.--,--.--,--.--
2025-10-30 11:56:00.838,0.1,0.2,4,0.1,0.1,-0.0,0.0,0.0,0.000,-1.5,63.1,40.8,-315.2,61.941,0.000,0.000,0.000,1384.7,00:06:21,0.7,38.9,6,--.--,0,--.--,--.--,0000:00:00,46,0,0,1,1,15.30,-1.00,0,--.--,60,--.--,--:--:--,1,-15.30,11:56:00,10:56:00,10/30/25,--.--,--.--,--.--,--.--,--.--,--.--,--.--,--.--,--.--,--.--,--.--,--.--,0,--.--,--.--,--.--,--.--,--.--,--.--,--.--,--.--,--.--,--.--,--.--,--.--,--.--,--.--,--.--,--.--,0,2772.000,2772.000,2772.000,2772.000,7.930,7.930,7.930,7.930,15.300,15.300,15.300,15.300,true,true,true,true,true,true,false,false,true,true,false,false,0.00,0.00,0.00,0.01,--.--,0.00,0.08,0.08,9223372036854775808,0,--.--,--.--,--.--,--.--,--.--,0,0,0,0,44.5793704,8.9422154,32TMQ 95412 36227,0.0,0.0,226.6,3,15,--.--,--.--,,--.--,--.--,--.--,0,0,--.--,--.--,0,0.7,-0.0,-61.8,-0.0,-0.0,1.5,0.7,-0.0,-61.8,-0.0,-0.0,1.5,--.--,--.--,--.--,--.--,0.1,0.2,4.2,0.1,0.1,-0.1,0.00,--.--,--.--,0,0,0.0,0.0,0.0,0,0,0,--.--,--.--,--.--
2025-10-30 11:56:01.838,0.2,0.2,4,0.1,-0.2,-0.0,0.0,0.0,0.000,-1.5,61.6,39.3,-316.7,60.448,0.000,0.000,0.000,1384.7,00:06:22,0.6,22.8,6,--.--,0,--.--,--.--,0000:00:00,46,0,0,1,1,15.30,-1.00,0,--.--,60,--.--,--:--:--,1,-15.30,11:56:01,10:56:01,10/30/25,--.--,--.--,--.--,--.--,--.--,--.--,--.--,--.--,--.--,--.--,--.--,--.--,0,--.--,--.--,--.--,--.--,--.--,--.--,--.--,--.--,--.--,--.--,--.--,--.--,--.--,--.--,--.--,--.--,0,2790.000,2790.000,2790.000,2790.000,7.975,7.975,7.975,7.975,15.300,15.300,15.300,15.300,true,true,true,true,true,true,false,false,true,true,false,false,0.00,0.00,0.00,0.01,--.--,0.00,0.08,0.08,9223372036854775808,0,--.--,--.--,--.--,--.--,--.--,0,0,0,0,44.5793701,8.9422153,32TMQ 95412 36227,0.0,0.0,191.6,3,15,--.--,--.--,,--.--,--.--,--.--,0,0,--.--,--.--,0,0.6,-0.1,-60.3,-0.0,-0.0,1.5,0.6,-0.0,-60.3,-0.0,0.0,1.5,--.--,--.--,--.--,--.--,0.2,0.1,4.2,0.0,-0.2,0.0,0.00,--.--,--.--,0,0,0.0,0.0,0.0,0,0,0,--.--,--.--,--.--
2025-10-30 11:56:02.845,0.1,-0.0,4,-0.1,-0.1,-0.0,0.0,0.0,0.000,-1.5,60.1,37.8,-318.2,58.955,0.000,0.000,0.000,1384.7,00:06:24,0.6,21.8,6,--.--,0,--.--,--.--,0000:00:00,46,0,0,1,1,15.30,-1.00,0,--.--,60,--.--,--:--:--,1,-15.30,11:56:02,10:56:02,10/30/25,--.--,--.--,--.--,--.--,--.--,--.--,--.--,--.--,--.--,--.--,--.--,--.--,0,--.--,--.--,--.--,--.--,--.--,--.--,--.--,--.--,--.--,--.--,--.--,--.--,--.--,--.--,--.--,--.--,0,2772.000,2772.000,2772.000,2772.000,7.930,7.930,7.930,7.930,15.300,15.300,15.300,15.300,true,true,true,true,true,true,false,false,true,true,false,false,0.00,0.00,0.01,0.01,--.--,0.00,0.08,0.08,9223372036854775808,0,--.--,--.--,--.--,--.--,--.--,0,0,0,0,44.5793697,8.9422153,32TMQ 95412 36227,0.0,0.0,167.7,3,15,--.--,--.--,,--.--,--.--,--.--,0,0,--.--,--.--,0,0.6,-0.1,-58.8,-0.0,0.0,1.5,0.6,-0.0,-58.8,-0.0,0.0,1.5,--.--,--.--,--.--,--.--,0.1,-0.0,4.2,-0.0,-0.1,0.1,0.00,--.--,--.--,0,0,0.0,0.0,0.0,0,0,0,--.--,--.--,--.--
2025-10-30 11:56:03.837,0.1,-0.0,4,-0.1,0.2,-0.0,0.0,0.0,0.000,-1.5,58.6,36.3,-319.7,57.469,0.000,0.000,0.000,1384.7,00:06:24,0.6,47.6,6,--.--,0,--.--,--.--,0000:00:00,46,0,0,1,1,15.30,-1.00,0,--.--,60,--.--,--:--:--,1,-15.30,11:56:03,10:56:03,10/30/25,--.--,--.--,--.--,--.--,--.--,--.--,--.--,--.--,--.--,--.--,--.--,--.--,0,--.--,--.--,--.--,--.--,--.--,--.--,--.--,--.--,--.--,--.--,--.--,--.--,--.--,--.--,--.--,--.--,0,2778.000,2778.000,2778.000,2778.000,7.945,7.945,7.945,7.945,15.300,15.300,15.300,15.300,true,true,true,true,true,true,false,false,true,true,false,false,0.00,0.00,0.01,0.01,--.--,0.00,0.08,0.08,9223372036854775808,0,--.--,--.--,--.--,--.--,--.--,0,0,0,0,44.5793695,8.9422155,32TMQ 95412 36227,0.0,0.0,118.2,3,15,--.--,--.--,,--.--,--.--,--.--,0,0,--.--,--.--,0,0.6,-0.0,-57.3,-0.0,0.0,1.5,0.6,-0.0,-57.3,-0.0,0.0,1.5,--.--,--.--,--.--,--.--,0.1,0.0,4.2,-0.1,0.2,-0.0,0.00,--.--,--.--,0,0,0.0,0.0,0.0,0,0,0,--.--,--.--,--.--
2025-10-30 11:56:04.840,0.0,0.2,4,-0.1,0.1,0.1,0.0,0.0,0.000,-1.5,57.1,34.8,-321.2,55.965,0.000,0.000,0.000,1384.7,00:06:25,0.6,119.9,6,--.--,0,--.--,--.--,0000:00:00,46,0,0,1,1,15.30,-1.00,0,--.--,60,--.--,--:--:--,1,-15.30,11:56:04,10:56:04,10/30/25,--.--,--.--,--.--,--.--,--.--,--.--,--.--,--.--,--.--,--.--,--.--,--.--,0,--.--,--.--,--.--,--.--,--.--,--.--,--.--,--.--,--.--,--.--,--.--,--.--,--.--,--.--,--.--,--.--,0,2784.000,2784.000,2784.000,2784.000,7.960,7.960,7.960,7.960,15.300,15.300,15.300,15.300,true,true,true,true,true,true,false,false,true,true,false,false,0.01,0.00,0.00,0.03,--.--,0.00,0.08,0.08,9223372036854775808,0,--.--,--.--,--.--,--.--,--.--,0,0,0,0,44.5793695,8.9422156,32TMQ 95412 36227,0.0,0.0,0.0,3,15,--.--,--.--,,--.--,--.--,--.--,0,0,--.--,--.--,0,0.6,-0.0,-55.8,-0.0,0.0,1.5,0.6,-0.0,-55.8,-0.0,-0.0,1.5,--.--,--.--,--.--,--.--,0.0,0.2,4.2,-0.1,0.1,0.0,0.00,--.--,--.--,0,0,0.0,0.0,0.0,0,0,0,--.--,--.--,--.--
2025-10-30 11:56:05.838,0.1,0.2,4,-0.0,0.1,-0.0,0.0,0.0,0.000,-1.5,55.6,33.3,-322.7,54.454,0.000,0.000,0.000,1384.7,00:06:26,0.6,40.7,6,--.--,0,--.--,--.--,0000:00:00,46,0,0,1,1,15.30,-1.00,0,--.--,60,--.--,--:--:--,1,-15.30,11:56:05,10:56:05,10/30/25,--.--,--.--,--.--,--.--,--.--,--.--,--.--,--.--,--.--,--.--,--.--,--.--,0,--.--,--.--,--.--,--.--,--.--,--.--,--.--,--.--,--.--,--.--,--.--,--.--,--.--,--.--,--.--,--.--,0,2766.000,2772.000,2772.000,2772.000,7.915,7.930,7.930,7.930,15.300,15.300,15.300,15.300,true,true,true,true,true,true,false,false,true,true,false,false,0.01,0.00,0.00,0.03,--.--,0.00,0.08,0.08,9223372036854775808,0,--.--,--.--,--.--,--.--,--.--,0,0,0,0,44.5793695,8.9422156,32TMQ 95412 36227,0.0,0.0,0.0,3,15,--.--,--.--,,--.--,--.--,--.--,0,0,--.--,--.--,0,0.6,-0.0,-54.3,-0.0,-0.0,1.5,0.6,-0.0,-54.3,-0.0,-0.0,1.5,--.--,--.--,--.--,--.--,0.1,0.2,4.2,-0.0,0.1,0.0,0.00,--.--,--.--,0,0,0.0,0.0,0.0,0,0,0,--.--,--.--,--.--
2025-10-30 11:56:06.839,0.2,0.2,4,0.1,-0.1,-0.0,0.0,0.0,0.000,-1.5,54.1,31.8,-324.2,52.956,0.000,0.000,0.000,1384.7,00:06:27,0.6,21.3,6,--.--,0,--.--,--.--,0000:00:00,46,0,0,1,1,15.30,-1.00,0,--.--,60,--.--,--:--:--,1,-15.30,11:56:06,10:56:06,10/30/25,--.--,--.--,--.--,--.--,--.--,--.--,--.--,--.--,--.--,--.--,--.--,--.--,0,--.--,--.--,--.--,--.--,--.--,--.--,--.--,--.--,--.--,--.--,--.--,--.--,--.--,--.--,--.--,--.--,0,2766.000,2766.000,2766.000,2772.000,7.915,7.915,7.915,7.930,15.300,15.300,15.300,15.300,true,true,true,true,true,true,false,false,true,true,false,false,0.01,0.00,0.00,0.02,--.--,0.00,0.08,0.08,9223372036854775808,0,--.--,--.--,--.--,--.--,--.--,0,0,0,0,44.5793694,8.9422154,32TMQ 95412 36227,0.0,0.0,209.9,3,15,--.--,--.--,,--.--,--.--,--.--,0,0,--.--,--.--,0,0.6,-0.0,-52.8,-0.0,-0.0,1.5,0.5,-0.0,-52.8,-0.0,0.0,1.5,--.--,--.--,--.--,--.--,0.2,0.2,4.2,0.0,-0.1,0.0,0.00,--.--,--.--,0,0,0.0,0.0,0.0,0,0,0,--.--,--.--,--.--
2025-10-30 11:56:07.838,0.2,0.0,4,0.0,-0.2,-0.0,0.0,0.0,0.000,-1.5,52.6,30.3,-325.7,51.476,0.000,0.000,0.000,1386.7,00:06:28,0.5,16.4,6,--.--,0,--.--,--.--,0000:00:00,46,0,0,1,1,15.30,-1.00,0,--.--,60,--.--,--:--:--,1,-15.30,11:56:07,10:56:07,10/30/25,--.--,--.--,--.--,--.--,--.--,--.--,--.--,--.--,--.--,--.--,--.--,--.--,0,--.--,--.--,--.--,--.--,--.--,--.--,--.--,--.--,--.--,--.--,--.--,--.--,--.--,--.--,--.--,--.--,0,2766.000,2766.000,2766.000,2766.000,7.915,7.915,7.915,7.915,15.300,15.300,15.300,15.300,true,true,true,true,true,true,false,false,true,true,false,false,0.01,0.00,0.00,0.02,--.--,0.00,0.08,0.08,9223372036854775808,0,--.--,--.--,--.--,--.--,--.--,0,0,0,0,44.5793690,8.9422152,32TMQ 95412 36226,0.0,0.0,192.0,3,15,--.--,--.--,,--.--,--.--,--.--,0,0,--.--,--.--,0,0.5,-0.0,-51.3,-0.0,0.0,1.5,0.5,-0.0,-51.3,-0.0,0.0,1.5,--.--,--.--,--.--,--.--,0.2,-0.0,4.2,0.0,-0.2,-0.0,0.00,--.--,--.--,0,0,0.0,0.0,0.0,0,0,0,--.--,--.--,--.--
2025-10-30 11:56:08.837,0.2,-0.1,4,0.0,-0.0,-0.1,0.0,0.0,0.000,-1.5,51.1,28.9,-327.1,49.979,0.000,0.000,0.000,1386.7,00:06:29,0.5,24.2,6,--.--,0,--.--,--.--,0000:00:00,46,0,0,1,1,15.30,-1.00,0,--.--,60,--.--,--:--:--,1,-15.30,11:56:08,10:56:08,10/30/25,--.--,--.--,--.--,--.--,--.--,--.--,--.--,--.--,--.--,--.--,--.--,--.--,0,--.--,--.--,--.--,--.--,--.--,--.--,--.--,--.--,--.--,--.--,--.--,--.--,--.--,--.--,--.--,--.--,0,2760.000,2760.000,2760.000,2760.000,7.900,7.900,7.900,7.900,15.300,15.300,15.300,15.300,true,true,true,true,true,true,false,false,true,true,false,false,0.00,0.00,0.01,0.02,--.--,0.00,0.08,0.08,9223372036854775808,0,--.--,--.--,--.--,--.--,--.--,0,0,0,0,44.5793686,8.9422152,32TMQ 95412 36226,0.0,0.0,157.9,3,15,--.--,--.--,,--.--,--.--,--.--,0,0,--.--,--.--,0,0.5,-0.1,-49.8,-0.0,0.0,1.5,0.5,-0.0,-49.8,0.0,0.0,1.5,--.--,--.--,--.--,--.--,0.2,-0.1,4.2,-0.0,-0.0,-0.0,0.00,--.--,--.--,0,0,0.0,0.0,0.0,0,0,0,--.--,--.--,--.--
2025-10-30 11:56:09.837,0.1,0.1,4,-0.1,0.2,-0.0,0.0,0.0,0.000,-1.5,49.6,27.3,-328.7,48.483,0.000,0.000,0.000,1386.7,00:06:30,0.5,29.8,6,--.--,0,--.--,--.--,0000:00:00,46,0,0,1,1,15.30,-1.00,0,--.--,60,--.--,--:--:--,1,-15.30,11:56:09,10:56:09,10/30/25,--.--,--.--,--.--,--.--,--.--,--.--,--.--,--.--,--.--,--.--,--.--,--.--,0,--.--,--.--,--.--,--.--,--.--,--.--,--.--,--.--,--.--,--.--,--.--,--.--,--.--,--.--,--.--,--.--,0,2766.000,2766.000,2766.000,2766.000,7.915,7.915,7.915,7.915,15.300,15.300,15.300,15.300,true,true,true,true,true,true,false,false,true,true,false,false,0.00,0.00,0.01,0.02,--.--,0.00,0.08,0.08,9223372036854775808,0,--.--,--.--,--.--,--.--,--.--,0,0,0,0,44.5793685,8.9422155,32TMQ 95412 36226,0.0,0.0,81.2,3,15,--.--,--.--,,--.--,--.--,--.--,0,0,--.--,--.--,0,0.5,-0.0,-48.3,0.0,0.0,1.5,0.5,-0.0,-48.4,-0.0,0.0,1.5,--.--,--.--,--.--,--.--,0.1,0.1,4.2,-0.1,0.2,0.0,0.00,--.--,--.--,0,0,0.0,0.0,0.0,0,0,0,--.--,--.--,--.--
2025-10-30 11:56:10.839,-0.0,0.2,4,0.0,0.1,-0.0,0.0,0.0,0.000,-1.5,48.1,25.8,-330.2,46.977,0.000,0.000,0.000,1386.7,00:06:31,0.5,48.8,6,--.--,0,--.--,--.--,0000:00:00,46,0,0,1,1,15.30,-1.00,0,--.--,60,--.--,--:--:--,1,-15.30,11:56:10,10:56:10,10/30/25,--.--,--.--,--.--,--.--,--.--,--.--,--.--,--.--,--.--,--.--,--.--,--.--,0,--.--,--.--,--.--,--.--,--.--,--.--,--.--,--.--,--.--,--.--,--.--,--.--,--.--,--.--,--.--,--.--,0,2760.000,2760.000,2760.000,2760.000,7.900,7.900,7.900,7.900,15.300,15.300,15.300,15.300,true,true,true,true,true,true,false,false,true,true,false,false,0.00,0.00,0.00,0.02,--.--,0.00,0.08,0.08,9223372036854775808,0,--.--,--.--,--.--,--.--,--.--,0,0,0,0,44.5793686,8.9422157,32TMQ 95412 36226,0.0,0.0,66.1,3,15,--.--,--.--,,--.--,--.--,--.--,0,0,--.--,--.--,0,0.5,-0.0,-46.8,-0.0,0.0,1.5,0.5,-0.0,-46.8,-0.0,-0.0,1.5,--.--,--.--,--.--,--.--,0.0,0.2,4.2,0.1,0.1,-0.0,0.00,--.--,--.--,0,0,0.0,0.0,0.0,0,0,0,--.--,--.--,--.--
2025-10-30 11:56:11.838,0.1,0.2,4,0.1,0.1,-0.0,0.0,0.0,0.000,-1.5,46.6,24.4,-331.6,45.478,0.000,0.000,0.000,1386.7,00:06:32,0.5,28.6,6,--.--,0,--.--,--.--,0000:00:00,46,0,0,1,1,15.30,-1.00,0,--.--,60,--.--,--:--:--,1,-15.30,11:56:11,10:56:11,10/30/25,--.--,--.--,--.--,--.--,--.--,--.--,--.--,--.--,--.--,--.--,--.--,--.--,0,--.--,--.--,--.--,--.--,--.--,--.--,--.--,--.--,--.--,--.--,--.--,--.--,--.--,--.--,--.--,--.--,0,2760.000,2760.000,2760.000,2766.000,7.900,7.900,7.900,7.915,15.300,15.300,15.300,15.300,true,true,true,true,true,true,false,false,true,true,false,false,0.00,0.00,0.00,0.02,--.--,0.00,0.08,0.08,9223372036854775808,0,--.--,--.--,--.--,--.--,--.--,0,0,0,0,44.5793686,8.9422157,32TMQ 95412 36226,0.0,0.0,220.3,3,15,--.--,--.--,,--.--,--.--,--.--,0,0,--.--,--.--,0,0.5,-0.0,-45.3,-0.0,-0.0,1.5,0.4,-0.0,-45.4,-0.0,-0.0,1.5,--.--,--.--,--.--,--.--,0.1,0.3,4.2,0.0,0.1,0.0,0.00,--.--,--.--,0,0,0.0,0.0,0.0,0,0,0,--.--,--.--,--.--
2025-10-30 11:56:12.839,0.2,0.2,4,0.1,-0.2,0.1,0.0,0.0,0.000,-1.5,45.1,22.9,-333.1,43.970,0.000,0.000,0.000,1386.7,00:06:33,0.4,14.0,6,--.--,0,--.--,--.--,0000:00:00,46,0,0,1,1,15.30,-1.00,0,--.--,60,--.--,--:--:--,1,-15.30,11:56:12,10:56:12,10/30/25,--.--,--.--,--.--,--.--,--.--,--.--,--.--,--.--,--.--,--.--,--.--,--.--,0,--.--,--.--,--.--,--.--,--.--,--.--,--.--,--.--,--.--,--.--,--.--,--.--,--.--,--.--,--.--,--.--,0,2766.000,2766.000,2760.000,2760.000,7.915,7.915,7.900,7.900,15.300,15.300,15.300,15.300,true,true,true,true,true,true,false,false,true,true,false,false,0.00,0.00,0.00,0.04,--.--,0.00,0.08,0.08,9223372036854775808,0,--.--,--.--,--.--,--.--,--.--,0,0,0,0,44.5793683,8.9422156,32TMQ 95412 36226,0.0,0.0,197.4,3,15,--.--,--.--,,--.--,--.--,--.--,0,0,--.--,--.--,0,0.4,-0.0,-43.8,-0.0,-0.0,1.5,0.4,-0.0,-43.9,-0.0,0.0,1.5,--.--,--.--,--.--,--.--,0.2,0.1,4.2,0.1,-0.2,0.0,0.00,--.--,--.--,0,0,0.0,0.0,0.0,0,0,0,--.--,--.--,--.--
2025-10-30 11:56:13.838,0.2,-0.1,4,-0.1,-0.2,-0.0,0.0,0.0,0.000,-1.5,43.6,21.3,-334.7,42.498,0.000,0.000,0.000,1386.7,00:06:34,0.4,13.0,6,--.--,0,--.--,--.--,0000:00:00,46,0,0,1,1,15.30,-1.00,0,--.--,60,--.--,--:--:--,1,-15.30,11:56:13,10:56:13,10/30/25,--.--,--.--,--.--,--.--,--.--,--.--,--.--,--.--,--.--,--.--,--.--,--.--,0,--.--,--.--,--.--,--.--,--.--,--.--,--.--,--.--,--.--,--.--,--.--,--.--,--.--,--.--,--.--,--.--,0,2760.000,2760.000,2766.000,2760.000,7.900,7.900,7.915,7.900,15.300,15.300,15.300,15.300,true,true,true,true,true,true,false,false,true,true,false,false,0.00,0.00,0.00,0.04,--.--,0.00,0.08,0.08,9223372036854775808,0,--.--,--.--,--.--,--.--,--.--,0,0,0,0,44.5793679,8.9422155,32TMQ 95412 36226,0.0,0.0,178.0,3,15,--.--,--.--,,--.--,--.--,--.--,0,0,--.--,--.--,0,0.4,-0.0,-42.4,-0.0,0.0,1.5,0.4,-0.0,-42.4,-0.0,0.0,1.5,--.--,--.--,--.--,--.--,0.1,-0.1,4.2,-0.1,-0.2,-0.0,0.00,--.--,--.--,0,0,0.0,0.0,0.0,0,0,0,--.--,--.--,--.--
2025-10-30 11:56:14.837,0.1,-0.1,4,-0.0,0.2,-0.0,0.0,0.0,0.000,-1.5,42.1,19.9,-336.1,41.005,0.000,0.000,0.000,1386.7,00:06:35,0.4,31.8,6,--.--,0,--.--,--.--,0000:00:00,46,0,0,1,1,15.30,-1.00,0,--.--,60,--.--,--:--:--,1,-15.30,11:56:14,10:56:14,10/30/25,--.--,--.--,--.--,--.--,--.--,--.--,--.--,--.--,--.--,--.--,--.--,--.--,0,--.--,--.--,--.--,--.--,--.--,--.--,--.--,--.--,--.--,--.--,--.--,--.--,--.--,--.--,--.--,--.--,0,2754.000,2754.000,2760.000,2754.000,7.885,7.885,7.900,7.885,15.300,15.300,15.300,15.300,true,true,true,true,true,true,false,false,true,true,false,false,0.00,0.00,0.01,0.05,--.--,0.00,0.08,0.08,9223372036854775808,0,--.--,--.--,--.--,--.--,--.--,0,0,0,0,44.5793676,8.9422156,32TMQ 95412 36226,0.0,0.0,136.2,3,15,--.--,--.--,,--.--,--.--,--.--,0,0,--.--,--.--,0,0.4,-0.0,-40.9,-0.0,0.0,1.5,0.4,-0.0,-40.9,0.0,0.0,1.5,--.--,--.--,--.--,--.--,0.1,-0.0,4.2,-0.0,0.1,-0.1,0.00,--.--,--.--,0,0,0.0,0.0,0.0,0,0,0,--.--,--.--,--.--
2025-10-30 11:56:15.840,0.1,0.1,4,-0.1,0.1,-0.0,0.0,0.0,0.000,-1.5,40.6,18.4,-337.6,39.503,0.000,0.000,0.000,1386.7,00:06:36,0.4,58.3,6,--.--,0,--.--,--.--,0000:00:00,46,0,0,1,1,15.30,-1.00,0,--.--,60,--.--,--:--:--,1,-15.30,11:56:15,10:56:15,10/30/25,--.--,--.--,--.--,--.--,--.--,--.--,--.--,--.--,--.--,--.--,--.--,--.--,0,--.--,--.--,--.--,--.--,--.--,--.--,--.--,--.--,--.--,--.--,--.--,--.--,--.--,--.--,--.--,--.--,0,2760.000,2760.000,2760.000,2760.000,7.900,7.900,7.900,7.900,15.300,15.300,15.300,15.300,true,true,true,true,true,true,false,false,true,true,false,false,0.00,0.00,0.01,0.05,--.--,0.00,0.08,0.08,9223372036854775808,0,--.--,--.--,--.--,--.--,--.--,0,0,0,0,44.5793676,8.9422157,32TMQ 95412 36226,0.0,0.0,55.3,3,15,--.--,--.--,,--.--,--.--,--.--,0,0,--.--,--.--,0,0.4,-0.0,-39.4,-0.0,0.0,1.5,0.4,-0.0,-39.4,-0.0,-0.0,1.5,--.--,--.--,--.--,--.--,0.1,0.2,4.2,-0.1,0.1,0.0,0.00,--.--,--.--,0,0,0.0,0.0,0.0,0,0,0,--.--,--.--,--.--
2025-10-30 11:56:16.839,0.1,0.2,4,0.1,0.1,-0.0,0.0,0.0,0.000,-1.5,39.1,16.9,-339.1,38.013,0.000,0.000,0.000,1386.7,00:06:37,0.4,36.4,6,--.--,0,--.--,--.--,0000:00:00,46,0,0,1,1,15.30,-1.00,0,--.--,60,--.--,--:--:--,1,-15.30,11:56:16,10:56:16,10/30/25,--.--,--.--,--.--,--.--,--.--,--.--,--.--,--.--,--.--,--.--,--.--,--.--,0,--.--,--.--,--.--,--.--,--.--,--.--,--.--,--.--,--.--,--.--,--.--,--.--,--.--,--.--,--.--,--.--,0,2760.000,2760.000,2760.000,2760.000,7.900,7.900,7.900,7.900,15.300,15.300,15.300,15.300,true,true,true,true,true,true,false,false,true,true,false,false,0.00,0.00,0.00,0.07,--.--,0.00,0.08,0.08,9223372036854775808,0,--.--,--.--,--.--,--.--,--.--,0,0,0,0,44.5793676,8.9422158,32TMQ 95412 36226,0.0,0.0,0.0,3,15,--.--,--.--,,--.--,--.--,--.--,0,0,--.--,--.--,0,0.4,-0.0,-37.9,-0.0,-0.0,1.5,0.4,-0.0,-37.9,-0.0,-0.0,1.5,--.--,--.--,--.--,--.--,0.1,0.2,4.2,0.0,0.1,-0.0,0.00,--.--,--.--,0,0,0.0,0.0,0.0,0,0,0,--.--,--.--,--.--
2025-10-30 11:56:17.841,0.1,0.2,4,0.1,0.0,-0.0,0.0,0.0,0.000,-1.5,37.6,15.4,-340.6,36.510,0.000,0.000,0.000,1386.7,00:06:38,0.4,16.8,6,--.--,0,--.--,--.--,0000:00:00,46,0,0,1,1,15.30,-1.00,0,--.--,60,--.--,--:--:--,1,-15.30,11:56:17,10:56:17,10/30/25,--.--,--.--,--.--,--.--,--.--,--.--,--.--,--.--,--.--,--.--,--.--,--.--,0,--.--,--.--,--.--,--.--,--.--,--.--,--.--,--.--,--.--,--.--,--.--,--.--,--.--,--.--,--.--,--.--,0,2754.000,2760.000,2754.000,2760.000,7.885,7.900,7.885,7.900,15.300,15.300,15.300,15.300,true,true,true,true,true,true,false,false,true,true,false,false,0.00,0.00,0.00,0.07,--.--,0.00,0.08,0.08,9223372036854775808,0,--.--,--.--,--.--,--.--,--.--,0,0,0,0,44.5793675,8.9422157,32TMQ 95412 36226,0.0,0.0,210.3,3,15,--.--,--.--,,--.--,--.--,--.--,0,0,--.--,--.--,0,0.3,-0.0,-36.4,-0.0,-0.0,1.5,0.3,-0.0,-36.4,-0.0,-0.0,1.5,--.--,--.--,--.--,--.--,0.1,0.2,4.2,0.1,-0.1,0.0,0.00,--.--,--.--,0,0,0.0,0.0,0.0,0,0,0,--.--,--.--,--.--
2025-10-30 11:56:18.841,0.2,0.1,4,0.0,-0.3,-0.0,0.0,0.0,0.000,-1.5,36.1,13.9,-342.1,35.031,0.000,0.000,0.000,1386.7,00:06:39,0.3,9.9,6,--.--,0,--.--,--.--,0000:00:00,46,0,0,1,1,15.30,-1.00,0,--.--,60,--.--,--:--:--,1,-15.30,11:56:18,10:56:18,10/30/25,--.--,--.--,--.--,--.--,--.--,--.--,--.--,--.--,--.--,--.--,--.--,--.--,0,--.--,--.--,--.--,--.--,--.--,--.--,--.--,--.--,--.--,--.--,--.--,--.--,--.--,--.--,--.--,--.--,0,2766.000,2766.000,2772.000,2766.000,7.915,7.915,7.930,7.915,15.300,15.300,15.300,15.300,true,true,true,true,true,true,false,false,true,true,false,false,0.00,0.00,0.00,0.01,--.--,0.00,0.08,0.08,9223372036854775808,0,--.--,--.--,--.--,--.--,--.--,0,0,0,0,44.5793672,8.9422155,32TMQ 95412 36226,0.0,0.0,193.7,3,15,--.--,--.--,,--.--,--.--,--.--,0,0,--.--,--.--,0,0.3,-0.0,-34.9,-0.0,-0.0,1.5,0.3,-0.0,-34.9,-0.0,0.0,1.5,--.--,--.--,--.--,--.--,0.2,0.0,4.2,0.1,-0.2,-0.0,0.00,--.--,--.--,0,0,0.0,0.0,0.0,0,0,0,--.--,--.--,--.--
2025-10-30 11:56:19.838,0.2,-0.1,4,-0.1,-0.1,-0.0,0.0,0.0,0.000,-1.5,34.6,12.4,-343.6,33.516,0.000,0.000,0.000,1386.7,00:06:40,0.3,12.4,6,--.--,0,--.--,--.--,0000:00:00,46,0,0,1,1,15.30,-1.00,0,--.--,60,--.--,--:--:--,1,-15.30,11:56:19,10:56:19,10/30/25,--.--,--.--,--.--,--.--,--.--,--.--,--.--,--.--,--.--,--.--,--.--,--.--,0,--.--,--.--,--.--,--.--,--.--,--.--,--.--,--.--,--.--,--.--,--.--,--.--,--.--,--.--,--.--,--.--,0,2766.000,2766.000,2766.000,2766.000,7.915,7.915,7.915,7.915,15.300,15.300,15.300,15.300,true,true,true,true,true,true,false,false,true,true,false,false,0.00,0.00,0.00,0.01,--.--,0.00,0.08,0.08,9223372036854775808,0,--.--,--.--,--.--,--.--,--.--,0,0,0,0,44.5793668,8.9422154,32TMQ 95412 36226,0.0,0.0,166.2,3,15,--.--,--.--,,--.--,--.--,--.--,0,0,--.--,--.--,0,0.3,-0.0,-33.4,-0.0,0.0,1.5,0.3,-0.0,-33.4,-0.0,0.0,1.5,--.--,--.--,--.--,--.--,0.2,-0.1,4.2,-0.0,-0.1,0.0,0.00,--.--,--.--,0,0,0.0,0.0,0.0,0,0,0,--.--,--.--,--.--
2025-10-30 11:56:20.846,0.1,-0.0,4,-0.1,0.1,-0.0,0.0,0.0,0.000,-1.5,33.2,10.9,-345.1,32.036,0.000,0.000,0.000,1386.7,00:06:42,0.3,16.6,6,--.--,0,--.--,--.--,0000:00:00,46,0,0,1,1,15.30,-1.00,0,--.--,60,--.--,--:--:--,1,-15.30,11:56:20,10:56:20,10/30/25,--.--,--.--,--.--,--.--,--.--,--.--,--.--,--.--,--.--,--.--,--.--,--.--,0,--.--,--.--,--.--,--.--,--.--,--.--,--.--,--.--,--.--,--.--,--.--,--.--,--.--,--.--,--.--,--.--,0,2760.000,2760.000,2760.000,2760.000,7.900,7.900,7.900,7.900,15.300,15.300,15.300,15.300,true,true,true,true,true,true,false,false,true,true,false,false,0.00,0.00,0.01,0.01,--.--,0.00,0.08,0.08,9223372036854775808,0,--.--,--.--,--.--,--.--,--.--,0,0,0,0,44.5793666,8.9422157,32TMQ 95412 36226,0.0,0.0,91.8,3,15,--.--,--.--,,--.--,--.--,--.--,0,0,--.--,--.--,0,0.3,-0.0,-31.9,-0.0,0.0,1.5,0.3,-0.0,-31.9,0.0,0.0,1.5,--.--,--.--,--.--,--.--,0.1,0.0,4.2,-0.1,0.2,-0.0,0.00,--.--,--.--,0,0,0.0,0.0,0.0,0,0,0,--.--,--.--,--.--
2025-10-30 11:56:21.839,0.0,0.1,4,-0.1,0.1,-0.0,0.0,0.0,0.000,-1.5,31.7,9.4,-346.6,30.520,0.000,0.000,0.000,1386.7,00:06:42,0.3,29.5,6,--.--,0,--.--,--.--,0000:00:00,46,0,0,1,1,15.30,-1.00,0,--.--,60,--.--,--:--:--,1,-15.30,11:56:21,10:56:21,10/30/25,--.--,--.--,--.--,--.--,--.--,--.--,--.--,--.--,--.--,--.--,--.--,--.--,0,--.--,--.--,--.--,--.--,--.--,--.--,--.--,--.--,--.--,--.--,--.--,--.--,--.--,--.--,--.--,--.--,0,2790.000,2790.000,2790.000,2790.000,7.975,7.975,7.975,7.975,15.300,15.300,15.300,15.300,true,true,true,true,true,true,false,false,true,true,false,false,0.00,0.00,0.01,0.01,--.--,0.00,0.08,0.08,9223372036854775808,0,--.--,--.--,--.--,--.--,--.--,0,0,0,0,44.5793667,8.9422160,32TMQ 95412 36226,0.0,0.0,63.5,3,15,--.--,--.--,,--.--,--.--,--.--,0,0,--.--,--.--,0,0.3,-0.0,-30.4,-0.0,0.0,1.5,0.3,-0.0,-30.4,-0.0,-0.0,1.5,--.--,--.--,--.--,--.--,-0.0,0.2,4.2,-0.1,0.2,-0.0,0.00,--.--,--.--,0,0,0.0,0.0,0.0,0,0,0,--.--,--.--,--.--
2025-10-30 11:56:22.839,0.0,0.2,4,0.2,0.1,-0.0,0.0,0.0,0.000,-1.5,30.1,7.9,-348.1,29.033,0.000,0.000,0.000,1386.7,00:06:43,0.3,17.2,6,--.--,0,--.--,--.--,0000:00:00,46,0,0,1,1,15.30,-1.00,0,--.--,60,--.--,--:--:--,1,-15.30,11:56:22,10:56:22,10/30/25,--.--,--.--,--.--,--.--,--.--,--.--,--.--,--.--,--.--,--.--,--.--,--.--,0,--.--,--.--,--.--,--.--,--.--,--.--,--.--,--.--,--.--,--.--,--.--,--.--,--.--,--.--,--.--,--.--,0,2754.000,2754.000,2760.000,2760.000,7.885,7.885,7.900,7.900,15.300,15.300,15.300,15.300,true,true,true,true,true,true,false,false,true,true,false,false,0.00,0.00,0.00,0.03,--.--,0.00,0.08,0.08,9223372036854775808,0,--.--,--.--,--.--,--.--,--.--,0,0,0,0,44.5793667,8.9422161,32TMQ 95412 36226,0.0,0.0,0.0,3,15,--.--,--.--,,--.--,--.--,--.--,0,0,--.--,--.--,0,0.2,-0.0,-28.9,-0.0,-0.0,1.5,0.2,-0.0,-28.9,-0.0,-0.0,1.5,--.--,--.--,--.--,--.--,0.0,0.2,4.2,0.0,0.0,0.0,0.00,--.--,--.--,0,0,0.0,0.0,0.0,0,0,0,--.--,--.--,--.--
2025-10-30 11:56:23.839,0.1,0.2,4,0.1,-0.2,-0.0,0.0,0.0,0.000,-1.5,28.7,6.4,-349.6,27.552,0.000,0.000,0.000,1386.7,00:06:44,0.2,8.0,6,--.--,0,--.--,--.--,0000:00:00,46,0,0,1,1,15.30,-1.00,0,--.--,60,--.--,--:--:--,1,-15.30,11:56:23,10:56:23,10/30/25,--.--,--.--,--.--,--.--,--.--,--.--,--.--,--.--,--.--,--.--,--.--,--.--,0,--.--,--.--,--.--,--.--,--.--,--.--,--.--,--.--,--.--,--.--,--.--,--.--,--.--,--.--,--.--,--.--,0,2754.000,2754.000,2754.000,2754.000,7.885,7.885,7.885,7.885,15.300,15.300,15.300,15.300,true,true,true,true,true,true,false,false,true,true,false,false,0.00,0.00,0.00,0.03,--.--,0.00,0.08,0.08,9223372036854775808,0,--.--,--.--,--.--,--.--,--.--,0,0,0,0,44.5793665,8.9422159,32TMQ 95412 36226,0.0,0.0,209.2,3,15,--.--,--.--,,--.--,--.--,--.--,0,0,--.--,--.--,0,0.2,-0.0,-27.4,-0.0,-0.0,1.5,0.2,-0.0,-27.4,-0.0,-0.0,1.5,--.--,--.--,--.--,--.--,0.1,0.2,4.2,0.1,-0.1,0.0,0.00,--.--,--.--,0,0,0.0,0.0,0.0,0,0,0,--.--,--.--,--.--
2025-10-30 11:56:24.838,0.2,-0.0,4,-0.1,-0.2,0.1,0.0,0.0,0.000,-1.5,27.2,4.9,-351.1,26.053,0.000,0.000,0.000,1386.7,00:06:45,0.2,6.1,6,--.--,0,--.--,--.--,0000:00:00,46,0,0,1,1,15.30,-1.00,0,--.--,60,--.--,--:--:--,1,-15.30,11:56:24,10:56:24,10/30/25,--.--,--.--,--.--,--.--,--.--,--.--,--.--,--.--,--.--,--.--,--.--,--.--,0,--.--,--.--,--.--,--.--,--.--,--.--,--.--,--.--,--.--,--.--,--.--,--.--,--.--,--.--,--.--,--.--,0,2790.000,2790.000,2784.000,2790.000,7.975,7.975,7.960,7.975,15.300,15.300,15.300,15.300,true,true,true,true,true,true,false,false,true,true,false,false,0.00,0.00,0.00,0.05,--.--,0.00,0.08,0.08,9223372036854775808,0,--.--,--.--,--.--,--.--,--.--,0,0,0,0,44.5793661,8.9422156,32TMQ 95412 36226,0.0,0.0,192.3,3,15,--.--,--.--,,--.--,--.--,--.--,0,0,--.--,--.--,0,0.2,-0.0,-25.9,-0.0,-0.0,1.5,0.2,-0.0,-26.0,-0.0,0.0,1.5,--.--,--.--,--.--,--.--,0.2,-0.1,4.2,-0.1,-0.3,0.0,0.00,--.--,--.--,0,0,0.0,0.0,0.0,0,0,0,--.--,--.--,--.--
2025-10-30 11:56:25.841,0.2,-0.1,4,-0.0,0.1,-0.0,0.0,0.0,0.000,-1.5,25.7,3.4,-352.6,24.555,0.000,0.000,0.000,1386.7,00:06:46,0.2,10.0,6,--.--,0,--.--,--.--,0000:00:00,46,0,0,1,1,15.30,-1.00,0,--.--,60,--.--,--:--:--,1,-15.30,11:56:25,10:56:25,10/30/25,--.--,--.--,--.--,--.--,--.--,--.--,--.--,--.--,--.--,--.--,--.--,--.--,0,--.--,--.--,--.--,--.--,--.--,--.--,--.--,--.--,--.--,--.--,--.--,--.--,--.--,--.--,--.--,--.--,0,2760.000,2754.000,2760.000,2760.000,7.900,7.885,7.900,7.900,15.300,15.300,15.300,15.300,true,true,true,true,true,true,false,false,true,true,false,false,0.00,0.00,0.00,0.05,--.--,0.00,0.08,0.08,9223372036854775808,0,--.--,--.--,--.--,--.--,--.--,0,0,0,0,44.5793657,8.9422156,32TMQ 95412 36226,0.0,0.0,159.7,3,15,--.--,--.--,,--.--,--.--,--.--,0,0,--.--,--.--,0,0.2,-0.0,-24.4,-0.0,0.0,1.5,0.2,-0.0,-24.5,0.0,0.0,1.5,--.--,--.--,--.--,--.--,0.2,-0.1,4.2,-0.0,0.1,-0.0,0.00,--.--,--.--,0,0,0.0,0.0,0.0,0,0,0,--.--,--.--,--.--
2025-10-30 11:56:26.841,0.1,0.1,4,-0.1,0.2,-0.0,0.0,0.0,0.000,-1.5,24.2,1.9,-354.1,23.028,0.000,0.000,0.000,1386.7,00:06:47,0.2,14.0,6,--.--,0,--.--,--.--,0000:00:00,46,0,0,1,1,15.30,-1.00,0,--.--,60,--.--,--:--:--,1,-15.30,11:56:26,10:56:26,10/30/25,--.--,--.--,--.--,--.--,--.--,--.--,--.--,--.--,--.--,--.--,--.--,--.--,0,--.--,--.--,--.--,--.--,--.--,--.--,--.--,--.--,--.--,--.--,--.--,--.--,--.--,--.--,--.--,--.--,0,2754.000,2754.000,2754.000,2754.000,7.885,7.885,7.885,7.885,15.300,15.300,15.300,15.300,true,true,true,true,true,true,false,false,true,true,false,false,0.00,0.00,0.00,0.01,--.--,0.00,0.08,0.08,9223372036854775808,0,--.--,--.--,--.--,--.--,--.--,0,0,0,0,44.5793657,8.9422158,32TMQ 95412 36226,0.0,0.0,64.3,3,15,--.--,--.--,,--.--,--.--,--.--,0,0,--.--,--.--,0,0.1,-0.0,-22.9,0.0,0.0,1.5,0.2,-0.0,-22.9,-0.0,0.0,1.5,--.--,--.--,--.--,--.--,0.1,0.1,4.2,-0.1,0.2,-0.0,0.00,--.--,--.--,0,0,0.0,0.0,0.0,0,0,0,--.--,--.--,--.--
2025-10-30 11:56:27.840,0.1,0.2,4,-0.1,0.0,-0.0,0.0,0.0,0.000,-1.5,22.7,0.4,-355.6,21.558,0.000,0.000,0.000,1386.7,00:06:48,0.2,17.4,6,--.--,0,--.--,--.--,0000:00:00,45,0,0,1,1,15.30,-1.00,0,--.--,60,--.--,--:--:--,1,-15.30,11:56:27,10:56:27,10/30/25,--.--,--.--,--.--,--.--,--.--,--.--,--.--,--.--,--.--,--.--,--.--,--.--,0,--.--,--.--,--.--,--.--,--.--,--.--,--.--,--.--,--.--,--.--,--.--,--.--,--.--,--.--,--.--,--.--,0,2760.000,2760.000,2760.000,2766.000,7.900,7.900,7.900,7.915,15.300,15.300,15.300,15.300,true,true,true,true,true,true,false,false,true,true,false,false,0.00,0.00,0.00,0.01,--.--,0.00,0.08,0.08,9223372036854775808,0,--.--,--.--,--.--,--.--,--.--,0,0,0,0,44.5793658,8.9422160,32TMQ 95412 36226,0.0,0.0,68.5,3,15,--.--,--.--,,--.--,--.--,--.--,0,0,--.--,--.--,0,0.1,-0.0,-21.5,-0.0,0.0,1.5,0.1,-0.0,-21.5,-0.0,-0.0,1.5,--.--,--.--,--.--,--.--,0.1,0.2,4.2,-0.1,0.1,-0.1,0.00,--.--,--.--,0,0,0.0,0.0,0.0,0,0,0,--.--,--.--,--.--
2025-10-30 11:56:28.842,0.1,0.3,4,0.1,0.1,-0.1,0.0,0.0,0.000,-1.5,21.2,-1.1,-357.1,20.074,0.000,0.000,0.000,1386.7,00:06:49,0.1,7.0,6,--.--,0,--.--,--.--,0000:00:00,46,0,0,1,1,15.30,-1.00,0,--.--,60,--.--,--:--:--,1,-15.30,11:56:28,10:56:28,10/30/25,--.--,--.--,--.--,--.--,--.--,--.--,--.--,--.--,--.--,--.--,--.--,--.--,0,--.--,--.--,--.--,--.--,--.--,--.--,--.--,--.--,--.--,--.--,--.--,--.--,--.--,--.--,--.--,--.--,0,2736.000,2742.000,2742.000,2742.000,7.840,7.855,7.855,7.855,15.300,15.300,15.300,15.300,true,true,true,true,true,true,false,false,true,true,false,false,0.00,0.00,0.00,0.01,--.--,0.00,0.08,0.08,9223372036854775808,0,--.--,--.--,--.--,--.--,--.--,0,0,0,0,44.5793657,8.9422161,32TMQ 95412 36226,0.0,0.0,194.9,3,15,--.--,--.--,,--.--,--.--,--.--,0,0,--.--,--.--,0,0.1,-0.0,-20.0,-0.0,-0.0,1.5,0.1,-0.0,-20.0,-0.0,-0.0,1.5,--.--,--.--,--.--,--.--,0.1,0.3,4.2,0.0,0.0,-0.0,0.00,--.--,--.--,0,0,0.0,0.0,0.0,0,0,0,--.--,--.--,--.--
2025-10-30 11:56:29.841,0.1,0.1,4,0.1,-0.3,-0.0,0.0,0.0,0.000,-1.5,19.7,-2.6,-358.6,18.581,0.000,0.000,0.000,1386.7,00:06:50,0.1,3.4,6,--.--,0,--.--,--.--,0000:00:00,46,0,0,1,1,15.30,-1.00,0,--.--,60,--.--,--:--:--,1,-15.30,11:56:29,10:56:29,10/30/25,--.--,--.--,--.--,--.--,--.--,--.--,--.--,--.--,--.--,--.--,--.--,--.--,0,--.--,--.--,--.--,--.--,--.--,--.--,--.--,--.--,--.--,--.--,--.--,--.--,--.--,--.--,--.--,--.--,0,2754.000,2754.000,2754.000,2754.000,7.885,7.885,7.885,7.885,15.300,15.300,15.300,15.300,true,true,true,true,true,true,false,false,true,true,false,false,0.00,0.00,0.00,0.01,--.--,0.00,0.08,0.08,9223372036854775808,0,--.--,--.--,--.--,--.--,--.--,0,0,0,0,44.5793654,8.9422159,32TMQ 95412 36226,0.0,0.0,200.1,3,15,--.--,--.--,,--.--,--.--,--.--,0,0,--.--,--.--,0,0.1,-0.0,-18.5,-0.0,-0.0,1.5,0.1,-0.0,-18.5,-0.0,-0.0,1.5,--.--,--.--,--.--,--.--,0.1,0.1,4.2,0.1,-0.2,-0.0,0.00,--.--,--.--,0,0,0.0,0.0,0.0,0,0,0,--.--,--.--,--.--
2025-10-30 11:56:30.841,0.2,-0.1,4,0.1,-0.1,-0.0,0.0,0.0,0.000,-1.5,18.2,-4.0,-360.0,17.075,0.000,0.000,0.000,1386.7,00:06:51,0.1,2.7,6,--.--,0,--.--,--.--,0000:00:00,46,0,0,1,1,15.30,-1.00,0,--.--,60,--.--,--:--:--,1,-15.30,11:56:30,10:56:30,10/30/25,--.--,--.--,--.--,--.--,--.--,--.--,--.--,--.--,--.--,--.--,--.--,--.--,0,--.--,--.--,--.--,--.--,--.--,--.--,--.--,--.--,--.--,--.--,--.--,--.--,--.--,--.--,--.--,--.--,0,2754.000,2754.000,2754.000,2754.000,7.885,7.885,7.885,7.885,15.300,15.300,15.300,15.300,true,true,true,true,true,true,false,false,true,true,false,false,0.00,0.00,0.01,0.02,--.--,0.00,0.08,0.08,9223372036854775808,0,--.--,--.--,--.--,--.--,--.--,0,0,0,0,44.5793650,8.9422157,32TMQ 95412 36226,0.0,0.0,199.5,3,15,--.--,--.--,,--.--,--.--,--.--,0,0,--.--,--.--,0,0.1,-0.0,-17.0,-0.0,-0.0,1.5,0.1,-0.0,-17.0,-0.0,0.0,1.5,--.--,--.--,--.--,--.--,0.2,-0.1,4.2,0.1,-0.1,0.0,0.00,--.--,--.--,0,0,0.0,0.0,0.0,0,0,0,--.--,--.--,--.--
2025-10-30 11:56:31.844,0.2,-0.0,4,-0.1,0.2,0.1,0.0,0.0,0.000,-1.5,16.7,-5.6,-361.6,15.574,0.000,0.000,0.000,1386.7,00:06:53,0.1,6.0,6,--.--,0,--.--,--.--,0000:00:00,46,0,0,1,1,15.30,-1.00,0,--.--,60,--.--,--:--:--,1,-15.30,11:56:31,10:56:31,10/30/25,--.--,--.--,--.--,--.--,--.--,--.--,--.--,--.--,--.--,--.--,--.--,--.--,0,--.--,--.--,--.--,--.--,--.--,--.--,--.--,--.--,--.--,--.--,--.--,--.--,--.--,--.--,--.--,--.--,0,2760.000,2760.000,2760.000,2754.000,7.900,7.900,7.900,7.885,15.300,15.300,15.300,15.300,true,true,true,true,true,true,false,false,true,true,false,false,0.00,0.00,0.01,0.02,--.--,0.00,0.08,0.08,9223372036854775808,0,--.--,--.--,--.--,--.--,--.--,0,0,0,0,44.5793648,8.9422156,32TMQ 95412 36226,0.0,0.0,0.0,3,15,--.--,--.--,,--.--,--.--,--.--,0,0,--.--,--.--,0,0.0,-0.0,-15.5,-0.0,0.0,1.5,0.1,-0.0,-15.5,0.0,0.0,1.5,--.--,--.--,--.--,--.--,0.2,0.0,4.2,-0.0,0.2,0.0,0.00,--.--,--.--,0,0,0.0,0.0,0.0,0,0,0,--.--,--.--,--.--
2025-10-30 11:56:32.843,0.1,0.2,4,-0.1,0.2,-0.0,0.0,0.0,0.000,-1.5,15.2,-7.1,-363.1,14.078,0.000,0.000,0.000,1386.7,00:06:54,0.1,3.7,6,--.--,0,--.--,--.--,0000:00:00,46,0,0,1,1,15.30,-1.00,0,--.--,60,--.--,--:--:--,1,-15.30,11:56:32,10:56:32,10/30/25,--.--,--.--,--.--,--.--,--.--,--.--,--.--,--.--,--.--,--.--,--.--,--.--,0,--.--,--.--,--.--,--.--,--.--,--.--,--.--,--.--,--.--,--.--,--.--,--.--,--.--,--.--,--.--,--.--,0,2754.000,2754.000,2754.000,2754.000,7.885,7.885,7.885,7.885,15.300,15.300,15.300,15.300,true,true,true,true,true,true,false,false,true,true,false,false,0.00,0.00,0.01,0.03,--.--,0.00,0.08,0.08,9223372036854775808,0,--.--,--.--,--.--,--.--,--.--,0,0,0,0,44.5793648,8.9422158,32TMQ 95412 36226,0.0,0.0,66.8,3,15,--.--,--.--,,--.--,--.--,--.--,0,0,--.--,--.--,0,0.0,-0.0,-13.9,-0.0,0.0,1.5,0.0,-0.0,-14.0,-0.0,0.0,1.5,--.--,--.--,--.--,--.--,0.1,0.2,4.2,-0.2,0.2,-0.0,0.00,--.--,--.--,0,0,0.0,0.0,0.0,0,0,0,--.--,--.--,--.--
2025-10-30 11:56:33.843,-0.0,0.3,4,-0.2,0.0,-0.0,0.0,0.0,0.000,-1.5,13.7,-8.6,-364.6,12.583,0.000,0.000,0.000,1386.7,00:06:55,0.1,2.7,6,--.--,0,--.--,--.--,0000:00:00,46,0,0,1,1,15.30,-1.00,0,--.--,60,--.--,--:--:--,1,-15.30,11:56:33,10:56:33,10/30/25,--.--,--.--,--.--,--.--,--.--,--.--,--.--,--.--,--.--,--.--,--.--,--.--,0,--.--,--.--,--.--,--.--,--.--,--.--,--.--,--.--,--.--,--.--,--.--,--.--,--.--,--.--,--.--,--.--,0,2796.000,2796.000,2796.000,2796.000,7.990,7.990,7.990,7.990,15.300,15.300,15.300,15.300,true,true,true,true,true,true,false,false,true,true,false,false,0.00,0.00,0.01,0.03,--.--,0.00,0.08,0.08,9223372036854775808,0,--.--,--.--,--.--,--.--,--.--,0,0,0,0,44.5793649,8.9422162,32TMQ 95412 36226,0.0,0.0,109.1,3,15,--.--,--.--,,--.--,--.--,--.--,0,0,--.--,--.--,0,0.0,0.0,-12.5,-0.0,0.0,1.5,0.0,-0.0,-12.5,-0.0,-0.0,1.5,--.--,--.--,--.--,--.--,-0.0,0.3,4.2,-0.1,0.0,-0.0,0.00,--.--,--.--,0,0,0.0,0.0,0.0,0,0,0,--.--,--.--,--.--
2025-10-30 11:56:34.845,-0.0,0.1,4,0.1,-0.3,-0.0,0.0,0.0,0.000,-1.0,12.2,-10.0,-366.0,11.299,0.000,0.000,0.000,1386.7,00:06:56,0.0,1.8,6,--.--,0,--.--,--.--,0000:00:00,52,0,0,1,1,15.30,-1.00,0,--.--,61,--.--,--:--:--,1,-15.30,11:56:34,10:56:34,10/30/25,--.--,--.--,--.--,--.--,--.--,--.--,--.--,--.--,--.--,--.--,--.--,--.--,0,--.--,--.--,--.--,--.--,--.--,--.--,--.--,--.--,--.--,--.--,--.--,--.--,--.--,--.--,--.--,--.--,0,3006.000,3006.000,3006.000,3006.000,8.515,8.515,8.515,8.515,15.300,15.300,15.300,15.300,true,true,true,true,true,true,false,false,true,true,false,false,0.00,0.00,0.01,0.04,--.--,0.00,0.08,0.08,9223372036854775808,0,--.--,--.--,--.--,--.--,--.--,0,0,0,0,44.5793647,8.9422163,32TMQ 95412 36226,0.0,0.0,188.4,3,15,--.--,--.--,,--.--,--.--,--.--,0,0,--.--,--.--,0,0.0,0.0,-11.2,-0.0,-0.0,0.9,0.0,-0.0,-11.3,-0.0,-0.0,0.8,--.--,--.--,--.--,--.--,-0.0,0.1,4.2,0.1,-0.3,0.0,0.00,--.--,--.--,0,0,0.0,0.0,0.0,0,0,0,--.--,--.--,--.--
2025-10-30 11:56:35.844,0.1,-0.0,4,0.1,-0.1,-0.0,0.0,0.0,0.000,-0.5,11.1,-11.2,-367.2,10.540,0.000,0.000,0.000,1386.7,00:06:57,0.0,0.8,6,--.--,0,--.--,--.--,0000:00:00,45,0,0,1,1,15.30,-1.00,0,--.--,61,--.--,--:--:--,1,-15.30,11:56:35,10:56:35,10/30/25,--.--,--.--,--.--,--.--,--.--,--.--,--.--,--.--,--.--,--.--,--.--,--.--,0,--.--,--.--,--.--,--.--,--.--,--.--,--.--,--.--,--.--,--.--,--.--,--.--,--.--,--.--,--.--,--.--,0,3162.000,3156.000,3156.000,3156.000,8.905,8.890,8.890,8.890,15.300,15.300,15.300,15.300,true,true,true,true,true,true,false,false,true,true,false,false,0.00,0.00,0.01,0.04,--.--,0.00,0.08,0.08,9223372036854775808,0,--.--,--.--,--.--,--.--,--.--,0,0,0,0,44.5793644,8.9422161,32TMQ 95412 36226,0.0,0.0,222.1,3,15,--.--,--.--,,--.--,--.--,--.--,0,0,--.--,--.--,0,0.0,0.0,-10.5,-0.0,-0.0,0.5,0.0,-0.0,-10.7,-0.0,-0.0,0.5,--.--,--.--,--.--,--.--,0.1,-0.1,4.2,0.2,-0.1,-0.0,0.00,--.--,--.--,0,0,0.0,0.0,0.0,0,0,0,--.--,--.--,--.--
2025-10-30 11:56:36.843,0.2,-0.0,4,0.1,0.2,-0.0,0.0,0.0,0.000,-1.4,10.4,-11.9,-367.9,9.620,0.000,0.000,0.000,1386.7,00:06:58,0.0,0.0,6,--.--,0,--.--,--.--,0000:00:00,43,0,0,1,1,15.30,-1.00,0,--.--,58,--.--,--:--:--,1,-15.30,11:56:36,10:56:36,10/30/25,--.--,--.--,--.--,--.--,--.--,--.--,--.--,--.--,--.--,--.--,--.--,--.--,0,--.--,--.--,--.--,--.--,--.--,--.--,--.--,--.--,--.--,--.--,--.--,--.--,--.--,--.--,--.--,--.--,0,2238.000,2238.000,2238.000,2238.000,6.595,6.595,6.595,6.595,15.300,15.300,15.300,15.300,true,true,true,true,true,true,false,false,true,true,false,false,0.05,0.00,0.01,0.04,--.--,0.00,0.08,0.08,9223372036854775808,0,--.--,--.--,--.--,--.--,--.--,0,0,0,0,44.5793642,8.9422158,32TMQ 95412 36226,0.0,0.0,273.8,3,15,--.--,--.--,,--.--,--.--,--.--,0,0,--.--,--.--,0,-0.0,-0.0,-9.5,0.0,-0.0,1.4,0.0,-0.0,-9.4,0.0,0.0,1.6,--.--,--.--,--.--,--.--,0.2,-0.0,4.2,0.1,0.2,-0.0,0.00,--.--,--.--,0,0,0.0,0.0,0.0,0,0,0,--.--,--.--,--.--
2025-10-30 11:56:37.849,0.2,0.1,4,-0.1,0.2,-0.0,0.0,0.0,0.000,-1.4,9.3,-13.0,-369.0,8.274,0.000,0.000,0.000,1386.7,00:06:59,0.0,0.6,6,--.--,0,--.--,--.--,0000:00:00,47,0,0,1,1,15.30,-1.00,0,--.--,58,--.--,--:--:--,1,-15.30,11:56:37,10:56:37,10/30/25,--.--,--.--,--.--,--.--,--.--,--.--,--.--,--.--,--.--,--.--,--.--,--.--,0,--.--,--.--,--.--,--.--,--.--,--.--,--.--,--.--,--.--,--.--,--.--,--.--,--.--,--.--,--.--,--.--,0,2652.000,2646.000,2646.000,2646.000,7.630,7.615,7.615,7.615,15.300,15.300,15.300,15.300,true,true,true,true,true,true,false,false,true,true,false,false,0.05,0.00,0.01,0.04,--.--,0.00,0.08,0.08,9223372036854775808,0,--.--,--.--,--.--,--.--,--.--,0,0,0,0,44.5793644,8.9422158,32TMQ 95412 36226,0.0,0.0,25.0,3,15,--.--,--.--,,--.--,--.--,--.--,0,0,--.--,--.--,0,-0.0,-0.0,-8.1,0.0,0.0,1.4,0.0,-0.0,-8.1,0.0,0.0,1.3,--.--,--.--,--.--,--.--,0.2,0.1,4.2,-0.1,0.2,0.0,0.00,--.--,--.--,0,0,0.0,0.0,0.0,0,0,0,--.--,--.--,--.--
2025-10-30 11:56:38.847,0.1,0.2,4,-0.2,0.1,0.1,0.0,0.0,0.000,-1.1,7.9,-14.3,-370.3,6.994,0.000,0.000,0.000,1386.7,00:07:00,0.0,0.8,6,--.--,0,--.--,--.--,0000:00:00,49,0,0,1,1,15.30,-1.00,0,--.--,61,--.--,--:--:--,1,-15.30,11:56:38,10:56:38,10/30/25,--.--,--.--,--.--,--.--,--.--,--.--,--.--,--.--,--.--,--.--,--.--,--.--,0,--.--,--.--,--.--,--.--,--.--,--.--,--.--,--.--,--.--,--.--,--.--,--.--,--.--,--.--,--.--,--.--,0,2916.000,2916.000,2916.000,2910.000,8.290,8.290,8.290,8.275,15.300,15.300,15.300,15.300,true,true,true,true,true,true,false,false,true,true,false,false,0.03,0.00,0.01,0.01,--.--,0.00,0.08,0.08,9223372036854775808,0,--.--,--.--,--.--,--.--,--.--,0,0,0,0,44.5793646,8.9422160,32TMQ 95412 36226,0.0,0.0,50.5,3,15,--.--,--.--,,--.--,--.--,--.--,0,0,--.--,--.--,0,0.0,-0.0,-6.9,0.0,0.0,1.1,0.0,-0.0,-6.9,-0.0,0.0,1.0,--.--,--.--,--.--,--.--,0.1,0.2,4.2,-0.2,0.1,0.0,0.00,--.--,--.--,0,0,0.0,0.0,0.0,0,0,0,--.--,--.--,--.--
2025-10-30 11:56:39.844,-0.0,0.2,4,0.1,-0.1,-0.0,0.0,0.0,0.000,-0.8,6.7,-15.5,-371.5,5.982,0.000,0.000,0.000,1386.7,00:07:01,0.0,2.8,6,--.--,0,--.--,--.--,0000:00:00,49,0,0,1,1,15.30,-1.00,0,--.--,61,--.--,--:--:--,1,-15.30,11:56:39,10:56:39,10/30/25,--.--,--.--,--.--,--.--,--.--,--.--,--.--,--.--,--.--,--.--,--.--,--.--,0,--.--,--.--,--.--,--.--,--.--,--.--,--.--,--.--,--.--,--.--,--.--,--.--,--.--,--.--,--.--,--.--,0,2988.000,2994.000,2988.000,2994.000,8.470,8.485,8.470,8.485,15.300,15.300,15.300,15.300,true,true,true,true,true,true,false,false,true,true,false,false,0.03,0.00,0.01,0.01,--.--,0.00,0.08,0.08,9223372036854775808,0,--.--,--.--,--.--,--.--,--.--,0,0,0,0,44.5793646,8.9422162,32TMQ 95412 36226,0.0,0.0,0.0,3,15,--.--,--.--,,--.--,--.--,--.--,0,0,--.--,--.--,0,0.0,0.0,-5.9,-0.0,0.0,0.8,0.0,-0.0,-6.0,-0.0,-0.0,0.7,--.--,--.--,--.--,--.--,-0.0,0.2,4.2,0.1,-0.1,-0.0,0.00,--.--,--.--,0,0,0.0,0.0,0.0,0,0,0,--.--,--.--,--.--
2025-10-30 11:56:40.839,0.1,0.1,4,0.2,-0.1,-0.0,0.0,0.0,0.000,-0.7,5.8,-16.5,-372.5,5.220,0.000,0.000,0.000,1386.7,00:07:01,0.0,1.7,6,--.--,0,--.--,--.--,0000:00:00,48,0,0,1,1,15.30,-1.00,0,--.--,61,--.--,--:--:--,1,-15.30,11:56:40,10:56:40,10/30/25,--.--,--.--,--.--,--.--,--.--,--.--,--.--,--.--,--.--,--.--,--.--,--.--,0,--.--,--.--,--.--,--.--,--.--,--.--,--.--,--.--,--.--,--.--,--.--,--.--,--.--,--.--,--.--,--.--,0,2952.000,2952.000,2952.000,2946.000,8.380,8.380,8.380,8.365,15.300,15.300,15.300,15.300,true,true,true,true,true,true,false,false,true,true,false,false,0.01,0.00,0.01,0.02,--.--,0.00,0.08,0.08,9223372036854775808,0,--.--,--.--,--.--,--.--,--.--,0,0,0,0,44.5793645,8.9422161,32TMQ 95412 36226,0.0,0.0,215.8,3,15,--.--,--.--,,--.--,--.--,--.--,0,0,--.--,--.--,0,0.0,0.0,-5.2,-0.0,-0.0,0.7,0.0,-0.0,-5.3,-0.0,-0.0,0.7,--.--,--.--,--.--,--.--,0.1,0.1,4.2,0.0,-0.1,0.0,0.00,--.--,--.--,0,0,0.0,0.0,0.0,0,0,0,--.--,--.--,--.--
2025-10-30 11:56:41.841,0.1,-0.0,4,0.1,0.0,-0.0,0.0,0.0,0.000,-0.7,5.1,-17.2,-373.2,4.583,0.000,0.000,0.000,1386.7,00:07:02,0.0,0.7,6,--.--,0,--.--,--.--,0000:00:00,47,0,0,1,1,15.30,-1.00,0,--.--,61,--.--,--:--:--,1,-15.30,11:56:41,10:56:41,10/30/25,--.--,--.--,--.--,--.--,--.--,--.--,--.--,--.--,--.--,--.--,--.--,--.--,0,--.--,--.--,--.--,--.--,--.--,--.--,--.--,--.--,--.--,--.--,--.--,--.--,--.--,--.--,--.--,--.--,0,2898.000,2904.000,2904.000,2904.000,8.245,8.260,8.260,8.260,15.300,15.300,15.300,15.300,true,true,true,true,true,true,false,false,true,true,false,false,0.01,0.00,0.01,0.02,--.--,0.00,0.08,0.08,9223372036854775808,0,--.--,--.--,--.--,--.--,--.--,0,0,0,0,44.5793643,8.9422159,32TMQ 95412 36226,0.0,0.0,236.3,3,15,--.--,--.--,,--.--,--.--,--.--,0,0,--.--,--.--,0,-0.0,0.0,-4.5,-0.0,-0.0,0.7,0.0,-0.0,-4.5,0.0,-0.0,0.7,--.--,--.--,--.--,--.--,0.2,-0.0,4.2,0.1,0.0,-0.0,0.00,--.--,--.--,0,0,0.0,0.0,0.0,0,0,0,--.--,--.--,--.--
2025-10-30 11:56:42.846,0.2,0.1,4,0.0,0.1,-0.0,0.0,0.0,0.000,-0.7,4.4,-17.8,-373.8,3.925,0.000,0.000,0.000,1386.7,00:07:04,0.0,1.6,6,--.--,0,--.--,--.--,0000:00:00,47,0,0,1,1,15.30,-1.00,0,--.--,61,--.--,--:--:--,1,-15.30,11:56:42,10:56:42,10/30/25,--.--,--.--,--.--,--.--,--.--,--.--,--.--,--.--,--.--,--.--,--.--,--.--,0,--.--,--.--,--.--,--.--,--.--,--.--,--.--,--.--,--.--,--.--,--.--,--.--,--.--,--.--,--.--,--.--,0,2826.000,2826.000,2832.000,2826.000,8.065,8.065,8.080,8.065,15.300,15.300,15.300,15.300,true,true,true,true,true,true,false,false,true,true,false,false,0.02,0.00,0.01,0.00,--.--,0.00,0.08,0.08,9223372036854775808,0,--.--,--.--,--.--,--.--,--.--,0,0,0,0,44.5793643,8.9422158,32TMQ 95412 36226,0.0,0.0,0.0,3,15,--.--,--.--,,--.--,--.--,--.--,0,0,--.--,--.--,0,-0.0,-0.0,-3.9,0.0,0.0,0.7,0.0,-0.0,-3.8,0.0,0.0,0.7,--.--,--.--,--.--,--.--,0.2,0.1,4.2,-0.0,0.0,0.0,0.00,--.--,--.--,0,0,0.0,0.0,0.0,0,0,0,--.--,--.--,--.--
2025-10-30 11:56:43.844,0.1,0.1,4,-0.1,0.1,0.1,0.0,0.0,0.000,-0.7,3.8,-18.5,-374.5,3.226,0.000,0.000,0.000,1386.7,00:07:05,0.0,0.7,6,--.--,0,--.--,--.--,0000:00:00,47,0,0,1,1,15.30,-1.00,0,--.--,61,--.--,--:--:--,1,-15.30,11:56:43,10:56:43,10/30/25,--.--,--.--,--.--,--.--,--.--,--.--,--.--,--.--,--.--,--.--,--.--,--.--,0,--.--,--.--,--.--,--.--,--.--,--.--,--.--,--.--,--.--,--.--,--.--,--.--,--.--,--.--,--.--,--.--,0,2838.000,2838.000,2838.000,2832.000,8.095,8.095,8.095,8.080,15.300,15.300,15.300,15.300,true,true,true,true,true,true,false,false,true,true,false,false,0.02,0.00,0.01,0.00,--.--,0.00,0.08,0.08,9223372036854775808,0,--.--,--.--,--.--,--.--,--.--,0,0,0,0,44.5793644,8.9422159,32TMQ 95412 36226,0.0,0.0,48.1,3,15,--.--,--.--,,--.--,--.--,--.--,0,0,--.--,--.--,0,-0.0,-0.0,-3.2,0.0,0.0,0.7,-0.0,-0.0,-3.2,0.0,0.0,0.7,--.--,--.--,--.--,--.--,0.1,0.1,4.2,-0.2,0.1,0.1,0.00,--.--,--.--,0,0,0.0,0.0,0.0,0,0,0,--.--,--.--,--.--
2025-10-30 11:56:44.841,0.0,0.2,4,-0.1,0.0,-0.0,0.0,0.0,0.000,-0.7,3.0,-19.2,-375.2,2.493,0.000,0.000,0.000,1386.7,00:07:05,0.0,1.7,6,--.--,0,--.--,--.--,0000:00:00,48,0,0,1,1,15.30,-1.00,0,--.--,61,--.--,--:--:--,1,-15.30,11:56:44,10:56:44,10/30/25,--.--,--.--,--.--,--.--,--.--,--.--,--.--,--.--,--.--,--.--,--.--,--.--,0,--.--,--.--,--.--,--.--,--.--,--.--,--.--,--.--,--.--,--.--,--.--,--.--,--.--,--.--,--.--,--.--,0,2868.000,2868.000,2868.000,2868.000,8.170,8.170,8.170,8.170,15.300,15.300,15.300,15.300,true,true,true,true,true,true,false,false,true,true,false,false,0.00,0.00,0.00,0.02,--.--,0.00,0.08,0.08,9223372036854775808,0,--.--,--.--,--.--,--.--,--.--,0,0,0,0,44.5793645,8.9422161,32TMQ 95412 36226,0.0,0.0,79.8,3,15,--.--,--.--,,--.--,--.--,--.--,0,0,--.--,--.--,0,0.0,0.0,-2.4,-0.0,0.0,0.7,-0.0,-0.0,-2.5,-0.0,-0.0,0.7,--.--,--.--,--.--,--.--,0.0,0.2,4.2,-0.2,-0.0,-0.0,0.00,--.--,--.--,0,0,0.0,0.0,0.0,0,0,0,--.--,--.--,--.--
2025-10-30 11:56:45.847,-0.0,0.1,4,0.1,0.0,-0.1,0.0,0.0,0.000,-0.7,2.3,-19.9,-375.9,1.800,0.000,0.000,0.000,1386.7,00:07:07,0.0,2.5,6,--.--,0,--.--,--.--,0000:00:00,47,0,0,1,1,15.30,-1.00,0,--.--,61,--.--,--:--:--,1,-15.30,11:56:45,10:56:45,10/30/25,--.--,--.--,--.--,--.--,--.--,--.--,--.--,--.--,--.--,--.--,--.--,--.--,0,--.--,--.--,--.--,--.--,--.--,--.--,--.--,--.--,--.--,--.--,--.--,--.--,--.--,--.--,--.--,--.--,0,2880.000,2886.000,2886.000,2886.000,8.200,8.215,8.215,8.215,15.300,15.300,15.300,15.300,true,true,true,true,true,true,false,false,true,true,false,false,0.00,0.00,0.00,0.02,--.--,0.00,0.08,0.08,9223372036854775808,0,--.--,--.--,--.--,--.--,--.--,0,0,0,0,44.5793645,8.9422163,32TMQ 95412 36226,0.0,0.0,0.0,3,15,--.--,--.--,,--.--,--.--,--.--,0,0,--.--,--.--,0,0.0,0.0,-1.7,-0.0,-0.0,0.7,-0.0,-0.0,-1.8,-0.0,-0.0,0.7,--.--,--.--,--.--,--.--,0.0,0.1,4.2,0.1,0.0,-0.0,0.00,--.--,--.--,0,0,0.0,0.0,0.0,0,0,0,--.--,--.--,--.--
2025-10-30 11:56:46.845,0.1,0.1,4,0.1,-0.1,-0.0,0.0,0.0,0.000,-0.7,1.6,-20.6,-376.6,1.115,0.000,0.000,0.000,1386.7,00:07:08,0.0,1.3,6,--.--,0,--.--,--.--,0000:00:00,47,0,0,1,1,15.30,-1.00,0,--.--,61,--.--,--:--:--,1,-15.30,11:56:46,10:56:46,10/30/25,--.--,--.--,--.--,--.--,--.--,--.--,--.--,--.--,--.--,--.--,--.--,--.--,0,--.--,--.--,--.--,--.--,--.--,--.--,--.--,--.--,--.--,--.--,--.--,--.--,--.--,--.--,--.--,--.--,0,2856.000,2856.000,2856.000,2856.000,8.140,8.140,8.140,8.140,15.300,15.300,15.300,15.300,true,true,true,true,true,true,false,false,true,true,false,false,0.00,0.00,0.00,0.07,--.--,0.00,0.08,0.08,9223372036854775808,0,--.--,--.--,--.--,--.--,--.--,0,0,0,0,44.5793644,8.9422161,32TMQ 95412 36226,0.0,0.0,231.1,3,15,--.--,--.--,,--.--,--.--,--.--,0,0,--.--,--.--,0,0.0,0.0,-1.1,-0.0,-0.0,0.7,-0.0,-0.0,-1.1,-0.0,-0.0,0.7,--.--,--.--,--.--,--.--,0.1,0.1,4.2,0.1,-0.1,0.0,0.00,--.--,--.--,0,0,0.0,0.0,0.0,0,0,0,--.--,--.--,--.--
2025-10-30 11:56:47.845,0.2,0.0,4,0.1,-0.0,-0.0,0.0,0.0,0.000,-0.7,0.9,-21.3,-377.3,0.416,0.000,0.000,0.000,1386.7,00:07:09,0.0,0.0,6,--.--,0,--.--,--.--,0000:00:00,47,0,0,1,1,15.30,-1.00,0,--.--,61,--.--,--:--:--,1,-15.30,11:56:47,10:56:47,10/30/25,--.--,--.--,--.--,--.--,--.--,--.--,--.--,--.--,--.--,--.--,--.--,--.--,0,--.--,--.--,--.--,--.--,--.--,--.--,--.--,--.--,--.--,--.--,--.--,--.--,--.--,--.--,--.--,--.--,0,2862.000,2862.000,2856.000,2862.000,8.155,8.155,8.140,8.155,15.300,15.300,15.300,15.300,true,true,true,true,true,true,false,false,true,true,false,false,0.00,0.00,0.00,0.07,--.--,0.00,0.08,0.08,9223372036854775808,0,--.--,--.--,--.--,--.--,--.--,0,0,0,0,44.5793643,8.9422159,32TMQ 95412 36226,0.0,0.0,256.1,3,15,--.--,--.--,,--.--,--.--,--.--,0,0,--.--,--.--,0,-0.0,-0.0,-0.4,-0.0,-0.0,0.7,-0.0,-0.0,-0.4,0.0,0.0,0.7,--.--,--.--,--.--,--.--,0.2,0.0,4.2,0.1,-0.0,-0.0,0.00,--.--,--.--,0,0,0.0,0.0,0.0,0,0,0,--.--,--.--,--.--
2025-10-30 11:56:48.846,0.2,0.0,4,0.0,0.0,-0.0,0.0,0.0,0.000,-0.7,0.2,-22.0,-378.0,-0.249,0.000,0.000,0.000,1386.7,00:07:10,0.0,0.9,6,--.--,0,--.--,--.--,0000:00:00,46,0,0,1,1,15.30,-1.00,0,--.--,61,--.--,--:--:--,1,-15.30,11:56:48,10:56:48,10/30/25,--.--,--.--,--.--,--.--,--.--,--.--,--.--,--.--,--.--,--.--,--.--,--.--,0,--.--,--.--,--.--,--.--,--.--,--.--,--.--,--.--,--.--,--.--,--.--,--.--,--.--,--.--,--.--,--.--,0,2856.000,2856.000,2856.000,2862.000,8.140,8.140,8.140,8.155,15.300,15.300,15.300,15.300,true,true,true,true,true,true,false,false,true,true,false,false,0.00,0.00,0.01,0.04,--.--,0.00,0.08,0.08,9223372036854775808,0,--.--,--.--,--.--,--.--,--.--,0,0,0,0,44.5793643,8.9422158,32TMQ 95412 36226,0.0,0.0,0.0,3,15,--.--,--.--,,--.--,--.--,--.--,0,0,--.--,--.--,0,-0.0,-0.0,0.3,0.0,0.0,0.7,-0.0,-0.0,0.3,0.0,0.0,0.7,--.--,--.--,--.--,--.--,0.1,0.1,4.2,-0.5,0.4,-0.0,0.00,--.--,--.--,0,0,0.0,0.0,0.0,0,0,0,--.--,--.--,--.--
2025-10-30 11:56:49.840,0.2,0.1,4,0.0,0.0,-0.0,0.0,0.0,0.000,-0.4,-0.3,-22.6,-378.6,-0.398,0.000,0.000,0.000,1386.7,00:07:10,0.0,0.0,6,--.--,0,--.--,--.--,0000:00:00,27,0,0,1,1,15.30,-1.00,0,--.--,61,--.--,--:--:--,1,-15.30,11:56:49,10:56:49,10/30/25,--.--,--.--,--.--,--.--,--.--,--.--,--.--,--.--,--.--,--.--,--.--,--.--,0,--.--,--.--,--.--,--.--,--.--,--.--,--.--,--.--,--.--,--.--,--.--,--.--,--.--,--.--,--.--,--.--,0,2622.000,2586.000,2604.000,2604.000,7.555,7.465,7.510,7.510,15.300,15.300,15.300,15.300,true,true,true,true,true,true,false,false,true,true,false,false,0.00,0.00,0.01,0.04,--.--,0.00,0.08,0.08,9223372036854775808,0,--.--,--.--,--.--,--.--,--.--,0,0,0,0,44.5793643,8.9422158,32TMQ 95412 36226,0.0,0.0,0.0,3,15,--.--,--.--,,--.--,--.--,--.--,0,0,--.--,--.--,0,-0.0,-0.0,0.4,0.0,0.0,0.4,-0.0,-0.0,1.0,0.0,0.0,1.3,--.--,--.--,--.--,--.--,-0.0,0.1,4.2,-1.4,0.3,-0.0,0.00,--.--,--.--,0,0,0.0,0.0,0.0,0,0,0,--.--,--.--,--.--
2025-10-30 11:56:50.849,0.2,0.1,4,0.0,0.0,-0.0,0.0,0.0,0.000,-0.2,-0.4,-22.6,-378.6,-0.332,0.000,0.000,0.000,1386.7,00:07:12,0.0,0.0,6,--.--,0,--.--,--.--,0000:00:00,0,0,0,1,1,15.30,-1.00,0,--.--,53,--.--,--:--:--,1,-15.30,11:56:50,10:56:50,10/30/25,--.--,--.--,--.--,--.--,--.--,--.--,--.--,--.--,--.--,--.--,--.--,--.--,0,--.--,--.--,--.--,--.--,--.--,--.--,--.--,--.--,--.--,--.--,--.--,--.--,--.--,--.--,--.--,--.--,0,750.000,690.000,696.000,744.000,2.875,2.725,2.740,2.860,15.300,15.300,15.300,15.300,true,true,true,true,true,true,false,false,true,true,false,false,0.15,0.00,0.05,0.02,--.--,0.00,0.08,0.08,9223372036854775808,0,--.--,--.--,--.--,--.--,--.--,0,0,0,0,44.5793643,8.9422158,32TMQ 95412 36226,0.0,0.0,0.0,3,15,--.--,--.--,,--.--,--.--,--.--,0,0,--.--,--.--,0,-0.0,-0.0,0.3,0.0,0.0,0.2,--.--,--.--,--.--,--.--,--.--,--.--,--.--,--.--,--.--,--.--,0.0,0.0,4.2,-1.2,-0.5,0.0,0.00,--.--,--.--,0,0,0.0,0.0,0.0,0,0,0,--.--,--.--,--.--
2025-10-30 11:56:51.846,0.2,0.1,4,0.0,0.0,-0.0,0.0,0.0,0.000,-0.1,-0.3,-22.6,-378.6,-0.230,0.000,0.000,0.000,1386.7,00:07:13,0.0,0.7,6,--.--,0,--.--,--.--,0000:00:00,0,0,0,1,1,15.30,-1.00,0,--.--,53,--.--,--:--:--,1,-15.30,11:56:51,10:56:51,10/30/25,--.--,--.--,--.--,--.--,--.--,--.--,--.--,--.--,--.--,--.--,--.--,--.--,0,--.--,--.--,--.--,--.--,--.--,--.--,--.--,--.--,--.--,--.--,--.--,--.--,--.--,--.--,--.--,--.--,0,12.000,0.000,0.000,12.000,1.030,1.000,1.000,1.030,15.300,15.300,15.300,15.300,true,true,true,true,true,true,false,false,true,true,false,false,0.15,0.00,0.05,0.02,--.--,0.00,0.08,0.08,9223372036854775808,0,--.--,--.--,--.--,--.--,--.--,0,0,0,0,44.5793643,8.9422158,32TMQ 95412 36226,0.0,0.0,0.0,3,15,--.--,--.--,,--.--,--.--,--.--,0,0,--.--,--.--,0,-0.0,-0.0,0.2,0.0,0.0,0.1,--.--,--.--,--.--,--.--,--.--,--.--,--.--,--.--,--.--,--.--,0.0,0.0,4.2,-1.0,-0.6,0.0,0.00,--.--,--.--,0,0,0.0,0.0,0.0,0,0,0,--.--,--.--,--.--
2025-10-30 11:56:52.844,0.1,0.1,4,0.0,0.0,-0.0,0.0,0.0,0.000,-0.0,-0.2,-22.5,-378.6,-0.137,0.000,0.000,0.000,1386.7,00:07:14,0.0,1.4,6,--.--,0,--.--,--.--,0000:00:00,0,0,0,1,1,15.30,-1.00,0,--.--,50,--.--,--:--:--,1,-15.30,11:56:52,10:56:52,10/30/25,--.--,--.--,--.--,--.--,--.--,--.--,--.--,--.--,--.--,--.--,--.--,--.--,0,--.--,--.--,--.--,--.--,--.--,--.--,--.--,--.--,--.--,--.--,--.--,--.--,--.--,--.--,--.--,--.--,0,12.000,0.000,0.000,12.000,1.030,1.000,1.000,1.030,15.300,15.300,15.300,15.300,true,true,true,true,true,true,true,false,true,true,false,false,0.03,0.00,0.03,0.02,--.--,0.00,0.08,0.08,9223372036854775808,0,--.--,--.--,--.--,--.--,--.--,0,0,0,0,44.5793643,8.9422158,32TMQ 95412 36226,0.0,0.0,0.0,3,15,--.--,--.--,,--.--,--.--,--.--,0,0,--.--,--.--,0,-0.0,-0.0,0.1,-0.0,0.0,0.0,--.--,--.--,--.--,--.--,--.--,--.--,--.--,--.--,--.--,--.--,0.0,0.0,4.2,-0.9,-0.7,0.0,0.00,--.--,--.--,0,0,0.0,0.0,0.0,0,0,0,--.--,--.--,--.--
2025-10-30 11:56:53.844,0.1,0.1,4,-0.0,0.0,-0.0,0.0,0.0,0.000,0.0,-0.1,-22.4,-378.6,-0.070,0.000,0.000,0.000,1386.7,00:07:14,0.0,5.4,6,--.--,0,--.--,--.--,0000:00:00,0,0,0,1,1,15.30,-1.00,0,--.--,50,--.--,--:--:--,1,-15.30,11:56:53,10:56:53,10/30/25,--.--,--.--,--.--,--.--,--.--,--.--,--.--,--.--,--.--,--.--,--.--,--.--,0,--.--,--.--,--.--,--.--,--.--,--.--,--.--,--.--,--.--,--.--,--.--,--.--,--.--,--.--,--.--,--.--,0,0.000,0.000,0.000,0.000,0.000,0.000,0.000,0.000,16.200,16.200,16.200,16.200,true,true,true,true,true,true,true,false,true,true,false,false,0.03,0.00,0.03,0.02,--.--,0.00,0.08,0.08,9223372036854775808,0,--.--,--.--,--.--,--.--,--.--,0,0,0,0,44.5793643,8.9422158,32TMQ 95412 36226,0.0,0.0,0.0,3,15,--.--,--.--,,--.--,--.--,--.--,0,0,--.--,--.--,0,-0.0,-0.0,0.1,-0.0,0.0,-0.0,--.--,--.--,--.--,--.--,--.--,--.--,--.--,--.--,--.--,--.--,0.0,0.0,4.2,-0.8,-0.7,0.0,0.00,--.--,--.--,0,0,0.0,0.0,0.0,0,0,0,--.--,--.--,--.--
2025-10-30 11:56:54.839,0.1,0.1,4,-0.0,0.0,-0.0,0.0,0.0,0.000,0.0,-0.1,-22.3,-378.6,-0.036,0.000,0.000,0.000,1386.7,00:07:14,0.0,5.9,6,--.--,0,--.--,--.--,0000:00:00,0,0,0,1,1,15.97,-1.00,0,--.--,87,--.--,--:--:--,1,-15.97,11:56:54,10:56:54,10/30/25,--.--,--.--,--.--,--.--,--.--,--.--,--.--,--.--,--.--,--.--,--.--,--.--,0,--.--,--.--,--.--,--.--,--.--,--.--,--.--,--.--,--.--,--.--,--.--,--.--,--.--,--.--,--.--,--.--,0,0.000,0.000,0.000,0.000,0.000,0.000,0.000,0.000,16.200,16.200,16.200,16.200,true,true,true,true,true,true,true,false,true,true,false,false,0.00,0.00,0.02,0.05,--.--,0.00,0.08,0.08,9223372036854775808,0,--.--,--.--,--.--,--.--,--.--,0,0,0,0,44.5793643,8.9422158,32TMQ 95412 36226,0.0,0.0,0.0,3,15,--.--,--.--,,--.--,--.--,--.--,0,0,--.--,--.--,0,-0.0,-0.0,0.0,-0.0,-0.0,-0.0,--.--,--.--,--.--,--.--,--.--,--.--,--.--,--.--,--.--,--.--,0.0,0.0,4.2,-0.7,-0.7,0.0,0.00,--.--,--.--,0,0,0.0,0.0,0.0,0,0,0,--.--,--.--,--.--
2025-10-30 11:56:55.844,0.1,0.1,4,-0.0,0.0,-0.0,0.0,0.0,0.000,0.0,-0.1,-22.3,-378.6,-0.036,0.000,0.000,0.000,1386.7,00:07:14,0.0,5.9,6,--.--,0,--.--,--.--,0000:00:00,0,0,0,1,1,15.97,-1.00,0,--.--,87,--.--,--:--:--,1,-15.97,11:56:55,10:56:55,10/30/25,--.--,--.--,--.--,--.--,--.--,--.--,--.--,--.--,--.--,--.--,--.--,--.--,0,--.--,--.--,--.--,--.--,--.--,--.--,--.--,--.--,--.--,--.--,--.--,--.--,--.--,--.--,--.--,--.--,0,0.000,0.000,0.000,0.000,0.000,0.000,0.000,0.000,16.200,16.200,16.200,16.200,true,true,true,true,true,true,true,false,true,true,false,false,0.00,0.00,0.02,0.05,--.--,0.00,0.08,0.08,9223372036854775808,0,--.--,--.--,--.--,--.--,--.--,0,0,0,0,44.5793643,8.9422158,32TMQ 95412 36226,0.0,0.0,0.0,3,15,--.--,--.--,,--.--,--.--,--.--,0,0,--.--,--.--,0,-0.0,-0.0,0.0,-0.0,-0.0,-0.0,--.--,--.--,--.--,--.--,--.--,--.--,--.--,--.--,--.--,--.--,0.0,0.0,4.2,-0.7,-0.7,0.0,0.00,--.--,--.--,0,0,0.0,0.0,0.0,0,0,0,--.--,--.--,--.--
2025-10-30 11:56:56.843,0.1,0.1,4,-0.0,0.0,-0.0,0.0,0.0,0.000,0.0,-0.1,-22.3,-378.6,-0.036,0.000,0.000,0.000,1386.7,00:07:14,0.0,5.9,6,--.--,0,--.--,--.--,0000:00:00,0,0,0,1,1,15.97,-1.00,0,--.--,87,--.--,--:--:--,1,-15.97,11:56:56,10:56:56,10/30/25,--.--,--.--,--.--,--.--,--.--,--.--,--.--,--.--,--.--,--.--,--.--,--.--,0,--.--,--.--,--.--,--.--,--.--,--.--,--.--,--.--,--.--,--.--,--.--,--.--,--.--,--.--,--.--,--.--,0,0.000,0.000,0.000,0.000,0.000,0.000,0.000,0.000,16.200,16.200,16.200,16.200,true,true,true,true,true,true,true,false,true,true,false,false,0.00,0.00,0.02,0.05,--.--,0.00,0.08,0.08,9223372036854775808,0,--.--,--.--,--.--,--.--,--.--,0,0,0,0,44.5793643,8.9422158,32TMQ 95412 36226,0.0,0.0,0.0,3,15,--.--,--.--,,--.--,--.--,--.--,0,0,--.--,--.--,0,-0.0,-0.0,0.0,-0.0,-0.0,-0.0,--.--,--.--,--.--,--.--,--.--,--.--,--.--,--.--,--.--,--.--,0.0,0.0,4.2,-0.7,-0.7,0.0,0.00,--.--,--.--,0,0,0.0,0.0,0.0,0,0,0,--.--,--.--,--.--
2025-10-30 11:56:57.844,0.1,0.1,4,-0.0,0.0,-0.0,0.0,0.0,0.000,0.0,-0.1,-22.3,-378.6,-0.036,0.000,0.000,0.000,1386.7,00:07:14,0.0,5.9,6,--.--,0,--.--,--.--,0000:00:00,0,0,0,1,1,15.97,-1.00,0,--.--,87,--.--,--:--:--,1,-15.97,11:56:57,10:56:57,10/30/25,--.--,--.--,--.--,--.--,--.--,--.--,--.--,--.--,--.--,--.--,--.--,--.--,0,--.--,--.--,--.--,--.--,--.--,--.--,--.--,--.--,--.--,--.--,--.--,--.--,--.--,--.--,--.--,--.--,0,0.000,0.000,0.000,0.000,0.000,0.000,0.000,0.000,16.200,16.200,16.200,16.200,true,true,true,true,true,true,true,false,true,true,false,false,0.00,0.00,0.02,0.05,--.--,0.00,0.08,0.08,9223372036854775808,0,--.--,--.--,--.--,--.--,--.--,0,0,0,0,44.5793643,8.9422158,32TMQ 95412 36226,0.0,0.0,0.0,3,15,--.--,--.--,,--.--,--.--,--.--,0,0,--.--,--.--,0,-0.0,-0.0,0.0,-0.0,-0.0,-0.0,--.--,--.--,--.--,--.--,--.--,--.--,--.--,--.--,--.--,--.--,0.0,0.0,4.2,-0.7,-0.7,0.0,0.00,--.--,--.--,0,0,0.0,0.0,0.0,0,0,0,--.--,--.--,--.--
2025-10-30 11:56:58.838,0.1,0.1,4,-0.0,0.0,-0.0,0.0,0.0,0.000,0.0,-0.1,-22.3,-378.6,-0.036,0.000,0.000,0.000,1386.7,00:07:14,0.0,5.9,6,--.--,0,--.--,--.--,0000:00:00,0,0,0,1,1,15.97,-1.00,0,--.--,87,--.--,--:--:--,1,-15.97,11:56:58,10:56:58,10/30/25,--.--,--.--,--.--,--.--,--.--,--.--,--.--,--.--,--.--,--.--,--.--,--.--,0,--.--,--.--,--.--,--.--,--.--,--.--,--.--,--.--,--.--,--.--,--.--,--.--,--.--,--.--,--.--,--.--,0,0.000,0.000,0.000,0.000,0.000,0.000,0.000,0.000,16.200,16.200,16.200,16.200,true,true,true,true,true,true,true,false,true,true,false,false,0.00,0.00,0.02,0.05,--.--,0.00,0.08,0.08,9223372036854775808,0,--.--,--.--,--.--,--.--,--.--,0,0,0,0,44.5793643,8.9422158,32TMQ 95412 36226,0.0,0.0,0.0,3,15,--.--,--.--,,--.--,--.--,--.--,0,0,--.--,--.--,0,-0.0,-0.0,0.0,-0.0,-0.0,-0.0,--.--,--.--,--.--,--.--,--.--,--.--,--.--,--.--,--.--,--.--,0.0,0.0,4.2,-0.7,-0.7,0.0,0.00,--.--,--.--,0,0,0.0,0.0,0.0,0,0,0,--.--,--.--,--.--
2025-10-30 11:56:59.843,0.1,0.1,4,-0.0,0.0,-0.0,0.0,0.0,0.000,0.0,-0.1,-22.3,-378.6,-0.036,0.000,0.000,0.000,1386.7,00:07:14,0.0,5.9,6,--.--,0,--.--,--.--,0000:00:00,0,0,0,1,1,15.97,-1.00,0,--.--,87,--.--,--:--:--,1,-15.97,11:56:59,10:56:59,10/30/25,--.--,--.--,--.--,--.--,--.--,--.--,--.--,--.--,--.--,--.--,--.--,--.--,0,--.--,--.--,--.--,--.--,--.--,--.--,--.--,--.--,--.--,--.--,--.--,--.--,--.--,--.--,--.--,--.--,0,0.000,0.000,0.000,0.000,0.000,0.000,0.000,0.000,16.200,16.200,16.200,16.200,true,true,true,true,true,true,true,false,true,true,false,false,0.00,0.00,0.02,0.05,--.--,0.00,0.08,0.08,9223372036854775808,0,--.--,--.--,--.--,--.--,--.--,0,0,0,0,44.5793643,8.9422158,32TMQ 95412 36226,0.0,0.0,0.0,3,15,--.--,--.--,,--.--,--.--,--.--,0,0,--.--,--.--,0,-0.0,-0.0,0.0,-0.0,-0.0,-0.0,--.--,--.--,--.--,--.--,--.--,--.--,--.--,--.--,--.--,--.--,0.0,0.0,4.2,-0.7,-0.7,0.0,0.00,--.--,--.--,0,0,0.0,0.0,0.0,0,0,0,--.--,--.--,--.--
2025-10-30 11:57:00.851,0.1,0.1,4,-0.0,0.0,-0.0,0.0,0.0,0.000,0.0,-0.1,-22.3,-378.6,-0.036,0.000,0.000,0.000,1386.7,00:07:14,0.0,5.9,6,--.--,0,--.--,--.--,0000:00:00,0,0,0,1,1,15.97,-1.00,0,--.--,87,--.--,--:--:--,1,-15.97,11:57:00,10:57:00,10/30/25,--.--,--.--,--.--,--.--,--.--,--.--,--.--,--.--,--.--,--.--,--.--,--.--,0,--.--,--.--,--.--,--.--,--.--,--.--,--.--,--.--,--.--,--.--,--.--,--.--,--.--,--.--,--.--,--.--,0,0.000,0.000,0.000,0.000,0.000,0.000,0.000,0.000,16.200,16.200,16.200,16.200,true,true,true,true,true,true,true,false,true,true,false,false,0.00,0.00,0.02,0.05,--.--,0.00,0.08,0.08,9223372036854775808,0,--.--,--.--,--.--,--.--,--.--,0,0,0,0,44.5793643,8.9422158,32TMQ 95412 36226,0.0,0.0,0.0,3,15,--.--,--.--,,--.--,--.--,--.--,0,0,--.--,--.--,0,-0.0,-0.0,0.0,-0.0,-0.0,-0.0,--.--,--.--,--.--,--.--,--.--,--.--,--.--,--.--,--.--,--.--,0.0,0.0,4.2,-0.7,-0.7,0.0,0.00,--.--,--.--,0,0,0.0,0.0,0.0,0,0,0,--.--,--.--,--.--
2025-10-30 11:57:01.839,0.1,0.1,4,-0.0,0.0,-0.0,0.0,0.0,0.000,0.0,-0.1,-22.3,-378.6,-0.036,0.000,0.000,0.000,1386.7,00:07:14,0.0,5.9,6,--.--,0,--.--,--.--,0000:00:00,0,0,0,1,1,15.97,-1.00,0,--.--,87,--.--,--:--:--,1,-15.97,11:57:01,10:57:01,10/30/25,--.--,--.--,--.--,--.--,--.--,--.--,--.--,--.--,--.--,--.--,--.--,--.--,0,--.--,--.--,--.--,--.--,--.--,--.--,--.--,--.--,--.--,--.--,--.--,--.--,--.--,--.--,--.--,--.--,0,0.000,0.000,0.000,0.000,0.000,0.000,0.000,0.000,16.200,16.200,16.200,16.200,true,true,true,true,true,true,true,false,true,true,false,false,0.00,0.00,0.02,0.05,--.--,0.00,0.08,0.08,9223372036854775808,0,--.--,--.--,--.--,--.--,--.--,0,0,0,0,44.5793643,8.9422158,32TMQ 95412 36226,0.0,0.0,0.0,3,15,--.--,--.--,,--.--,--.--,--.--,0,0,--.--,--.--,0,-0.0,-0.0,0.0,-0.0,-0.0,-0.0,--.--,--.--,--.--,--.--,--.--,--.--,--.--,--.--,--.--,--.--,0.0,0.0,4.2,-0.7,-0.7,0.0,0.00,--.--,--.--,0,0,0.0,0.0,0.0,0,0,0,--.--,--.--,--.--
2025-10-30 11:57:02.844,0.1,0.1,4,-0.0,0.0,-0.0,0.0,0.0,0.000,0.0,-0.1,-22.3,-378.6,-0.036,0.000,0.000,0.000,1386.7,00:07:14,0.0,5.9,6,--.--,0,--.--,--.--,0000:00:00,0,0,0,1,1,15.97,-1.00,0,--.--,87,--.--,--:--:--,1,-15.97,11:57:02,10:57:02,10/30/25,--.--,--.--,--.--,--.--,--.--,--.--,--.--,--.--,--.--,--.--,--.--,--.--,0,--.--,--.--,--.--,--.--,--.--,--.--,--.--,--.--,--.--,--.--,--.--,--.--,--.--,--.--,--.--,--.--,0,0.000,0.000,0.000,0.000,0.000,0.000,0.000,0.000,16.200,16.200,16.200,16.200,true,true,true,true,true,true,true,false,true,true,false,false,0.00,0.00,0.02,0.05,--.--,0.00,0.08,0.08,9223372036854775808,0,--.--,--.--,--.--,--.--,--.--,0,0,0,0,44.5793643,8.9422158,32TMQ 95412 36226,0.0,0.0,0.0,3,15,--.--,--.--,,--.--,--.--,--.--,0,0,--.--,--.--,0,-0.0,-0.0,0.0,-0.0,-0.0,-0.0,--.--,--.--,--.--,--.--,--.--,--.--,--.--,--.--,--.--,--.--,0.0,0.0,4.2,-0.7,-0.7,0.0,0.00,--.--,--.--,0,0,0.0,0.0,0.0,0,0,0,--.--,--.--,--.--
2025-10-30 11:57:03.838,0.1,0.1,4,-0.0,0.0,-0.0,0.0,0.0,0.000,0.0,-0.1,-22.3,-378.6,-0.036,0.000,0.000,0.000,1386.7,00:07:14,0.0,5.9,6,--.--,0,--.--,--.--,0000:00:00,0,0,0,1,1,15.97,-1.00,0,--.--,87,--.--,--:--:--,1,-15.97,11:57:03,10:57:03,10/30/25,--.--,--.--,--.--,--.--,--.--,--.--,--.--,--.--,--.--,--.--,--.--,--.--,0,--.--,--.--,--.--,--.--,--.--,--.--,--.--,--.--,--.--,--.--,--.--,--.--,--.--,--.--,--.--,--.--,0,0.000,0.000,0.000,0.000,0.000,0.000,0.000,0.000,16.200,16.200,16.200,16.200,true,true,true,true,true,true,true,false,true,true,false,false,0.00,0.00,0.02,0.05,--.--,0.00,0.08,0.08,9223372036854775808,0,--.--,--.--,--.--,--.--,--.--,0,0,0,0,44.5793643,8.9422158,32TMQ 95412 36226,0.0,0.0,0.0,3,15,--.--,--.--,,--.--,--.--,--.--,0,0,--.--,--.--,0,-0.0,-0.0,0.0,-0.0,-0.0,-0.0,--.--,--.--,--.--,--.--,--.--,--.--,--.--,--.--,--.--,--.--,0.0,0.0,4.2,-0.7,-0.7,0.0,0.00,--.--,--.--,0,0,0.0,0.0,0.0,0,0,0,--.--,--.--,--.--
2025-10-30 11:57:04.845,0.1,0.1,4,-0.0,0.0,-0.0,0.0,0.0,0.000,0.0,-0.1,-22.3,-378.6,-0.036,0.000,0.000,0.000,1386.7,00:07:14,0.0,5.9,6,--.--,0,--.--,--.--,0000:00:00,0,0,0,1,1,15.97,-1.00,0,--.--,87,--.--,--:--:--,1,-15.97,11:57:04,10:57:04,10/30/25,--.--,--.--,--.--,--.--,--.--,--.--,--.--,--.--,--.--,--.--,--.--,--.--,0,--.--,--.--,--.--,--.--,--.--,--.--,--.--,--.--,--.--,--.--,--.--,--.--,--.--,--.--,--.--,--.--,0,0.000,0.000,0.000,0.000,0.000,0.000,0.000,0.000,16.200,16.200,16.200,16.200,true,true,true,true,true,true,true,false,true,true,false,false,0.00,0.00,0.02,0.05,--.--,0.00,0.08,0.08,9223372036854775808,0,--.--,--.--,--.--,--.--,--.--,0,0,0,0,44.5793643,8.9422158,32TMQ 95412 36226,0.0,0.0,0.0,3,15,--.--,--.--,,--.--,--.--,--.--,0,0,--.--,--.--,0,-0.0,-0.0,0.0,-0.0,-0.0,-0.0,--.--,--.--,--.--,--.--,--.--,--.--,--.--,--.--,--.--,--.--,0.0,0.0,4.2,-0.7,-0.7,0.0,0.00,--.--,--.--,0,0,0.0,0.0,0.0,0,0,0,--.--,--.--,--.--
2025-10-30 11:57:05.843,0.1,0.1,4,-0.0,0.0,-0.0,0.0,0.0,0.000,0.0,-0.1,-22.3,-378.6,-0.036,0.000,0.000,0.000,1386.7,00:07:14,0.0,5.9,6,--.--,0,--.--,--.--,0000:00:00,0,0,0,1,1,15.97,-1.00,0,--.--,87,--.--,--:--:--,1,-15.97,11:57:05,10:57:05,10/30/25,--.--,--.--,--.--,--.--,--.--,--.--,--.--,--.--,--.--,--.--,--.--,--.--,0,--.--,--.--,--.--,--.--,--.--,--.--,--.--,--.--,--.--,--.--,--.--,--.--,--.--,--.--,--.--,--.--,0,0.000,0.000,0.000,0.000,0.000,0.000,0.000,0.000,16.200,16.200,16.200,16.200,true,true,true,true,true,true,true,false,true,true,false,false,0.00,0.00,0.02,0.05,--.--,0.00,0.08,0.08,9223372036854775808,0,--.--,--.--,--.--,--.--,--.--,0,0,0,0,44.5793643,8.9422158,32TMQ 95412 36226,0.0,0.0,0.0,3,15,--.--,--.--,,--.--,--.--,--.--,0,0,--.--,--.--,0,-0.0,-0.0,0.0,-0.0,-0.0,-0.0,--.--,--.--,--.--,--.--,--.--,--.--,--.--,--.--,--.--,--.--,0.0,0.0,4.2,-0.7,-0.7,0.0,0.00,--.--,--.--,0,0,0.0,0.0,0.0,0,0,0,--.--,--.--,--.--
2025-10-30 11:57:06.838,0.1,0.1,4,-0.0,0.0,-0.0,0.0,0.0,0.000,0.0,-0.1,-22.3,-378.6,-0.036,0.000,0.000,0.000,1386.7,00:07:14,0.0,5.9,6,--.--,0,--.--,--.--,0000:00:00,0,0,0,1,1,15.97,-1.00,0,--.--,87,--.--,--:--:--,1,-15.97,11:57:06,10:57:06,10/30/25,--.--,--.--,--.--,--.--,--.--,--.--,--.--,--.--,--.--,--.--,--.--,--.--,0,--.--,--.--,--.--,--.--,--.--,--.--,--.--,--.--,--.--,--.--,--.--,--.--,--.--,--.--,--.--,--.--,0,0.000,0.000,0.000,0.000,0.000,0.000,0.000,0.000,16.200,16.200,16.200,16.200,true,true,true,true,true,true,true,false,true,true,false,false,0.00,0.00,0.02,0.05,--.--,0.00,0.08,0.08,9223372036854775808,0,--.--,--.--,--.--,--.--,--.--,0,0,0,0,44.5793643,8.9422158,32TMQ 95412 36226,0.0,0.0,0.0,3,15,--.--,--.--,,--.--,--.--,--.--,0,0,--.--,--.--,0,-0.0,-0.0,0.0,-0.0,-0.0,-0.0,--.--,--.--,--.--,--.--,--.--,--.--,--.--,--.--,--.--,--.--,0.0,0.0,4.2,-0.7,-0.7,0.0,0.00,--.--,--.--,0,0,0.0,0.0,0.0,0,0,0,--.--,--.--,--.--
2025-10-30 11:57:07.839,0.1,0.1,4,-0.0,0.0,-0.0,0.0,0.0,0.000,0.0,-0.1,-22.3,-378.6,-0.036,0.000,0.000,0.000,1386.7,00:07:14,0.0,5.9,6,--.--,0,--.--,--.--,0000:00:00,0,0,0,1,1,15.97,-1.00,0,--.--,87,--.--,--:--:--,1,-15.97,11:57:07,10:57:07,10/30/25,--.--,--.--,--.--,--.--,--.--,--.--,--.--,--.--,--.--,--.--,--.--,--.--,0,--.--,--.--,--.--,--.--,--.--,--.--,--.--,--.--,--.--,--.--,--.--,--.--,--.--,--.--,--.--,--.--,0,0.000,0.000,0.000,0.000,0.000,0.000,0.000,0.000,16.200,16.200,16.200,16.200,true,true,true,true,true,true,true,false,true,true,false,false,0.00,0.00,0.02,0.05,--.--,0.00,0.08,0.08,9223372036854775808,0,--.--,--.--,--.--,--.--,--.--,0,0,0,0,44.5793643,8.9422158,32TMQ 95412 36226,0.0,0.0,0.0,3,15,--.--,--.--,,--.--,--.--,--.--,0,0,--.--,--.--,0,-0.0,-0.0,0.0,-0.0,-0.0,-0.0,--.--,--.--,--.--,--.--,--.--,--.--,--.--,--.--,--.--,--.--,0.0,0.0,4.2,-0.7,-0.7,0.0,0.00,--.--,--.--,0,0,0.0,0.0,0.0,0,0,0,--.--,--.--,--.--
2025-10-30 11:57:08.843,0.1,0.1,4,-0.0,0.0,-0.0,0.0,0.0,0.000,0.0,-0.1,-22.3,-378.6,-0.036,0.000,0.000,0.000,1386.7,00:07:14,0.0,5.9,6,--.--,0,--.--,--.--,0000:00:00,0,0,0,1,1,15.97,-1.00,0,--.--,87,--.--,--:--:--,1,-15.97,11:57:08,10:57:08,10/30/25,--.--,--.--,--.--,--.--,--.--,--.--,--.--,--.--,--.--,--.--,--.--,--.--,0,--.--,--.--,--.--,--.--,--.--,--.--,--.--,--.--,--.--,--.--,--.--,--.--,--.--,--.--,--.--,--.--,0,0.000,0.000,0.000,0.000,0.000,0.000,0.000,0.000,16.200,16.200,16.200,16.200,true,true,true,true,true,true,true,false,true,true,false,false,0.00,0.00,0.02,0.05,--.--,0.00,0.08,0.08,9223372036854775808,0,--.--,--.--,--.--,--.--,--.--,0,0,0,0,44.5793643,8.9422158,32TMQ 95412 36226,0.0,0.0,0.0,3,15,--.--,--.--,,--.--,--.--,--.--,0,0,--.--,--.--,0,-0.0,-0.0,0.0,-0.0,-0.0,-0.0,--.--,--.--,--.--,--.--,--.--,--.--,--.--,--.--,--.--,--.--,0.0,0.0,4.2,-0.7,-0.7,0.0,0.00,--.--,--.--,0,0,0.0,0.0,0.0,0,0,0,--.--,--.--,--.--
2025-10-30 11:57:09.844,0.1,0.1,4,-0.0,0.0,-0.0,0.0,0.0,0.000,0.0,-0.1,-22.3,-378.6,-0.036,0.000,0.000,0.000,1386.7,00:07:14,0.0,5.9,6,--.--,0,--.--,--.--,0000:00:00,0,0,0,1,1,15.97,-1.00,0,--.--,87,--.--,--:--:--,1,-15.97,11:57:09,10:57:09,10/30/25,--.--,--.--,--.--,--.--,--.--,--.--,--.--,--.--,--.--,--.--,--.--,--.--,0,--.--,--.--,--.--,--.--,--.--,--.--,--.--,--.--,--.--,--.--,--.--,--.--,--.--,--.--,--.--,--.--,0,0.000,0.000,0.000,0.000,0.000,0.000,0.000,0.000,16.200,16.200,16.200,16.200,true,true,true,true,true,true,true,false,true,true,false,false,0.00,0.00,0.02,0.05,--.--,0.00,0.08,0.08,9223372036854775808,0,--.--,--.--,--.--,--.--,--.--,0,0,0,0,44.5793643,8.9422158,32TMQ 95412 36226,0.0,0.0,0.0,3,15,--.--,--.--,,--.--,--.--,--.--,0,0,--.--,--.--,0,-0.0,-0.0,0.0,-0.0,-0.0,-0.0,--.--,--.--,--.--,--.--,--.--,--.--,--.--,--.--,--.--,--.--,0.0,0.0,4.2,-0.7,-0.7,0.0,0.00,--.--,--.--,0,0,0.0,0.0,0.0,0,0,0,--.--,--.--,--.--
2025-10-30 11:57:10.844,0.1,0.1,4,-0.0,0.0,-0.0,0.0,0.0,0.000,0.0,-0.1,-22.3,-378.6,-0.036,0.000,0.000,0.000,1386.7,00:07:14,0.0,5.9,6,--.--,0,--.--,--.--,0000:00:00,0,0,0,1,1,15.97,-1.00,0,--.--,87,--.--,--:--:--,1,-15.97,11:57:10,10:57:10,10/30/25,--.--,--.--,--.--,--.--,--.--,--.--,--.--,--.--,--.--,--.--,--.--,--.--,0,--.--,--.--,--.--,--.--,--.--,--.--,--.--,--.--,--.--,--.--,--.--,--.--,--.--,--.--,--.--,--.--,0,0.000,0.000,0.000,0.000,0.000,0.000,0.000,0.000,16.200,16.200,16.200,16.200,true,true,true,true,true,true,true,false,true,true,false,false,0.00,0.00,0.02,0.05,--.--,0.00,0.08,0.08,9223372036854775808,0,--.--,--.--,--.--,--.--,--.--,0,0,0,0,44.5793643,8.9422158,32TMQ 95412 36226,0.0,0.0,0.0,3,15,--.--,--.--,,--.--,--.--,--.--,0,0,--.--,--.--,0,-0.0,-0.0,0.0,-0.0,-0.0,-0.0,--.--,--.--,--.--,--.--,--.--,--.--,--.--,--.--,--.--,--.--,0.0,0.0,4.2,-0.7,-0.7,0.0,0.00,--.--,--.--,0,0,0.0,0.0,0.0,0,0,0,--.--,--.--,--.--
2025-10-30 11:57:11.839,0.1,0.1,4,-0.0,0.0,-0.0,0.0,0.0,0.000,0.0,-0.1,-22.3,-378.6,-0.036,0.000,0.000,0.000,1386.7,00:07:14,0.0,5.9,6,--.--,0,--.--,--.--,0000:00:00,0,0,0,1,1,15.97,-1.00,0,--.--,87,--.--,--:--:--,1,-15.97,11:57:11,10:57:11,10/30/25,--.--,--.--,--.--,--.--,--.--,--.--,--.--,--.--,--.--,--.--,--.--,--.--,0,--.--,--.--,--.--,--.--,--.--,--.--,--.--,--.--,--.--,--.--,--.--,--.--,--.--,--.--,--.--,--.--,0,0.000,0.000,0.000,0.000,0.000,0.000,0.000,0.000,16.200,16.200,16.200,16.200,true,true,true,true,true,true,true,false,true,true,false,false,0.00,0.00,0.02,0.05,--.--,0.00,0.08,0.08,9223372036854775808,0,--.--,--.--,--.--,--.--,--.--,0,0,0,0,44.5793643,8.9422158,32TMQ 95412 36226,0.0,0.0,0.0,3,15,--.--,--.--,,--.--,--.--,--.--,0,0,--.--,--.--,0,-0.0,-0.0,0.0,-0.0,-0.0,-0.0,--.--,--.--,--.--,--.--,--.--,--.--,--.--,--.--,--.--,--.--,0.0,0.0,4.2,-0.7,-0.7,0.0,0.00,--.--,--.--,0,0,0.0,0.0,0.0,0,0,0,--.--,--.--,--.--
2025-10-30 11:57:12.844,0.1,0.1,4,-0.0,0.0,-0.0,0.0,0.0,0.000,0.0,-0.1,-22.3,-378.6,-0.036,0.000,0.000,0.000,1386.7,00:07:14,0.0,5.9,6,--.--,0,--.--,--.--,0000:00:00,0,0,0,1,1,15.97,-1.00,0,--.--,87,--.--,--:--:--,1,-15.97,11:57:12,10:57:12,10/30/25,--.--,--.--,--.--,--.--,--.--,--.--,--.--,--.--,--.--,--.--,--.--,--.--,0,--.--,--.--,--.--,--.--,--.--,--.--,--.--,--.--,--.--,--.--,--.--,--.--,--.--,--.--,--.--,--.--,0,0.000,0.000,0.000,0.000,0.000,0.000,0.000,0.000,16.200,16.200,16.200,16.200,true,true,true,true,true,true,true,false,true,true,false,false,0.00,0.00,0.02,0.05,--.--,0.00,0.08,0.08,9223372036854775808,0,--.--,--.--,--.--,--.--,--.--,0,0,0,0,44.5793643,8.9422158,32TMQ 95412 36226,0.0,0.0,0.0,3,15,--.--,--.--,,--.--,--.--,--.--,0,0,--.--,--.--,0,-0.0,-0.0,0.0,-0.0,-0.0,-0.0,--.--,--.--,--.--,--.--,--.--,--.--,--.--,--.--,--.--,--.--,0.0,0.0,4.2,-0.7,-0.7,0.0,0.00,--.--,--.--,0,0,0.0,0.0,0.0,0,0,0,--.--,--.--,--.--
2025-10-30 11:57:13.842,0.1,0.1,4,-0.0,0.0,-0.0,0.0,0.0,0.000,0.0,-0.1,-22.3,-378.6,-0.036,0.000,0.000,0.000,1386.7,00:07:14,0.0,5.9,6,--.--,0,--.--,--.--,0000:00:00,0,0,0,1,1,15.97,-1.00,0,--.--,87,--.--,--:--:--,1,-15.97,11:57:13,10:57:13,10/30/25,--.--,--.--,--.--,--.--,--.--,--.--,--.--,--.--,--.--,--.--,--.--,--.--,0,--.--,--.--,--.--,--.--,--.--,--.--,--.--,--.--,--.--,--.--,--.--,--.--,--.--,--.--,--.--,--.--,0,0.000,0.000,0.000,0.000,0.000,0.000,0.000,0.000,16.200,16.200,16.200,16.200,true,true,true,true,true,true,true,false,true,true,false,false,0.00,0.00,0.02,0.05,--.--,0.00,0.08,0.08,9223372036854775808,0,--.--,--.--,--.--,--.--,--.--,0,0,0,0,44.5793643,8.9422158,32TMQ 95412 36226,0.0,0.0,0.0,3,15,--.--,--.--,,--.--,--.--,--.--,0,0,--.--,--.--,0,-0.0,-0.0,0.0,-0.0,-0.0,-0.0,--.--,--.--,--.--,--.--,--.--,--.--,--.--,--.--,--.--,--.--,0.0,0.0,4.2,-0.7,-0.7,0.0,0.00,--.--,--.--,0,0,0.0,0.0,0.0,0,0,0,--.--,--.--,--.--
2025-10-30 11:57:14.844,0.1,0.1,4,-0.0,0.0,-0.0,0.0,0.0,0.000,0.0,-0.1,-22.3,-378.6,-0.036,0.000,0.000,0.000,1386.7,00:07:14,0.0,5.9,6,--.--,0,--.--,--.--,0000:00:00,0,0,0,1,1,15.97,-1.00,0,--.--,87,--.--,--:--:--,1,-15.97,11:57:14,10:57:14,10/30/25,--.--,--.--,--.--,--.--,--.--,--.--,--.--,--.--,--.--,--.--,--.--,--.--,0,--.--,--.--,--.--,--.--,--.--,--.--,--.--,--.--,--.--,--.--,--.--,--.--,--.--,--.--,--.--,--.--,0,0.000,0.000,0.000,0.000,0.000,0.000,0.000,0.000,16.200,16.200,16.200,16.200,true,true,true,true,true,true,true,false,true,true,false,false,0.00,0.00,0.02,0.05,--.--,0.00,0.08,0.08,9223372036854775808,0,--.--,--.--,--.--,--.--,--.--,0,0,0,0,44.5793643,8.9422158,32TMQ 95412 36226,0.0,0.0,0.0,3,15,--.--,--.--,,--.--,--.--,--.--,0,0,--.--,--.--,0,-0.0,-0.0,0.0,-0.0,-0.0,-0.0,--.--,--.--,--.--,--.--,--.--,--.--,--.--,--.--,--.--,--.--,0.0,0.0,4.2,-0.7,-0.7,0.0,0.00,--.--,--.--,0,0,0.0,0.0,0.0,0,0,0,--.--,--.--,--.--
2025-10-30 11:57:15.845,0.1,0.1,4,-0.0,0.0,-0.0,0.0,0.0,0.000,0.0,-0.1,-22.3,-378.6,-0.036,0.000,0.000,0.000,1386.7,00:07:14,0.0,5.9,6,--.--,0,--.--,--.--,0000:00:00,0,0,0,1,1,15.97,-1.00,0,--.--,87,--.--,--:--:--,1,-15.97,11:57:15,10:57:15,10/30/25,--.--,--.--,--.--,--.--,--.--,--.--,--.--,--.--,--.--,--.--,--.--,--.--,0,--.--,--.--,--.--,--.--,--.--,--.--,--.--,--.--,--.--,--.--,--.--,--.--,--.--,--.--,--.--,--.--,0,0.000,0.000,0.000,0.000,0.000,0.000,0.000,0.000,16.200,16.200,16.200,16.200,true,true,true,true,true,true,true,false,true,true,false,false,0.00,0.00,0.02,0.05,--.--,0.00,0.08,0.08,9223372036854775808,0,--.--,--.--,--.--,--.--,--.--,0,0,0,0,44.5793643,8.9422158,32TMQ 95412 36226,0.0,0.0,0.0,3,15,--.--,--.--,,--.--,--.--,--.--,0,0,--.--,--.--,0,-0.0,-0.0,0.0,-0.0,-0.0,-0.0,--.--,--.--,--.--,--.--,--.--,--.--,--.--,--.--,--.--,--.--,0.0,0.0,4.2,-0.7,-0.7,0.0,0.00,--.--,--.--,0,0,0.0,0.0,0.0,0,0,0,--.--,--.--,--.--
2025-10-30 11:57:16.844,0.1,0.1,4,-0.0,0.0,-0.0,0.0,0.0,0.000,0.0,-0.1,-22.3,-378.6,-0.036,0.000,0.000,0.000,1386.7,00:07:14,0.0,5.9,6,--.--,0,--.--,--.--,0000:00:00,0,0,0,1,1,15.97,-1.00,0,--.--,87,--.--,--:--:--,1,-15.97,11:57:16,10:57:16,10/30/25,--.--,--.--,--.--,--.--,--.--,--.--,--.--,--.--,--.--,--.--,--.--,--.--,0,--.--,--.--,--.--,--.--,--.--,--.--,--.--,--.--,--.--,--.--,--.--,--.--,--.--,--.--,--.--,--.--,0,0.000,0.000,0.000,0.000,0.000,0.000,0.000,0.000,16.200,16.200,16.200,16.200,true,true,true,true,true,true,true,false,true,true,false,false,0.00,0.00,0.02,0.05,--.--,0.00,0.08,0.08,9223372036854775808,0,--.--,--.--,--.--,--.--,--.--,0,0,0,0,44.5793643,8.9422158,32TMQ 95412 36226,0.0,0.0,0.0,3,15,--.--,--.--,,--.--,--.--,--.--,0,0,--.--,--.--,0,-0.0,-0.0,0.0,-0.0,-0.0,-0.0,--.--,--.--,--.--,--.--,--.--,--.--,--.--,--.--,--.--,--.--,0.0,0.0,4.2,-0.7,-0.7,0.0,0.00,--.--,--.--,0,0,0.0,0.0,0.0,0,0,0,--.--,--.--,--.--
2025-10-30 11:57:17.844,0.1,0.1,4,-0.0,0.0,-0.0,0.0,0.0,0.000,0.0,-0.1,-22.3,-378.6,-0.036,0.000,0.000,0.000,1386.7,00:07:14,0.0,5.9,6,--.--,0,--.--,--.--,0000:00:00,0,0,0,1,1,15.97,-1.00,0,--.--,87,--.--,--:--:--,1,-15.97,11:57:17,10:57:17,10/30/25,--.--,--.--,--.--,--.--,--.--,--.--,--.--,--.--,--.--,--.--,--.--,--.--,0,--.--,--.--,--.--,--.--,--.--,--.--,--.--,--.--,--.--,--.--,--.--,--.--,--.--,--.--,--.--,--.--,0,0.000,0.000,0.000,0.000,0.000,0.000,0.000,0.000,16.200,16.200,16.200,16.200,true,true,true,true,true,true,true,false,true,true,false,false,0.00,0.00,0.02,0.05,--.--,0.00,0.08,0.08,9223372036854775808,0,--.--,--.--,--.--,--.--,--.--,0,0,0,0,44.5793643,8.9422158,32TMQ 95412 36226,0.0,0.0,0.0,3,15,--.--,--.--,,--.--,--.--,--.--,0,0,--.--,--.--,0,-0.0,-0.0,0.0,-0.0,-0.0,-0.0,--.--,--.--,--.--,--.--,--.--,--.--,--.--,--.--,--.--,--.--,0.0,0.0,4.2,-0.7,-0.7,0.0,0.00,--.--,--.--,0,0,0.0,0.0,0.0,0,0,0,--.--,--.--,--.--
2025-10-30 11:57:18.844,0.1,0.1,4,-0.0,0.0,-0.0,0.0,0.0,0.000,0.0,-0.1,-22.3,-378.6,-0.036,0.000,0.000,0.000,1386.7,00:07:14,0.0,5.9,6,--.--,0,--.--,--.--,0000:00:00,0,0,0,1,1,15.97,-1.00,0,--.--,87,--.--,--:--:--,1,-15.97,11:57:18,10:57:18,10/30/25,--.--,--.--,--.--,--.--,--.--,--.--,--.--,--.--,--.--,--.--,--.--,--.--,0,--.--,--.--,--.--,--.--,--.--,--.--,--.--,--.--,--.--,--.--,--.--,--.--,--.--,--.--,--.--,--.--,0,0.000,0.000,0.000,0.000,0.000,0.000,0.000,0.000,16.200,16.200,16.200,16.200,true,true,true,true,true,true,true,false,true,true,false,false,0.00,0.00,0.02,0.05,--.--,0.00,0.08,0.08,9223372036854775808,0,--.--,--.--,--.--,--.--,--.--,0,0,0,0,44.5793643,8.9422158,32TMQ 95412 36226,0.0,0.0,0.0,3,15,--.--,--.--,,--.--,--.--,--.--,0,0,--.--,--.--,0,-0.0,-0.0,0.0,-0.0,-0.0,-0.0,--.--,--.--,--.--,--.--,--.--,--.--,--.--,--.--,--.--,--.--,0.0,0.0,4.2,-0.7,-0.7,0.0,0.00,--.--,--.--,0,0,0.0,0.0,0.0,0,0,0,--.--,--.--,--.--
2025-10-30 11:57:19.844,0.1,0.1,4,-0.0,0.0,-0.0,0.0,0.0,0.000,0.0,-0.1,-22.3,-378.6,-0.036,0.000,0.000,0.000,1386.7,00:07:14,0.0,5.9,6,--.--,0,--.--,--.--,0000:00:00,0,0,0,1,1,15.97,-1.00,0,--.--,87,--.--,--:--:--,1,-15.97,11:57:19,10:57:19,10/30/25,--.--,--.--,--.--,--.--,--.--,--.--,--.--,--.--,--.--,--.--,--.--,--.--,0,--.--,--.--,--.--,--.--,--.--,--.--,--.--,--.--,--.--,--.--,--.--,--.--,--.--,--.--,--.--,--.--,0,0.000,0.000,0.000,0.000,0.000,0.000,0.000,0.000,16.200,16.200,16.200,16.200,true,true,true,true,true,true,true,false,true,true,false,false,0.00,0.00,0.02,0.05,--.--,0.00,0.08,0.08,9223372036854775808,0,--.--,--.--,--.--,--.--,--.--,0,0,0,0,44.5793643,8.9422158,32TMQ 95412 36226,0.0,0.0,0.0,3,15,--.--,--.--,,--.--,--.--,--.--,0,0,--.--,--.--,0,-0.0,-0.0,0.0,-0.0,-0.0,-0.0,--.--,--.--,--.--,--.--,--.--,--.--,--.--,--.--,--.--,--.--,0.0,0.0,4.2,-0.7,-0.7,0.0,0.00,--.--,--.--,0,0,0.0,0.0,0.0,0,0,0,--.--,--.--,--.--
2025-10-30 11:57:20.844,0.1,0.1,4,-0.0,0.0,-0.0,0.0,0.0,0.000,0.0,-0.1,-22.3,-378.6,-0.036,0.000,0.000,0.000,1386.7,00:07:14,0.0,5.9,6,--.--,0,--.--,--.--,0000:00:00,0,0,0,1,1,15.97,-1.00,0,--.--,87,--.--,--:--:--,1,-15.97,11:57:20,10:57:20,10/30/25,--.--,--.--,--.--,--.--,--.--,--.--,--.--,--.--,--.--,--.--,--.--,--.--,0,--.--,--.--,--.--,--.--,--.--,--.--,--.--,--.--,--.--,--.--,--.--,--.--,--.--,--.--,--.--,--.--,0,0.000,0.000,0.000,0.000,0.000,0.000,0.000,0.000,16.200,16.200,16.200,16.200,true,true,true,true,true,true,true,false,true,true,false,false,0.00,0.00,0.02,0.05,--.--,0.00,0.08,0.08,9223372036854775808,0,--.--,--.--,--.--,--.--,--.--,0,0,0,0,44.5793643,8.9422158,32TMQ 95412 36226,0.0,0.0,0.0,3,15,--.--,--.--,,--.--,--.--,--.--,0,0,--.--,--.--,0,-0.0,-0.0,0.0,-0.0,-0.0,-0.0,--.--,--.--,--.--,--.--,--.--,--.--,--.--,--.--,--.--,--.--,0.0,0.0,4.2,-0.7,-0.7,0.0,0.00,--.--,--.--,0,0,0.0,0.0,0.0,0,0,0,--.--,--.--,--.--
2025-10-30 11:57:21.838,0.1,0.1,4,-0.0,0.0,-0.0,0.0,0.0,0.000,0.0,-0.1,-22.3,-378.6,-0.036,0.000,0.000,0.000,1386.7,00:07:14,0.0,5.9,6,--.--,0,--.--,--.--,0000:00:00,0,0,0,1,1,15.97,-1.00,0,--.--,87,--.--,--:--:--,1,-15.97,11:57:21,10:57:21,10/30/25,--.--,--.--,--.--,--.--,--.--,--.--,--.--,--.--,--.--,--.--,--.--,--.--,0,--.--,--.--,--.--,--.--,--.--,--.--,--.--,--.--,--.--,--.--,--.--,--.--,--.--,--.--,--.--,--.--,0,0.000,0.000,0.000,0.000,0.000,0.000,0.000,0.000,16.200,16.200,16.200,16.200,true,true,true,true,true,true,true,false,true,true,false,false,0.00,0.00,0.02,0.05,--.--,0.00,0.08,0.08,9223372036854775808,0,--.--,--.--,--.--,--.--,--.--,0,0,0,0,44.5793643,8.9422158,32TMQ 95412 36226,0.0,0.0,0.0,3,15,--.--,--.--,,--.--,--.--,--.--,0,0,--.--,--.--,0,-0.0,-0.0,0.0,-0.0,-0.0,-0.0,--.--,--.--,--.--,--.--,--.--,--.--,--.--,--.--,--.--,--.--,0.0,0.0,4.2,-0.7,-0.7,0.0,0.00,--.--,--.--,0,0,0.0,0.0,0.0,0,0,0,--.--,--.--,--.--
2025-10-30 11:57:22.844,0.1,0.1,4,-0.0,0.0,-0.0,0.0,0.0,0.000,0.0,-0.1,-22.3,-378.6,-0.036,0.000,0.000,0.000,1386.7,00:07:14,0.0,5.9,6,--.--,0,--.--,--.--,0000:00:00,0,0,0,1,1,15.97,-1.00,0,--.--,87,--.--,--:--:--,1,-15.97,11:57:22,10:57:22,10/30/25,--.--,--.--,--.--,--.--,--.--,--.--,--.--,--.--,--.--,--.--,--.--,--.--,0,--.--,--.--,--.--,--.--,--.--,--.--,--.--,--.--,--.--,--.--,--.--,--.--,--.--,--.--,--.--,--.--,0,0.000,0.000,0.000,0.000,0.000,0.000,0.000,0.000,16.200,16.200,16.200,16.200,true,true,true,true,true,true,true,false,true,true,false,false,0.00,0.00,0.02,0.05,--.--,0.00,0.08,0.08,9223372036854775808,0,--.--,--.--,--.--,--.--,--.--,0,0,0,0,44.5793643,8.9422158,32TMQ 95412 36226,0.0,0.0,0.0,3,15,--.--,--.--,,--.--,--.--,--.--,0,0,--.--,--.--,0,-0.0,-0.0,0.0,-0.0,-0.0,-0.0,--.--,--.--,--.--,--.--,--.--,--.--,--.--,--.--,--.--,--.--,0.0,0.0,4.2,-0.7,-0.7,0.0,0.00,--.--,--.--,0,0,0.0,0.0,0.0,0,0,0,--.--,--.--,--.--
2025-10-30 11:57:23.841,0.1,0.1,4,-0.0,0.0,-0.0,0.0,0.0,0.000,0.0,-0.1,-22.3,-378.6,-0.036,0.000,0.000,0.000,1386.7,00:07:14,0.0,5.9,6,--.--,0,--.--,--.--,0000:00:00,0,0,0,1,1,15.97,-1.00,0,--.--,87,--.--,--:--:--,1,-15.97,11:57:23,10:57:23,10/30/25,--.--,--.--,--.--,--.--,--.--,--.--,--.--,--.--,--.--,--.--,--.--,--.--,0,--.--,--.--,--.--,--.--,--.--,--.--,--.--,--.--,--.--,--.--,--.--,--.--,--.--,--.--,--.--,--.--,0,0.000,0.000,0.000,0.000,0.000,0.000,0.000,0.000,16.200,16.200,16.200,16.200,true,true,true,true,true,true,true,false,true,true,false,false,0.00,0.00,0.02,0.05,--.--,0.00,0.08,0.08,9223372036854775808,0,--.--,--.--,--.--,--.--,--.--,0,0,0,0,44.5793643,8.9422158,32TMQ 95412 36226,0.0,0.0,0.0,3,15,--.--,--.--,,--.--,--.--,--.--,0,0,--.--,--.--,0,-0.0,-0.0,0.0,-0.0,-0.0,-0.0,--.--,--.--,--.--,--.--,--.--,--.--,--.--,--.--,--.--,--.--,0.0,0.0,4.2,-0.7,-0.7,0.0,0.00,--.--,--.--,0,0,0.0,0.0,0.0,0,0,0,--.--,--.--,--.--
2025-10-30 11:57:24.845,0.1,0.1,4,-0.0,0.0,-0.0,0.0,0.0,0.000,0.0,-0.1,-22.3,-378.6,-0.036,0.000,0.000,0.000,1386.7,00:07:14,0.0,5.9,6,--.--,0,--.--,--.--,0000:00:00,0,0,0,1,1,15.97,-1.00,0,--.--,87,--.--,--:--:--,1,-15.97,11:57:24,10:57:24,10/30/25,--.--,--.--,--.--,--.--,--.--,--.--,--.--,--.--,--.--,--.--,--.--,--.--,0,--.--,--.--,--.--,--.--,--.--,--.--,--.--,--.--,--.--,--.--,--.--,--.--,--.--,--.--,--.--,--.--,0,0.000,0.000,0.000,0.000,0.000,0.000,0.000,0.000,16.200,16.200,16.200,16.200,true,true,true,true,true,true,true,false,true,true,false,false,0.00,0.00,0.02,0.05,--.--,0.00,0.08,0.08,9223372036854775808,0,--.--,--.--,--.--,--.--,--.--,0,0,0,0,44.5793643,8.9422158,32TMQ 95412 36226,0.0,0.0,0.0,3,15,--.--,--.--,,--.--,--.--,--.--,0,0,--.--,--.--,0,-0.0,-0.0,0.0,-0.0,-0.0,-0.0,--.--,--.--,--.--,--.--,--.--,--.--,--.--,--.--,--.--,--.--,0.0,0.0,4.2,-0.7,-0.7,0.0,0.00,--.--,--.--,0,0,0.0,0.0,0.0,0,0,0,--.--,--.--,--.--
2025-10-30 11:57:25.838,0.1,0.1,4,-0.0,0.0,-0.0,0.0,0.0,0.000,0.0,-0.1,-22.3,-378.6,-0.036,0.000,0.000,0.000,1386.7,00:07:14,0.0,5.9,6,--.--,0,--.--,--.--,0000:00:00,0,0,0,1,1,15.97,-1.00,0,--.--,87,--.--,--:--:--,1,-15.97,11:57:25,10:57:25,10/30/25,--.--,--.--,--.--,--.--,--.--,--.--,--.--,--.--,--.--,--.--,--.--,--.--,0,--.--,--.--,--.--,--.--,--.--,--.--,--.--,--.--,--.--,--.--,--.--,--.--,--.--,--.--,--.--,--.--,0,0.000,0.000,0.000,0.000,0.000,0.000,0.000,0.000,16.200,16.200,16.200,16.200,true,true,true,true,true,true,true,false,true,true,false,false,0.00,0.00,0.02,0.05,--.--,0.00,0.08,0.08,9223372036854775808,0,--.--,--.--,--.--,--.--,--.--,0,0,0,0,44.5793643,8.9422158,32TMQ 95412 36226,0.0,0.0,0.0,3,15,--.--,--.--,,--.--,--.--,--.--,0,0,--.--,--.--,0,-0.0,-0.0,0.0,-0.0,-0.0,-0.0,--.--,--.--,--.--,--.--,--.--,--.--,--.--,--.--,--.--,--.--,0.0,0.0,4.2,-0.7,-0.7,0.0,0.00,--.--,--.--,0,0,0.0,0.0,0.0,0,0,0,--.--,--.--,--.--
2025-10-30 11:57:26.844,0.1,0.1,4,-0.0,0.0,-0.0,0.0,0.0,0.000,0.0,-0.1,-22.3,-378.6,-0.036,0.000,0.000,0.000,1386.7,00:07:14,0.0,5.9,6,--.--,0,--.--,--.--,0000:00:00,0,0,0,1,1,15.97,-1.00,0,--.--,87,--.--,--:--:--,1,-15.97,11:57:26,10:57:26,10/30/25,--.--,--.--,--.--,--.--,--.--,--.--,--.--,--.--,--.--,--.--,--.--,--.--,0,--.--,--.--,--.--,--.--,--.--,--.--,--.--,--.--,--.--,--.--,--.--,--.--,--.--,--.--,--.--,--.--,0,0.000,0.000,0.000,0.000,0.000,0.000,0.000,0.000,16.200,16.200,16.200,16.200,true,true,true,true,true,true,true,false,true,true,false,false,0.00,0.00,0.02,0.05,--.--,0.00,0.08,0.08,9223372036854775808,0,--.--,--.--,--.--,--.--,--.--,0,0,0,0,44.5793643,8.9422158,32TMQ 95412 36226,0.0,0.0,0.0,3,15,--.--,--.--,,--.--,--.--,--.--,0,0,--.--,--.--,0,-0.0,-0.0,0.0,-0.0,-0.0,-0.0,--.--,--.--,--.--,--.--,--.--,--.--,--.--,--.--,--.--,--.--,0.0,0.0,4.2,-0.7,-0.7,0.0,0.00,--.--,--.--,0,0,0.0,0.0,0.0,0,0,0,--.--,--.--,--.--
2025-10-30 11:57:27.840,0.1,0.1,4,-0.0,0.0,-0.0,0.0,0.0,0.000,0.0,-0.1,-22.3,-378.6,-0.036,0.000,0.000,0.000,1386.7,00:07:14,0.0,5.9,6,--.--,0,--.--,--.--,0000:00:00,0,0,0,1,1,15.97,-1.00,0,--.--,87,--.--,--:--:--,1,-15.97,11:57:27,10:57:27,10/30/25,--.--,--.--,--.--,--.--,--.--,--.--,--.--,--.--,--.--,--.--,--.--,--.--,0,--.--,--.--,--.--,--.--,--.--,--.--,--.--,--.--,--.--,--.--,--.--,--.--,--.--,--.--,--.--,--.--,0,0.000,0.000,0.000,0.000,0.000,0.000,0.000,0.000,16.200,16.200,16.200,16.200,true,true,true,true,true,true,true,false,true,true,false,false,0.00,0.00,0.02,0.05,--.--,0.00,0.08,0.08,9223372036854775808,0,--.--,--.--,--.--,--.--,--.--,0,0,0,0,44.5793643,8.9422158,32TMQ 95412 36226,0.0,0.0,0.0,3,15,--.--,--.--,,--.--,--.--,--.--,0,0,--.--,--.--,0,-0.0,-0.0,0.0,-0.0,-0.0,-0.0,--.--,--.--,--.--,--.--,--.--,--.--,--.--,--.--,--.--,--.--,0.0,0.0,4.2,-0.7,-0.7,0.0,0.00,--.--,--.--,0,0,0.0,0.0,0.0,0,0,0,--.--,--.--,--.--
2025-10-30 11:57:28.841,0.1,0.1,4,-0.0,0.0,-0.0,0.0,0.0,0.000,0.0,-0.1,-22.3,-378.6,-0.036,0.000,0.000,0.000,1386.7,00:07:14,0.0,5.9,6,--.--,0,--.--,--.--,0000:00:00,0,0,0,1,1,15.97,-1.00,0,--.--,87,--.--,--:--:--,1,-15.97,11:57:28,10:57:28,10/30/25,--.--,--.--,--.--,--.--,--.--,--.--,--.--,--.--,--.--,--.--,--.--,--.--,0,--.--,--.--,--.--,--.--,--.--,--.--,--.--,--.--,--.--,--.--,--.--,--.--,--.--,--.--,--.--,--.--,0,0.000,0.000,0.000,0.000,0.000,0.000,0.000,0.000,16.200,16.200,16.200,16.200,true,true,true,true,true,true,true,false,true,true,false,false,0.00,0.00,0.02,0.05,--.--,0.00,0.08,0.08,9223372036854775808,0,--.--,--.--,--.--,--.--,--.--,0,0,0,0,44.5793643,8.9422158,32TMQ 95412 36226,0.0,0.0,0.0,3,15,--.--,--.--,,--.--,--.--,--.--,0,0,--.--,--.--,0,-0.0,-0.0,0.0,-0.0,-0.0,-0.0,--.--,--.--,--.--,--.--,--.--,--.--,--.--,--.--,--.--,--.--,0.0,0.0,4.2,-0.7,-0.7,0.0,0.00,--.--,--.--,0,0,0.0,0.0,0.0,0,0,0,--.--,--.--,--.--
2025-10-30 11:57:29.845,0.1,0.1,4,-0.0,0.0,-0.0,0.0,0.0,0.000,0.0,-0.1,-22.3,-378.6,-0.036,0.000,0.000,0.000,1386.7,00:07:14,0.0,5.9,6,--.--,0,--.--,--.--,0000:00:00,0,0,0,1,1,15.97,-1.00,0,--.--,87,--.--,--:--:--,1,-15.97,11:57:29,10:57:29,10/30/25,--.--,--.--,--.--,--.--,--.--,--.--,--.--,--.--,--.--,--.--,--.--,--.--,0,--.--,--.--,--.--,--.--,--.--,--.--,--.--,--.--,--.--,--.--,--.--,--.--,--.--,--.--,--.--,--.--,0,0.000,0.000,0.000,0.000,0.000,0.000,0.000,0.000,16.200,16.200,16.200,16.200,true,true,true,true,true,true,true,false,true,true,false,false,0.00,0.00,0.02,0.05,--.--,0.00,0.08,0.08,9223372036854775808,0,--.--,--.--,--.--,--.--,--.--,0,0,0,0,44.5793643,8.9422158,32TMQ 95412 36226,0.0,0.0,0.0,3,15,--.--,--.--,,--.--,--.--,--.--,0,0,--.--,--.--,0,-0.0,-0.0,0.0,-0.0,-0.0,-0.0,--.--,--.--,--.--,--.--,--.--,--.--,--.--,--.--,--.--,--.--,0.0,0.0,4.2,-0.7,-0.7,0.0,0.00,--.--,--.--,0,0,0.0,0.0,0.0,0,0,0,--.--,--.--,--.--
2025-10-30 11:57:30.839,0.1,0.1,4,-0.0,0.0,-0.0,0.0,0.0,0.000,0.0,-0.1,-22.3,-378.6,-0.036,0.000,0.000,0.000,1386.7,00:07:14,0.0,5.9,6,--.--,0,--.--,--.--,0000:00:00,0,0,0,1,1,15.97,-1.00,0,--.--,87,--.--,--:--:--,1,-15.97,11:57:30,10:57:30,10/30/25,--.--,--.--,--.--,--.--,--.--,--.--,--.--,--.--,--.--,--.--,--.--,--.--,0,--.--,--.--,--.--,--.--,--.--,--.--,--.--,--.--,--.--,--.--,--.--,--.--,--.--,--.--,--.--,--.--,0,0.000,0.000,0.000,0.000,0.000,0.000,0.000,0.000,16.200,16.200,16.200,16.200,true,true,true,true,true,true,true,false,true,true,false,false,0.00,0.00,0.02,0.05,--.--,0.00,0.08,0.08,9223372036854775808,0,--.--,--.--,--.--,--.--,--.--,0,0,0,0,44.5793643,8.9422158,32TMQ 95412 36226,0.0,0.0,0.0,3,15,--.--,--.--,,--.--,--.--,--.--,0,0,--.--,--.--,0,-0.0,-0.0,0.0,-0.0,-0.0,-0.0,--.--,--.--,--.--,--.--,--.--,--.--,--.--,--.--,--.--,--.--,0.0,0.0,4.2,-0.7,-0.7,0.0,0.00,--.--,--.--,0,0,0.0,0.0,0.0,0,0,0,--.--,--.--,--.--
2025-10-30 11:57:31.842,0.1,0.1,4,-0.0,0.0,-0.0,0.0,0.0,0.000,0.0,-0.1,-22.3,-378.6,-0.036,0.000,0.000,0.000,1386.7,00:07:14,0.0,5.9,6,--.--,0,--.--,--.--,0000:00:00,0,0,0,1,1,15.97,-1.00,0,--.--,87,--.--,--:--:--,1,-15.97,11:57:31,10:57:31,10/30/25,--.--,--.--,--.--,--.--,--.--,--.--,--.--,--.--,--.--,--.--,--.--,--.--,0,--.--,--.--,--.--,--.--,--.--,--.--,--.--,--.--,--.--,--.--,--.--,--.--,--.--,--.--,--.--,--.--,0,0.000,0.000,0.000,0.000,0.000,0.000,0.000,0.000,16.200,16.200,16.200,16.200,true,true,true,true,true,true,true,false,true,true,false,false,0.00,0.00,0.02,0.05,--.--,0.00,0.08,0.08,9223372036854775808,0,--.--,--.--,--.--,--.--,--.--,0,0,0,0,44.5793643,8.9422158,32TMQ 95412 36226,0.0,0.0,0.0,3,15,--.--,--.--,,--.--,--.--,--.--,0,0,--.--,--.--,0,-0.0,-0.0,0.0,-0.0,-0.0,-0.0,--.--,--.--,--.--,--.--,--.--,--.--,--.--,--.--,--.--,--.--,0.0,0.0,4.2,-0.7,-0.7,0.0,0.00,--.--,--.--,0,0,0.0,0.0,0.0,0,0,0,--.--,--.--,--.--
2025-10-30 11:57:32.842,0.1,0.1,4,-0.0,0.0,-0.0,0.0,0.0,0.000,0.0,-0.1,-22.3,-378.6,-0.036,0.000,0.000,0.000,1386.7,00:07:14,0.0,5.9,6,--.--,0,--.--,--.--,0000:00:00,0,0,0,1,1,15.97,-1.00,0,--.--,87,--.--,--:--:--,1,-15.97,11:57:32,10:57:32,10/30/25,--.--,--.--,--.--,--.--,--.--,--.--,--.--,--.--,--.--,--.--,--.--,--.--,0,--.--,--.--,--.--,--.--,--.--,--.--,--.--,--.--,--.--,--.--,--.--,--.--,--.--,--.--,--.--,--.--,0,0.000,0.000,0.000,0.000,0.000,0.000,0.000,0.000,16.200,16.200,16.200,16.200,true,true,true,true,true,true,true,false,true,true,false,false,0.00,0.00,0.02,0.05,--.--,0.00,0.08,0.08,9223372036854775808,0,--.--,--.--,--.--,--.--,--.--,0,0,0,0,44.5793643,8.9422158,32TMQ 95412 36226,0.0,0.0,0.0,3,15,--.--,--.--,,--.--,--.--,--.--,0,0,--.--,--.--,0,-0.0,-0.0,0.0,-0.0,-0.0,-0.0,--.--,--.--,--.--,--.--,--.--,--.--,--.--,--.--,--.--,--.--,0.0,0.0,4.2,-0.7,-0.7,0.0,0.00,--.--,--.--,0,0,0.0,0.0,0.0,0,0,0,--.--,--.--,--.--
2025-10-30 11:57:33.844,0.1,0.1,4,-0.0,0.0,-0.0,0.0,0.0,0.000,0.0,-0.1,-22.3,-378.6,-0.036,0.000,0.000,0.000,1386.7,00:07:14,0.0,5.9,6,--.--,0,--.--,--.--,0000:00:00,0,0,0,1,1,15.97,-1.00,0,--.--,87,--.--,--:--:--,1,-15.97,11:57:33,10:57:33,10/30/25,--.--,--.--,--.--,--.--,--.--,--.--,--.--,--.--,--.--,--.--,--.--,--.--,0,--.--,--.--,--.--,--.--,--.--,--.--,--.--,--.--,--.--,--.--,--.--,--.--,--.--,--.--,--.--,--.--,0,0.000,0.000,0.000,0.000,0.000,0.000,0.000,0.000,16.200,16.200,16.200,16.200,true,true,true,true,true,true,true,false,true,true,false,false,0.00,0.00,0.02,0.05,--.--,0.00,0.08,0.08,9223372036854775808,0,--.--,--.--,--.--,--.--,--.--,0,0,0,0,44.5793643,8.9422158,32TMQ 95412 36226,0.0,0.0,0.0,3,15,--.--,--.--,,--.--,--.--,--.--,0,0,--.--,--.--,0,-0.0,-0.0,0.0,-0.0,-0.0,-0.0,--.--,--.--,--.--,--.--,--.--,--.--,--.--,--.--,--.--,--.--,0.0,0.0,4.2,-0.7,-0.7,0.0,0.00,--.--,--.--,0,0,0.0,0.0,0.0,0,0,0,--.--,--.--,--.--
2025-10-30 11:57:34.845,0.1,0.1,4,-0.0,0.0,-0.0,0.0,0.0,0.000,0.0,-0.1,-22.3,-378.6,-0.036,0.000,0.000,0.000,1386.7,00:07:14,0.0,5.9,6,--.--,0,--.--,--.--,0000:00:00,0,0,0,1,1,15.97,-1.00,0,--.--,87,--.--,--:--:--,1,-15.97,11:57:34,10:57:34,10/30/25,--.--,--.--,--.--,--.--,--.--,--.--,--.--,--.--,--.--,--.--,--.--,--.--,0,--.--,--.--,--.--,--.--,--.--,--.--,--.--,--.--,--.--,--.--,--.--,--.--,--.--,--.--,--.--,--.--,0,0.000,0.000,0.000,0.000,0.000,0.000,0.000,0.000,16.200,16.200,16.200,16.200,true,true,true,true,true,true,true,false,true,true,false,false,0.00,0.00,0.02,0.05,--.--,0.00,0.08,0.08,9223372036854775808,0,--.--,--.--,--.--,--.--,--.--,0,0,0,0,44.5793643,8.9422158,32TMQ 95412 36226,0.0,0.0,0.0,3,15,--.--,--.--,,--.--,--.--,--.--,0,0,--.--,--.--,0,-0.0,-0.0,0.0,-0.0,-0.0,-0.0,--.--,--.--,--.--,--.--,--.--,--.--,--.--,--.--,--.--,--.--,0.0,0.0,4.2,-0.7,-0.7,0.0,0.00,--.--,--.--,0,0,0.0,0.0,0.0,0,0,0,--.--,--.--,--.--
2025-10-30 11:57:35.845,0.1,0.1,4,-0.0,0.0,-0.0,0.0,0.0,0.000,0.0,-0.1,-22.3,-378.6,-0.036,0.000,0.000,0.000,1386.7,00:07:14,0.0,5.9,6,--.--,0,--.--,--.--,0000:00:00,0,0,0,1,1,15.97,-1.00,0,--.--,87,--.--,--:--:--,1,-15.97,11:57:35,10:57:35,10/30/25,--.--,--.--,--.--,--.--,--.--,--.--,--.--,--.--,--.--,--.--,--.--,--.--,0,--.--,--.--,--.--,--.--,--.--,--.--,--.--,--.--,--.--,--.--,--.--,--.--,--.--,--.--,--.--,--.--,0,0.000,0.000,0.000,0.000,0.000,0.000,0.000,0.000,16.200,16.200,16.200,16.200,true,true,true,true,true,true,true,false,true,true,false,false,0.00,0.00,0.02,0.05,--.--,0.00,0.08,0.08,9223372036854775808,0,--.--,--.--,--.--,--.--,--.--,0,0,0,0,44.5793643,8.9422158,32TMQ 95412 36226,0.0,0.0,0.0,3,15,--.--,--.--,,--.--,--.--,--.--,0,0,--.--,--.--,0,-0.0,-0.0,0.0,-0.0,-0.0,-0.0,--.--,--.--,--.--,--.--,--.--,--.--,--.--,--.--,--.--,--.--,0.0,0.0,4.2,-0.7,-0.7,0.0,0.00,--.--,--.--,0,0,0.0,0.0,0.0,0,0,0,--.--,--.--,--.--
2025-10-30 11:57:36.844,0.1,0.1,4,-0.0,0.0,-0.0,0.0,0.0,0.000,0.0,-0.1,-22.3,-378.6,-0.036,0.000,0.000,0.000,1386.7,00:07:14,0.0,5.9,6,--.--,0,--.--,--.--,0000:00:00,0,0,0,1,1,15.97,-1.00,0,--.--,87,--.--,--:--:--,1,-15.97,11:57:36,10:57:36,10/30/25,--.--,--.--,--.--,--.--,--.--,--.--,--.--,--.--,--.--,--.--,--.--,--.--,0,--.--,--.--,--.--,--.--,--.--,--.--,--.--,--.--,--.--,--.--,--.--,--.--,--.--,--.--,--.--,--.--,0,0.000,0.000,0.000,0.000,0.000,0.000,0.000,0.000,16.200,16.200,16.200,16.200,true,true,true,true,true,true,true,false,true,true,false,false,0.00,0.00,0.02,0.05,--.--,0.00,0.08,0.08,9223372036854775808,0,--.--,--.--,--.--,--.--,--.--,0,0,0,0,44.5793643,8.9422158,32TMQ 95412 36226,0.0,0.0,0.0,3,15,--.--,--.--,,--.--,--.--,--.--,0,0,--.--,--.--,0,-0.0,-0.0,0.0,-0.0,-0.0,-0.0,--.--,--.--,--.--,--.--,--.--,--.--,--.--,--.--,--.--,--.--,0.0,0.0,4.2,-0.7,-0.7,0.0,0.00,--.--,--.--,0,0,0.0,0.0,0.0,0,0,0,--.--,--.--,--.--
