Timestamp,roll,pitch,heading,rollRate,pitchRate,yawRate,groundSpeed,airSpeed,airSpeedSetpoint,climbRate,altitudeRelative,altitudeAMSL,altitudeAboveTerr,altitudeTuning,altitudeTuningSetpoint,xTrackError,rangeFinderDist,flightDistance,flightTime,distanceToHome,timeToHome,missionItemIndex,headingToNextWP,distanceToNextWP,headingToHome,distanceToGCS,hobbs,throttlePct,imuTemp,battery0.id,battery0.batteryFunction,battery0.batteryType,battery0.voltage,battery0.current,battery0.mahConsumed,battery0.temperature,battery0.percentRemaining,battery0.timeRemaining,battery0.timeRemainingStr,battery0.chargeState,battery0.instantPower,clock.currentTime,clock.currentUTCTime,clock.currentDate,distanceSensor.rotationNone,distanceSensor.rotationYaw45,distanceSensor.rotationYaw90,distanceSensor.rotationYaw135,distanceSensor.rotationYaw180,distanceSensor.rotationYaw225,distanceSensor.rotationYaw270,distanceSensor.rotationYaw315,distanceSensor.rotationPitch90,distanceSensor.rotationPitch270,distanceSensor.minDistance,distanceSensor.maxDistance,efi.health,efi.ecuIndex,efi.rpm,efi.fuelConsumed,efi.fuelFlow,efi.engineLoad,efi.sparkTime,efi.throttlePos,efi.baroPress,efi.intakePress,efi.intakeTemp,efi.cylinderTemp,efi.ignTime,efi.exGasTemp,efi.injTime,efi.throttleOut,efi.ptComp,escStatus.index,escStatus.rpm1,escStatus.rpm2,escStatus.rpm3,escStatus.rpm4,escStatus.current1,escStatus.current2,escStatus.current3,escStatus.current4,escStatus.voltage1,escStatus.voltage2,escStatus.voltage3,escStatus.voltage4,estimatorStatus.goodAttitudeEsimate,estimatorStatus.goodHorizVelEstimate,estimatorStatus.goodVertVelEstimate,estimatorStatus.goodHorizPosRelEstimate,estimatorStatus.goodHorizPosAbsEstimate,estimatorStatus.goodVertPosAbsEstimate,estimatorStatus.goodVertPosAGLEstimate,estimatorStatus.goodConstPosModeEstimate,estimatorStatus.goodPredHorizPosRelEstimate,estimatorStatus.goodPredHorizPosAbsEstimate,estimatorStatus.gpsGlitch,estimatorStatus.accelError,estimatorStatus.velRatio,estimatorStatus.horizPosRatio,estimatorStatus.vertPosRatio,estimatorStatus.magRatio,estimatorStatus.haglRatio,estimatorStatus.tasRatio,estimatorStatus.horizPosAccuracy,estimatorStatus.vertPosAccuracy,generator.status,generator.genSpeed,generator.batteryCurrent,generator.loadCurrent,generator.powerGenerated,generator.busVoltage,generator.batCurrentSetpoint,generator.rectifierTemp,generator.genTemp,generator.runtime,generator.timeMaintenance,gps.lat,gps.lon,gps.mgrs,gps.hdop,gps.vdop,gps.courseOverGround,gps.lock,gps.count,gps2.lat,gps2.lon,gps2.mgrs,gps2.hdop,gps2.vdop,gps2.courseOverGround,gps2.lock,gps2.count,hygrometer.temperature,hygrometer.humidity,hygrometer.hygrometerid,localPosition.x,localPosition.y,localPosition.z,localPosition.vx,localPosition.vy,localPosition.vz,localPositionSetpoint.x,localPositionSetpoint.y,localPositionSetpoint.z,localPositionSetpoint.vx,localPositionSetpoint.vy,localPositionSetpoint.vz,rpm.rpm1,rpm.rpm2,rpm.rpm3,rpm.rpm4,setpoint.roll,setpoint.pitch,setpoint.yaw,setpoint.rollRate,setpoint.pitchRate,setpoint.yawRate,temperature.temperature1,temperature.temperature2,temperature.temperature3,terrain.blocksPending,terrain.blocksLoaded,vibration.xAxis,vibration.yAxis,vibration.zAxis,vibration.clipCount1,vibration.clipCount2,vibration.clipCount3,wind.direction,wind.speed,wind.verticalSpeed
2025-10-02 15:03:41.806,-0.2,0.4,1,0.0,-0.0,-0.0,0.0,0.0,0.000,-0.0,0.0,-322.8,-347.8,0.000,0.000,0.000,0.000,0.0,00:00:00,0.0,0.0,1,--.--,0,--.--,--.--,0000:16:39,0,0,0,1,1,16.20,-1.00,0,--.--,100,--.--,--:--:--,1,-16.20,15:03:41,13:03:41,02/10/2025,--.--,--.--,--.--,--.--,--.--,--.--,--.--,--.--,--.--,--.--,--.--,--.--,0,--.--,--.--,--.--,--.--,--.--,--.--,--.--,--.--,--.--,--.--,--.--,--.--,--.--,--.--,--.--,--.--,0,0.000,12.000,0.000,12.000,1.000,1.030,1.000,1.030,16.172,16.172,16.172,16.172,true,true,true,true,true,true,false,false,true,true,false,false,0.00,0.00,0.00,0.05,0.00,0.00,0.08,0.08,9223372036854775808,0,--.--,--.--,--.--,--.--,--.--,0,0,0,0,44.4368759,8.8840170,32TMQ 90769 20404,0.0,0.0,0.0,3,15,--.--,--.--,,--.--,--.--,--.--,0,0,--.--,--.--,0,0.0,0.0,-0.0,0.0,0.0,0.0,--.--,--.--,--.--,--.--,--.--,--.--,--.--,--.--,--.--,--.--,0.0,0.0,1.6,1.2,-2.5,-0.0,0.00,--.--,--.--,0,0,0.0,0.0,0.0,0,0,0,--.--,--.--,--.--
2025-10-02 15:03:42.737,-0.2,0.4,1,0.0,-0.0,-0.0,0.0,0.0,0.000,0.0,0.0,-322.8,-347.8,0.000,0.000,0.000,0.000,0.0,00:00:00,0.0,0.0,1,--.--,0,--.--,--.--,0000:16:39,19,0,0,1,1,16.17,-1.00,0,--.--,100,--.--,--:--:--,1,-16.17,15:03:42,13:03:42,02/10/2025,--.--,--.--,--.--,--.--,--.--,--.--,--.--,--.--,--.--,--.--,--.--,--.--,0,--.--,--.--,--.--,--.--,--.--,--.--,--.--,--.--,--.--,--.--,--.--,--.--,--.--,--.--,--.--,--.--,0,1128.000,1212.000,1146.000,1194.000,3.820,4.030,3.865,3.985,16.142,16.142,16.142,16.142,true,true,true,true,true,true,false,false,true,true,false,false,0.00,0.00,0.00,0.01,0.00,0.00,0.08,0.08,9223372036854775808,0,--.--,--.--,--.--,--.--,--.--,0,0,0,0,44.4368759,8.8840170,32TMQ 90769 20404,0.0,0.0,0.0,3,15,--.--,--.--,,--.--,--.--,--.--,0,0,--.--,--.--,0,0.0,0.0,-0.0,0.0,0.0,-0.0,0.0,0.0,0.0,-0.0,0.0,0.7,--.--,--.--,--.--,--.--,0.0,0.0,1.6,1.2,-2.5,-0.0,0.00,--.--,--.--,0,0,0.0,0.0,0.0,0,0,0,--.--,--.--,--.--
2025-10-02 15:03:43.751,-0.2,0.4,1,0.0,-0.0,-0.0,0.0,0.0,0.000,0.0,0.0,-322.8,-347.8,0.001,0.000,0.000,0.000,0.0,00:00:00,0.0,0.0,1,--.--,0,--.--,--.--,0000:16:39,38,0,0,1,1,16.17,-1.00,0,--.--,100,--.--,--:--:--,1,-16.17,15:03:43,13:03:43,02/10/2025,--.--,--.--,--.--,--.--,--.--,--.--,--.--,--.--,--.--,--.--,--.--,--.--,0,--.--,--.--,--.--,--.--,--.--,--.--,--.--,--.--,--.--,--.--,--.--,--.--,--.--,--.--,--.--,--.--,0,2208.000,2394.000,2256.000,2346.000,6.520,6.985,6.640,6.865,16.112,16.112,16.112,16.112,true,true,true,true,true,true,false,false,true,true,false,false,0.00,0.00,0.00,0.01,0.00,0.00,0.08,0.08,9223372036854775808,0,--.--,--.--,--.--,--.--,--.--,0,0,0,0,44.4368759,8.8840170,32TMQ 90769 20404,0.0,0.0,0.0,3,15,--.--,--.--,,--.--,--.--,--.--,0,0,--.--,--.--,0,0.0,0.0,-0.0,0.0,0.0,-0.0,0.0,0.0,-0.0,0.0,0.0,-0.2,--.--,--.--,--.--,--.--,0.0,-0.0,1.6,1.3,-2.5,-0.0,0.00,--.--,--.--,0,0,0.0,0.0,0.0,0,0,0,--.--,--.--,--.--
2025-10-02 15:03:44.739,0.1,-0.1,1,-1.3,2.5,-0.0,0.1,0.0,0.000,0.2,0.0,-322.8,-347.8,0.023,0.000,0.000,0.000,0.0,00:00:01,0.0,0.0,1,--.--,0,--.--,--.--,0000:16:39,50,0,0,1,1,16.11,-1.00,0,--.--,100,--.--,--:--:--,1,-16.11,15:03:44,13:03:44,02/10/2025,--.--,--.--,--.--,--.--,--.--,--.--,--.--,--.--,--.--,--.--,--.--,--.--,0,--.--,--.--,--.--,--.--,--.--,--.--,--.--,--.--,--.--,--.--,--.--,--.--,--.--,--.--,--.--,--.--,0,3024.000,3030.000,3024.000,3024.000,8.560,8.575,8.560,8.560,16.082,16.082,16.082,16.082,true,true,true,true,true,true,false,false,true,true,false,false,0.02,0.00,0.01,0.00,0.00,0.00,0.08,0.08,9223372036854775808,0,--.--,--.--,--.--,--.--,--.--,0,0,0,0,44.4368760,8.8840170,32TMQ 90769 20404,0.0,0.0,25.9,3,15,--.--,--.--,,--.--,--.--,--.--,0,0,--.--,--.--,0,0.0,0.0,-0.0,0.0,0.0,-0.2,0.0,0.0,-0.0,-0.0,-0.0,-0.7,--.--,--.--,--.--,--.--,-0.3,0.7,1.6,-2.5,5.0,0.0,0.00,--.--,--.--,0,0,0.0,0.0,0.0,0,0,0,--.--,--.--,--.--
2025-10-02 15:03:45.738,-0.3,0.7,1,-0.1,0.2,0.1,0.0,0.0,0.000,0.9,0.5,-322.3,-347.8,0.514,0.000,0.000,0.000,0.0,00:00:02,0.0,1.7,1,--.--,0,--.--,--.--,0000:16:39,52,0,0,1,1,16.11,-1.00,0,--.--,100,--.--,--:--:--,1,-16.11,15:03:45,13:03:45,02/10/2025,--.--,--.--,--.--,--.--,--.--,--.--,--.--,--.--,--.--,--.--,--.--,--.--,0,--.--,--.--,--.--,--.--,--.--,--.--,--.--,--.--,--.--,--.--,--.--,--.--,--.--,--.--,--.--,--.--,0,3132.000,3132.000,3132.000,3132.000,8.830,8.830,8.830,8.830,16.052,16.052,16.052,16.052,true,true,true,true,true,true,false,false,true,true,false,false,0.02,0.00,0.01,0.00,0.00,0.00,0.08,0.08,9223372036854775808,0,--.--,--.--,--.--,--.--,--.--,0,0,0,0,44.4368764,8.8840173,32TMQ 90769 20404,0.0,0.0,29.7,3,15,--.--,--.--,,--.--,--.--,--.--,0,0,--.--,--.--,0,0.0,0.0,-0.5,0.0,0.0,-0.9,0.0,0.0,-0.5,-0.0,-0.0,-1.2,--.--,--.--,--.--,--.--,-0.4,0.9,1.6,-0.4,1.0,0.0,0.00,--.--,--.--,0,0,0.0,0.0,0.0,0,0,0,--.--,--.--,--.--
2025-10-02 15:03:46.738,-0.3,0.6,1,0.1,-0.2,-0.0,0.0,0.0,0.000,1.4,1.7,-321.1,-347.3,1.682,0.000,0.000,0.000,0.0,00:00:03,0.1,2.1,1,--.--,0,--.--,--.--,0000:16:39,49,0,0,1,1,16.05,-1.00,0,--.--,100,--.--,--:--:--,1,-16.05,15:03:46,13:03:46,02/10/2025,--.--,--.--,--.--,--.--,--.--,--.--,--.--,--.--,--.--,--.--,--.--,--.--,0,--.--,--.--,--.--,--.--,--.--,--.--,--.--,--.--,--.--,--.--,--.--,--.--,--.--,--.--,--.--,--.--,0,2934.000,2934.000,2946.000,2946.000,8.335,8.335,8.365,8.365,16.022,16.022,16.022,16.022,true,true,true,true,true,true,false,false,true,true,false,false,0.02,0.00,0.00,0.01,0.00,0.00,0.08,0.08,9223372036854775808,0,--.--,--.--,--.--,--.--,--.--,0,0,0,0,44.4368765,8.8840174,32TMQ 90769 20404,0.0,0.0,189.3,3,15,--.--,--.--,,--.--,--.--,--.--,0,0,--.--,--.--,0,0.1,0.0,-1.7,-0.0,-0.0,-1.4,0.0,0.0,-1.7,-0.1,-0.0,-1.5,--.--,--.--,--.--,--.--,-0.3,0.6,1.5,-0.0,0.0,-0.4,0.00,--.--,--.--,0,0,0.0,0.0,0.0,0,0,0,--.--,--.--,--.--
2025-10-02 15:03:47.740,-0.2,0.2,1,0.2,-0.5,-0.0,0.0,0.0,0.000,1.4,3.1,-319.7,-346.1,3.132,0.000,0.000,0.000,0.0,00:00:04,0.0,0.6,1,--.--,0,--.--,--.--,0000:16:39,48,0,0,1,1,16.05,-1.00,0,--.--,100,--.--,--:--:--,1,-16.05,15:03:47,13:03:47,02/10/2025,--.--,--.--,--.--,--.--,--.--,--.--,--.--,--.--,--.--,--.--,--.--,--.--,0,--.--,--.--,--.--,--.--,--.--,--.--,--.--,--.--,--.--,--.--,--.--,--.--,--.--,--.--,--.--,--.--,0,2934.000,2934.000,2934.000,2934.000,8.335,8.335,8.335,8.335,15.992,15.992,15.992,15.992,true,true,true,true,true,true,false,false,true,true,false,false,0.02,0.00,0.00,0.01,0.00,0.00,0.08,0.08,9223372036854775808,0,--.--,--.--,--.--,--.--,--.--,0,0,0,0,44.4368762,8.8840173,32TMQ 90769 20404,0.0,0.0,203.3,3,15,--.--,--.--,,--.--,--.--,--.--,0,0,--.--,--.--,0,0.0,0.0,-3.1,-0.0,-0.0,-1.4,0.0,0.0,-3.2,-0.0,-0.0,-1.5,--.--,--.--,--.--,--.--,-0.2,0.1,1.7,0.2,-0.4,-0.0,0.00,--.--,--.--,0,0,0.0,0.0,0.0,0,0,0,--.--,--.--,--.--
2025-10-02 15:03:48.740,-0.0,0.1,1,0.1,0.1,-0.1,0.0,0.0,0.000,1.5,4.6,-318.2,-344.7,4.640,0.000,0.000,0.000,0.0,00:00:05,0.0,0.7,1,--.--,0,--.--,--.--,0000:16:39,48,0,0,1,1,15.99,-1.00,0,--.--,99,--.--,--:--:--,1,-15.99,15:03:48,13:03:48,02/10/2025,--.--,--.--,--.--,--.--,--.--,--.--,--.--,--.--,--.--,--.--,--.--,--.--,0,--.--,--.--,--.--,--.--,--.--,--.--,--.--,--.--,--.--,--.--,--.--,--.--,--.--,--.--,--.--,--.--,0,2916.000,2916.000,2910.000,2910.000,8.290,8.290,8.275,8.275,15.962,15.962,15.962,15.962,true,true,true,true,true,true,false,false,true,true,false,false,0.01,0.00,0.00,0.01,0.00,0.00,0.08,0.08,9223372036854775808,0,--.--,--.--,--.--,--.--,--.--,0,0,0,0,44.4368758,8.8840169,32TMQ 90769 20404,0.0,0.0,238.7,3,15,--.--,--.--,,--.--,--.--,--.--,0,0,--.--,--.--,0,-0.0,0.0,-4.6,-0.0,-0.0,-1.5,0.0,0.0,-4.7,0.0,0.0,-1.5,--.--,--.--,--.--,--.--,-0.0,0.1,1.7,0.0,0.2,0.1,0.00,--.--,--.--,0,0,0.0,0.0,0.0,0,0,0,--.--,--.--,--.--
2025-10-02 15:03:49.751,-0.1,0.3,1,-0.1,0.2,0.1,0.0,0.0,0.000,1.5,6.2,-316.7,-343.2,6.153,0.000,0.000,0.000,0.0,00:00:06,0.0,1.6,1,--.--,0,--.--,--.--,0000:16:39,48,0,0,1,1,15.99,-1.00,0,--.--,99,--.--,--:--:--,1,-15.99,15:03:49,13:03:49,02/10/2025,--.--,--.--,--.--,--.--,--.--,--.--,--.--,--.--,--.--,--.--,--.--,--.--,0,--.--,--.--,--.--,--.--,--.--,--.--,--.--,--.--,--.--,--.--,--.--,--.--,--.--,--.--,--.--,--.--,0,2898.000,2898.000,2892.000,2892.000,8.245,8.245,8.230,8.230,15.932,15.932,15.932,15.932,true,true,true,true,true,true,false,false,true,true,false,false,0.01,0.00,0.00,0.01,0.00,0.00,0.08,0.08,9223372036854775808,0,--.--,--.--,--.--,--.--,--.--,0,0,0,0,44.4368759,8.8840168,32TMQ 90769 20404,0.0,0.0,12.2,3,15,--.--,--.--,,--.--,--.--,--.--,0,0,--.--,--.--,0,-0.0,-0.0,-6.2,0.0,0.0,-1.5,0.0,0.0,-6.2,0.0,0.0,-1.5,--.--,--.--,--.--,--.--,-0.1,0.3,1.7,-0.1,0.2,0.1,0.00,--.--,--.--,0,0,0.0,0.0,0.0,0,0,0,--.--,--.--,--.--
2025-10-02 15:03:50.737,-0.2,0.5,1,-0.1,-0.0,-0.1,0.0,0.0,0.000,1.5,7.7,-315.2,-341.7,7.664,0.000,0.000,0.000,0.0,00:00:07,0.0,1.1,1,--.--,0,--.--,--.--,0000:16:39,48,0,0,1,1,15.93,-1.00,0,--.--,96,--.--,--:--:--,1,-15.93,15:03:50,13:03:50,02/10/2025,--.--,--.--,--.--,--.--,--.--,--.--,--.--,--.--,--.--,--.--,--.--,--.--,0,--.--,--.--,--.--,--.--,--.--,--.--,--.--,--.--,--.--,--.--,--.--,--.--,--.--,--.--,--.--,--.--,0,2898.000,2898.000,2892.000,2898.000,8.245,8.245,8.230,8.245,15.902,15.902,15.902,15.902,true,true,true,true,true,true,false,false,true,true,false,false,0.01,0.00,0.01,0.01,0.00,0.00,0.08,0.08,9223372036854775808,0,--.--,--.--,--.--,--.--,--.--,0,0,0,0,44.4368761,8.8840170,32TMQ 90769 20404,0.0,0.0,53.6,3,15,--.--,--.--,,--.--,--.--,--.--,0,0,--.--,--.--,0,0.0,-0.0,-7.7,0.0,0.0,-1.5,0.0,0.0,-7.7,-0.0,0.0,-1.5,--.--,--.--,--.--,--.--,-0.2,0.5,1.7,-0.1,-0.0,0.0,0.00,--.--,--.--,0,0,0.0,0.0,0.0,0,0,0,--.--,--.--,--.--
2025-10-02 15:03:51.751,-0.3,0.4,1,0.0,-0.0,0.1,0.0,0.0,0.000,1.5,9.2,-313.6,-340.2,9.185,0.000,0.000,0.000,0.0,00:00:08,0.0,1.5,1,--.--,0,--.--,--.--,0000:16:39,48,0,0,1,1,15.93,-1.00,0,--.--,96,--.--,--:--:--,1,-15.93,15:03:51,13:03:51,02/10/2025,--.--,--.--,--.--,--.--,--.--,--.--,--.--,--.--,--.--,--.--,--.--,--.--,0,--.--,--.--,--.--,--.--,--.--,--.--,--.--,--.--,--.--,--.--,--.--,--.--,--.--,--.--,--.--,--.--,0,2898.000,2898.000,2898.000,2898.000,8.245,8.245,8.245,8.245,15.872,15.872,15.872,15.872,true,true,true,true,true,true,false,false,true,true,false,false,0.01,0.00,0.01,0.01,0.00,0.00,0.08,0.08,9223372036854775808,0,--.--,--.--,--.--,--.--,--.--,0,0,0,0,44.4368761,8.8840172,32TMQ 90769 20404,0.0,0.0,124.0,3,15,--.--,--.--,,--.--,--.--,--.--,0,0,--.--,--.--,0,0.0,0.0,-9.2,-0.0,0.0,-1.5,0.0,0.0,-9.2,-0.0,-0.0,-1.5,--.--,--.--,--.--,--.--,-0.3,0.4,1.7,-0.0,-0.0,0.0,0.00,--.--,--.--,0,0,0.0,0.0,0.0,0,0,0,--.--,--.--,--.--
2025-10-02 15:03:52.751,-0.2,0.3,1,0.1,-0.1,-0.1,0.0,0.0,0.000,1.8,10.7,-312.1,-338.6,10.720,0.000,0.000,0.000,0.0,00:00:09,0.0,0.5,1,--.--,0,--.--,--.--,0000:16:39,59,0,0,1,1,15.87,-1.00,0,--.--,95,--.--,--:--:--,1,-15.87,15:03:52,13:03:52,02/10/2025,--.--,--.--,--.--,--.--,--.--,--.--,--.--,--.--,--.--,--.--,--.--,--.--,0,--.--,--.--,--.--,--.--,--.--,--.--,--.--,--.--,--.--,--.--,--.--,--.--,--.--,--.--,--.--,--.--,0,3552.000,3552.000,3552.000,3552.000,9.880,9.880,9.880,9.880,15.842,15.842,15.842,15.842,true,true,true,true,true,true,false,false,true,true,false,false,0.04,0.00,0.01,0.00,0.00,0.00,0.08,0.08,9223372036854775808,0,--.--,--.--,--.--,--.--,--.--,0,0,0,0,44.4368760,8.8840172,32TMQ 90769 20404,0.0,0.0,209.4,3,15,--.--,--.--,,--.--,--.--,--.--,0,0,--.--,--.--,0,0.0,0.0,-10.7,-0.0,-0.0,-1.8,0.0,0.0,-10.8,-0.0,-0.0,-1.9,--.--,--.--,--.--,--.--,-0.2,0.3,1.7,0.1,-0.1,-0.1,0.00,--.--,--.--,0,0,0.0,0.0,0.0,0,0,0,--.--,--.--,--.--
2025-10-02 15:03:53.740,-0.1,0.3,1,0.0,0.2,-0.0,0.0,0.0,0.000,2.8,13.1,-309.7,-337.1,13.079,0.000,0.000,0.000,0.0,00:00:10,0.0,0.0,1,--.--,0,--.--,--.--,0000:16:39,55,0,0,1,1,15.87,-1.00,0,--.--,95,--.--,--:--:--,1,-15.87,15:03:53,13:03:53,02/10/2025,--.--,--.--,--.--,--.--,--.--,--.--,--.--,--.--,--.--,--.--,--.--,--.--,0,--.--,--.--,--.--,--.--,--.--,--.--,--.--,--.--,--.--,--.--,--.--,--.--,--.--,--.--,--.--,--.--,0,3318.000,3318.000,3312.000,3312.000,9.295,9.295,9.280,9.280,15.812,15.812,15.812,15.812,true,true,true,true,true,true,false,false,true,true,false,false,0.04,0.00,0.01,0.00,0.00,0.00,0.08,0.08,9223372036854775808,0,--.--,--.--,--.--,--.--,--.--,0,0,0,0,44.4368759,8.8840171,32TMQ 90769 20404,0.0,0.0,271.3,3,15,--.--,--.--,,--.--,--.--,--.--,0,0,--.--,--.--,0,0.0,0.0,-13.1,-0.0,-0.0,-2.8,0.0,0.0,-13.4,-0.0,-0.0,-3.0,--.--,--.--,--.--,--.--,-0.1,0.3,1.7,-0.0,0.1,0.1,0.00,--.--,--.--,0,0,0.0,0.0,0.0,0,0,0,--.--,--.--,--.--
2025-10-02 15:03:54.740,-0.2,0.3,1,-0.1,-0.0,-0.0,0.0,0.0,0.000,2.9,15.9,-306.9,-334.7,15.935,0.000,0.000,0.000,0.0,00:00:11,0.0,0.0,1,--.--,0,--.--,--.--,0000:16:39,55,0,0,1,1,15.81,-1.00,0,--.--,91,--.--,--:--:--,1,-15.81,15:03:54,13:03:54,02/10/2025,--.--,--.--,--.--,--.--,--.--,--.--,--.--,--.--,--.--,--.--,--.--,--.--,0,--.--,--.--,--.--,--.--,--.--,--.--,--.--,--.--,--.--,--.--,--.--,--.--,--.--,--.--,--.--,--.--,0,3312.000,3312.000,3312.000,3312.000,9.280,9.280,9.280,9.280,15.782,15.782,15.782,15.782,true,true,true,true,true,true,false,false,true,true,false,false,0.02,0.00,0.00,0.00,0.00,0.00,0.08,0.08,9223372036854775808,0,--.--,--.--,--.--,--.--,--.--,0,0,0,0,44.4368759,8.8840170,32TMQ 90769 20404,0.0,0.0,0.0,3,15,--.--,--.--,,--.--,--.--,--.--,0,0,--.--,--.--,0,0.0,0.0,-15.9,-0.0,-0.0,-2.9,0.0,0.0,-16.4,-0.0,0.0,-3.0,--.--,--.--,--.--,--.--,-0.2,0.3,1.7,-0.0,0.0,0.0,0.00,--.--,--.--,0,0,0.0,0.0,0.0,0,0,0,--.--,--.--,--.--
2025-10-02 15:03:55.738,-0.2,0.3,1,0.0,0.1,-0.0,0.0,0.0,0.000,2.9,18.9,-303.9,-331.9,18.886,0.000,0.000,0.000,0.0,00:00:12,0.0,0.0,1,--.--,0,--.--,--.--,0000:16:39,55,0,0,1,1,15.81,-1.00,0,--.--,91,--.--,--:--:--,1,-15.81,15:03:55,13:03:55,02/10/2025,--.--,--.--,--.--,--.--,--.--,--.--,--.--,--.--,--.--,--.--,--.--,--.--,0,--.--,--.--,--.--,--.--,--.--,--.--,--.--,--.--,--.--,--.--,--.--,--.--,--.--,--.--,--.--,--.--,0,3306.000,3306.000,3306.000,3306.000,9.265,9.265,9.265,9.265,15.752,15.752,15.752,15.752,true,true,true,true,true,true,false,false,true,true,false,false,0.02,0.00,0.00,0.00,0.00,0.00,0.08,0.08,9223372036854775808,0,--.--,--.--,--.--,--.--,--.--,0,0,0,0,44.4368760,8.8840170,32TMQ 90769 20404,0.0,0.0,0.0,3,15,--.--,--.--,,--.--,--.--,--.--,0,0,--.--,--.--,0,0.0,0.0,-18.9,0.0,0.0,-2.9,0.0,0.0,-19.4,-0.0,0.0,-3.0,--.--,--.--,--.--,--.--,-0.2,0.3,1.7,0.0,0.0,-0.0,0.00,--.--,--.--,0,0,0.0,0.0,0.0,0,0,0,--.--,--.--,--.--
2025-10-02 15:03:56.738,-0.2,0.4,1,0.0,0.1,0.1,0.0,0.0,0.000,3.0,21.9,-301.0,-328.9,21.857,0.000,0.000,0.000,0.0,00:00:13,0.0,0.0,1,--.--,0,--.--,--.--,0000:16:39,55,0,0,1,1,15.75,-1.00,0,--.--,87,--.--,--:--:--,1,-15.75,15:03:56,13:03:56,02/10/2025,--.--,--.--,--.--,--.--,--.--,--.--,--.--,--.--,--.--,--.--,--.--,--.--,0,--.--,--.--,--.--,--.--,--.--,--.--,--.--,--.--,--.--,--.--,--.--,--.--,--.--,--.--,--.--,--.--,0,3312.000,3306.000,3312.000,3306.000,9.280,9.265,9.280,9.265,15.722,15.722,15.722,15.722,true,true,true,true,true,true,false,false,true,true,false,false,0.00,0.00,0.01,0.00,0.00,0.00,0.08,0.08,9223372036854775808,0,--.--,--.--,--.--,--.--,--.--,0,0,0,0,44.4368760,8.8840170,32TMQ 90769 20404,0.0,0.0,0.0,3,15,--.--,--.--,,--.--,--.--,--.--,0,0,--.--,--.--,0,0.0,0.0,-21.9,-0.0,0.0,-3.0,0.0,0.0,-22.4,-0.0,0.0,-3.0,--.--,--.--,--.--,--.--,-0.2,0.4,1.7,0.0,0.0,0.1,0.00,--.--,--.--,0,0,0.0,0.0,0.0,0,0,0,--.--,--.--,--.--
2025-10-02 15:03:57.740,-0.2,0.4,1,-0.1,-0.1,-0.0,0.0,0.0,0.000,3.0,21.9,-301.0,-326.0,24.080,0.000,0.000,0.000,0.0,00:00:14,0.0,0.0,1,--.--,0,--.--,--.--,0000:16:39,55,0,0,1,1,15.75,-1.00,0,--.--,87,--.--,--:--:--,1,-15.75,15:03:57,13:03:57,02/10/2025,--.--,--.--,--.--,--.--,--.--,--.--,--.--,--.--,--.--,--.--,--.--,--.--,0,--.--,--.--,--.--,--.--,--.--,--.--,--.--,--.--,--.--,--.--,--.--,--.--,--.--,--.--,--.--,--.--,0,3312.000,3306.000,3312.000,3306.000,9.280,9.265,9.280,9.265,15.722,15.722,15.722,15.722,true,true,true,true,true,true,false,false,true,true,false,false,0.00,0.00,0.01,0.00,0.00,0.00,0.08,0.08,9223372036854775808,0,--.--,--.--,--.--,--.--,--.--,0,0,0,0,44.4368760,8.8840170,32TMQ 90769 20404,0.0,0.0,0.0,3,15,--.--,--.--,,--.--,--.--,--.--,0,0,--.--,--.--,0,0.0,0.0,-24.8,-0.0,0.0,-3.0,0.0,0.0,-25.3,-0.0,-0.0,-3.0,--.--,--.--,--.--,--.--,-0.2,0.4,1.7,-0.1,-0.0,0.0,0.00,--.--,--.--,0,0,0.0,0.0,0.0,0,0,0,--.--,--.--,--.--
2025-10-02 15:03:58.740,-0.3,0.3,1,-0.0,-0.2,-0.0,0.0,0.0,0.000,3.0,27.8,-295.0,-323.0,27.810,0.000,0.000,0.000,0.0,00:00:15,0.0,1.4,1,--.--,0,--.--,--.--,0000:16:39,55,0,0,1,1,15.69,-1.00,0,--.--,84,--.--,--:--:--,1,-15.69,15:03:58,13:03:58,02/10/2025,--.--,--.--,--.--,--.--,--.--,--.--,--.--,--.--,--.--,--.--,--.--,--.--,0,--.--,--.--,--.--,--.--,--.--,--.--,--.--,--.--,--.--,--.--,--.--,--.--,--.--,--.--,--.--,--.--,0,3312.000,3312.000,3312.000,3318.000,9.280,9.280,9.280,9.295,15.662,15.662,15.662,15.662,true,true,true,true,true,true,false,false,true,true,false,false,0.00,0.00,0.01,0.01,0.00,0.00,0.08,0.08,9223372036854775808,0,--.--,--.--,--.--,--.--,--.--,0,0,0,0,44.4368759,8.8840173,32TMQ 90769 20404,0.0,0.0,160.2,3,15,--.--,--.--,,--.--,--.--,--.--,0,0,--.--,--.--,0,-0.0,0.0,-27.8,-0.0,-0.0,-3.0,0.0,0.0,-28.4,0.0,-0.0,-3.0,--.--,--.--,--.--,--.--,-0.3,0.2,1.7,0.0,-0.2,-0.1,0.00,--.--,--.--,0,0,0.0,0.0,0.0,0,0,0,--.--,--.--,--.--
2025-10-02 15:03:59.739,-0.2,0.2,1,0.0,-0.0,-0.0,0.0,0.0,0.000,3.0,30.8,-292.0,-320.0,30.785,0.000,0.000,0.000,0.0,00:00:16,0.0,3.2,1,--.--,0,--.--,--.--,0000:16:39,55,0,0,1,1,15.69,-1.00,0,--.--,84,--.--,--:--:--,1,-15.69,15:03:59,13:03:59,02/10/2025,--.--,--.--,--.--,--.--,--.--,--.--,--.--,--.--,--.--,--.--,--.--,--.--,0,--.--,--.--,--.--,--.--,--.--,--.--,--.--,--.--,--.--,--.--,--.--,--.--,--.--,--.--,--.--,--.--,0,3318.000,3318.000,3318.000,3318.000,9.295,9.295,9.295,9.295,15.632,15.632,15.632,15.632,true,true,true,true,true,true,false,false,true,true,false,false,0.00,0.00,0.01,0.01,0.00,0.00,0.08,0.08,9223372036854775808,0,--.--,--.--,--.--,--.--,--.--,0,0,0,0,44.4368757,8.8840173,32TMQ 90769 20404,0.0,0.0,215.7,3,15,--.--,--.--,,--.--,--.--,--.--,0,0,--.--,--.--,0,-0.0,0.0,-30.8,0.0,-0.0,-3.0,0.0,0.0,-31.3,0.0,-0.0,-3.0,--.--,--.--,--.--,--.--,-0.3,0.2,1.7,-0.2,0.1,0.0,0.00,--.--,--.--,0,0,0.0,0.0,0.0,0,0,0,--.--,--.--,--.--
2025-10-02 15:04:00.750,-0.2,0.2,1,0.1,-0.1,-0.0,0.0,0.0,0.000,3.0,30.8,-292.0,-317.0,33.039,0.000,0.000,0.000,0.0,00:00:17,0.0,1.4,1,--.--,0,--.--,--.--,0000:16:39,55,0,0,1,1,15.69,-1.00,0,--.--,84,--.--,--:--:--,1,-15.69,15:04:00,13:04:00,02/10/2025,--.--,--.--,--.--,--.--,--.--,--.--,--.--,--.--,--.--,--.--,--.--,--.--,0,--.--,--.--,--.--,--.--,--.--,--.--,--.--,--.--,--.--,--.--,--.--,--.--,--.--,--.--,--.--,--.--,0,3318.000,3318.000,3318.000,3318.000,9.295,9.295,9.295,9.295,15.632,15.632,15.632,15.632,true,true,true,true,true,true,false,false,true,true,false,false,0.00,0.00,0.01,0.01,0.00,0.00,0.08,0.08,9223372036854775808,0,--.--,--.--,--.--,--.--,--.--,0,0,0,0,44.4368757,8.8840173,32TMQ 90769 20404,0.0,0.0,215.7,3,15,--.--,--.--,,--.--,--.--,--.--,0,0,--.--,--.--,0,-0.0,0.0,-33.7,0.0,-0.0,-3.0,0.0,0.0,-34.3,0.0,-0.0,-3.0,--.--,--.--,--.--,--.--,-0.2,0.2,1.7,-0.0,-0.0,0.0,0.00,--.--,--.--,0,0,0.0,0.0,0.0,0,0,0,--.--,--.--,--.--
2025-10-02 15:04:01.737,-0.1,0.3,1,0.1,0.1,-0.0,0.0,0.0,0.000,3.0,33.8,-289.1,-314.1,36.022,0.000,0.000,0.000,0.0,00:00:18,0.0,0.7,1,--.--,0,--.--,--.--,0000:16:39,55,0,0,1,1,15.63,-1.00,0,--.--,81,--.--,--:--:--,1,-15.63,15:04:01,13:04:01,02/10/2025,--.--,--.--,--.--,--.--,--.--,--.--,--.--,--.--,--.--,--.--,--.--,--.--,0,--.--,--.--,--.--,--.--,--.--,--.--,--.--,--.--,--.--,--.--,--.--,--.--,--.--,--.--,--.--,--.--,0,3318.000,3324.000,3318.000,3318.000,9.295,9.310,9.295,9.295,15.602,15.602,15.602,15.602,true,true,true,true,true,true,false,false,true,true,false,false,0.00,0.00,0.01,0.02,0.00,0.00,0.08,0.08,9223372036854775808,0,--.--,--.--,--.--,--.--,--.--,0,0,0,0,44.4368757,8.8840171,32TMQ 90769 20404,0.0,0.0,298.7,3,15,--.--,--.--,,--.--,--.--,--.--,0,0,--.--,--.--,0,-0.0,-0.0,-36.7,0.0,-0.0,-3.0,0.0,0.0,-37.2,0.0,0.0,-3.0,--.--,--.--,--.--,--.--,-0.1,0.3,1.7,0.1,0.0,-0.0,0.00,--.--,--.--,0,0,0.0,0.0,0.0,0,0,0,--.--,--.--,--.--
2025-10-02 15:04:02.751,-0.1,0.4,1,-0.1,0.1,-0.0,0.0,0.0,0.000,3.0,36.8,-286.0,-311.0,39.009,0.000,0.000,0.000,0.0,00:00:19,0.0,2.3,1,--.--,0,--.--,--.--,0000:16:39,55,0,0,1,1,15.63,-1.00,0,--.--,81,--.--,--:--:--,1,-15.63,15:04:02,13:04:02,02/10/2025,--.--,--.--,--.--,--.--,--.--,--.--,--.--,--.--,--.--,--.--,--.--,--.--,0,--.--,--.--,--.--,--.--,--.--,--.--,--.--,--.--,--.--,--.--,--.--,--.--,--.--,--.--,--.--,--.--,0,3324.000,3324.000,3324.000,3324.000,9.310,9.310,9.310,9.310,15.572,15.572,15.572,15.572,true,true,true,true,true,true,false,false,true,true,false,false,0.00,0.00,0.01,0.02,0.00,0.00,0.08,0.08,9223372036854775808,0,--.--,--.--,--.--,--.--,--.--,0,0,0,0,44.4368758,8.8840169,32TMQ 90769 20404,0.0,0.0,320.8,3,15,--.--,--.--,,--.--,--.--,--.--,0,0,--.--,--.--,0,0.0,-0.0,-39.7,0.0,0.0,-3.0,0.0,0.0,-40.2,-0.0,0.0,-3.0,--.--,--.--,--.--,--.--,-0.1,0.4,1.7,-0.2,0.0,-0.0,0.00,--.--,--.--,0,0,0.0,0.0,0.0,0,0,0,--.--,--.--,--.--
2025-10-02 15:04:03.739,-0.2,0.3,1,-0.1,-0.0,-0.0,0.0,0.0,0.000,3.0,39.8,-283.1,-308.1,42.000,0.000,0.000,0.000,0.0,00:00:20,0.0,0.9,1,--.--,0,--.--,--.--,0000:16:39,55,0,0,1,1,15.57,-1.00,0,--.--,77,--.--,--:--:--,1,-15.57,15:04:03,13:04:03,02/10/2025,--.--,--.--,--.--,--.--,--.--,--.--,--.--,--.--,--.--,--.--,--.--,--.--,0,--.--,--.--,--.--,--.--,--.--,--.--,--.--,--.--,--.--,--.--,--.--,--.--,--.--,--.--,--.--,--.--,0,3324.000,3324.000,3324.000,3324.000,9.310,9.310,9.310,9.310,15.542,15.542,15.542,15.542,true,true,true,true,true,true,false,false,true,true,false,false,0.00,0.00,0.01,0.03,0.00,0.00,0.08,0.08,9223372036854775808,0,--.--,--.--,--.--,--.--,--.--,0,0,0,0,44.4368760,8.8840168,32TMQ 90769 20404,0.0,0.0,27.4,3,15,--.--,--.--,,--.--,--.--,--.--,0,0,--.--,--.--,0,0.0,-0.0,-42.7,-0.0,0.0,-3.0,0.0,0.0,-43.3,-0.0,0.0,-3.0,--.--,--.--,--.--,--.--,-0.2,0.3,1.7,-0.0,0.1,-0.0,0.00,--.--,--.--,0,0,0.0,0.0,0.0,0,0,0,--.--,--.--,--.--
2025-10-02 15:04:04.751,-0.2,0.3,1,-0.1,-0.1,-0.0,0.0,0.0,0.000,3.0,42.8,-280.1,-305.1,44.990,0.000,0.000,0.000,0.0,00:00:21,0.0,0.0,1,--.--,0,--.--,--.--,0000:16:39,55,0,0,1,1,15.57,-1.00,0,--.--,77,--.--,--:--:--,1,-15.57,15:04:04,13:04:04,02/10/2025,--.--,--.--,--.--,--.--,--.--,--.--,--.--,--.--,--.--,--.--,--.--,--.--,0,--.--,--.--,--.--,--.--,--.--,--.--,--.--,--.--,--.--,--.--,--.--,--.--,--.--,--.--,--.--,--.--,0,3330.000,3330.000,3330.000,3324.000,9.325,9.325,9.325,9.310,15.512,15.512,15.512,15.512,true,true,true,true,true,true,false,false,true,true,false,false,0.00,0.00,0.01,0.03,0.00,0.00,0.08,0.08,9223372036854775808,0,--.--,--.--,--.--,--.--,--.--,0,0,0,0,44.4368760,8.8840169,32TMQ 90769 20404,0.0,0.0,110.5,3,15,--.--,--.--,,--.--,--.--,--.--,0,0,--.--,--.--,0,0.0,0.0,-45.7,-0.0,0.0,-3.0,0.0,0.0,-46.3,-0.0,-0.0,-3.0,--.--,--.--,--.--,--.--,-0.2,0.3,1.7,-0.0,-0.1,0.0,0.00,--.--,--.--,0,0,0.0,0.0,0.0,0,0,0,--.--,--.--,--.--
2025-10-02 15:04:05.738,-0.2,0.2,1,0.0,0.0,-0.0,0.0,0.0,0.000,3.0,45.7,-277.1,-302.1,47.984,0.000,0.000,0.000,0.0,00:00:22,0.0,3.0,1,--.--,0,--.--,--.--,0000:16:39,55,0,0,1,1,15.51,-1.00,0,--.--,74,--.--,--:--:--,1,-15.51,15:04:05,13:04:05,02/10/2025,--.--,--.--,--.--,--.--,--.--,--.--,--.--,--.--,--.--,--.--,--.--,--.--,0,--.--,--.--,--.--,--.--,--.--,--.--,--.--,--.--,--.--,--.--,--.--,--.--,--.--,--.--,--.--,--.--,0,3330.000,3330.000,3330.000,3324.000,9.325,9.325,9.325,9.310,15.482,15.482,15.482,15.482,true,true,true,true,true,true,false,false,true,true,false,false,0.00,0.00,0.01,0.01,0.00,0.00,0.08,0.08,9223372036854775808,0,--.--,--.--,--.--,--.--,--.--,0,0,0,0,44.4368759,8.8840171,32TMQ 90769 20404,0.0,0.0,152.3,3,15,--.--,--.--,,--.--,--.--,--.--,0,0,--.--,--.--,0,-0.0,0.0,-48.7,-0.0,-0.0,-3.0,0.0,0.0,-49.2,0.0,-0.0,-3.0,--.--,--.--,--.--,--.--,-0.2,0.2,1.7,-0.1,-0.1,0.0,0.00,--.--,--.--,0,0,0.0,0.0,0.0,0,0,0,--.--,--.--,--.--
2025-10-02 15:04:06.737,-0.2,0.2,1,0.1,-0.1,-0.0,0.0,0.0,0.000,3.0,48.7,-274.1,-299.1,50.985,0.000,0.000,0.000,0.0,00:00:23,0.0,1.3,1,--.--,0,--.--,--.--,0000:16:39,55,0,0,1,1,15.51,-1.00,0,--.--,74,--.--,--:--:--,1,-15.51,15:04:06,13:04:06,02/10/2025,--.--,--.--,--.--,--.--,--.--,--.--,--.--,--.--,--.--,--.--,--.--,--.--,0,--.--,--.--,--.--,--.--,--.--,--.--,--.--,--.--,--.--,--.--,--.--,--.--,--.--,--.--,--.--,--.--,0,3330.000,3330.000,3330.000,3330.000,9.325,9.325,9.325,9.325,15.452,15.452,15.452,15.452,true,true,true,true,true,true,false,false,true,true,false,false,0.00,0.00,0.01,0.01,0.00,0.00,0.08,0.08,9223372036854775808,0,--.--,--.--,--.--,--.--,--.--,0,0,0,0,44.4368758,8.8840171,32TMQ 90769 20404,0.0,0.0,0.0,3,15,--.--,--.--,,--.--,--.--,--.--,0,0,--.--,--.--,0,-0.0,0.0,-51.7,0.0,-0.0,-3.0,0.0,0.0,-52.2,0.0,-0.0,-3.0,--.--,--.--,--.--,--.--,-0.1,0.2,1.7,0.1,0.1,-0.0,0.00,--.--,--.--,0,0,0.0,0.0,0.0,0,0,0,--.--,--.--,--.--
2025-10-02 15:04:07.738,-0.1,0.3,1,-0.1,-0.0,-0.0,0.0,0.0,0.000,3.0,51.7,-271.1,-296.1,53.980,0.000,0.000,0.000,0.0,00:00:24,0.0,1.3,1,--.--,0,--.--,--.--,0000:16:39,55,0,0,1,1,15.45,-1.00,0,--.--,71,--.--,--:--:--,1,-15.45,15:04:07,13:04:07,02/10/2025,--.--,--.--,--.--,--.--,--.--,--.--,--.--,--.--,--.--,--.--,--.--,--.--,0,--.--,--.--,--.--,--.--,--.--,--.--,--.--,--.--,--.--,--.--,--.--,--.--,--.--,--.--,--.--,--.--,0,3330.000,3330.000,3330.000,3330.000,9.325,9.325,9.325,9.325,15.422,15.422,15.422,15.422,true,true,true,true,true,true,false,false,true,true,false,false,0.00,0.00,0.01,0.00,0.00,0.00,0.08,0.08,9223372036854775808,0,--.--,--.--,--.--,--.--,--.--,0,0,0,0,44.4368758,8.8840170,32TMQ 90769 20404,0.0,0.0,288.9,3,15,--.--,--.--,,--.--,--.--,--.--,0,0,--.--,--.--,0,-0.0,-0.0,-54.7,0.0,0.0,-3.0,0.0,0.0,-55.2,0.0,0.0,-3.0,--.--,--.--,--.--,--.--,-0.1,0.3,1.7,-0.1,0.1,-0.0,0.00,--.--,--.--,0,0,0.0,0.0,0.0,0,0,0,--.--,--.--,--.--
2025-10-02 15:04:08.742,-0.1,0.4,1,0.0,0.0,-0.0,0.0,0.0,0.000,3.0,54.7,-268.1,-293.1,57.004,0.000,0.000,0.000,0.0,00:00:25,0.0,2.0,1,--.--,0,--.--,--.--,0000:16:39,55,0,0,1,1,15.45,-1.00,0,--.--,71,--.--,--:--:--,1,-15.45,15:04:08,13:04:08,02/10/2025,--.--,--.--,--.--,--.--,--.--,--.--,--.--,--.--,--.--,--.--,--.--,--.--,0,--.--,--.--,--.--,--.--,--.--,--.--,--.--,--.--,--.--,--.--,--.--,--.--,--.--,--.--,--.--,--.--,0,3336.000,3336.000,3330.000,3336.000,9.340,9.340,9.325,9.340,15.392,15.392,15.392,15.392,true,true,true,true,true,true,false,false,true,true,false,false,0.00,0.00,0.01,0.00,0.00,0.00,0.08,0.08,9223372036854775808,0,--.--,--.--,--.--,--.--,--.--,0,0,0,0,44.4368759,8.8840168,32TMQ 90769 20404,0.0,0.0,344.6,3,15,--.--,--.--,,--.--,--.--,--.--,0,0,--.--,--.--,0,0.0,-0.0,-57.7,0.0,0.0,-3.0,0.0,0.0,-58.2,-0.0,0.0,-3.0,--.--,--.--,--.--,--.--,-0.1,0.4,1.7,-0.0,0.1,-0.0,0.00,--.--,--.--,0,0,0.0,0.0,0.0,0,0,0,--.--,--.--,--.--
2025-10-02 15:04:09.737,-0.2,0.3,1,-0.2,0.0,-0.0,0.0,0.0,0.000,3.0,57.7,-265.1,-290.1,60.005,0.000,0.000,0.000,0.0,00:00:26,0.0,1.0,1,--.--,0,--.--,--.--,0000:16:39,55,0,0,1,1,15.39,-1.00,0,--.--,67,--.--,--:--:--,1,-15.39,15:04:09,13:04:09,02/10/2025,--.--,--.--,--.--,--.--,--.--,--.--,--.--,--.--,--.--,--.--,--.--,--.--,0,--.--,--.--,--.--,--.--,--.--,--.--,--.--,--.--,--.--,--.--,--.--,--.--,--.--,--.--,--.--,--.--,0,3336.000,3330.000,3336.000,3330.000,9.340,9.325,9.340,9.325,15.362,15.362,15.362,15.362,true,true,true,true,true,true,false,false,true,true,false,false,0.00,0.00,0.00,0.02,0.00,0.00,0.08,0.08,9223372036854775808,0,--.--,--.--,--.--,--.--,--.--,0,0,0,0,44.4368760,8.8840169,32TMQ 90769 20404,0.0,0.0,0.0,3,15,--.--,--.--,,--.--,--.--,--.--,0,0,--.--,--.--,0,0.0,-0.0,-60.7,-0.0,0.0,-3.0,0.0,0.0,-61.2,-0.0,0.0,-3.0,--.--,--.--,--.--,--.--,-0.2,0.3,1.7,-0.1,-0.0,0.0,0.00,--.--,--.--,0,0,0.0,0.0,0.0,0,0,0,--.--,--.--,--.--
2025-10-02 15:04:10.751,-0.2,0.4,1,0.1,-0.1,-0.0,0.0,0.0,0.000,3.0,60.7,-262.1,-287.1,63.001,0.000,0.000,0.000,0.0,00:00:27,0.0,0.0,1,--.--,0,--.--,--.--,0000:16:39,52,0,0,1,1,15.39,-1.00,0,--.--,67,--.--,--:--:--,1,-15.39,15:04:10,13:04:10,02/10/2025,--.--,--.--,--.--,--.--,--.--,--.--,--.--,--.--,--.--,--.--,--.--,--.--,0,--.--,--.--,--.--,--.--,--.--,--.--,--.--,--.--,--.--,--.--,--.--,--.--,--.--,--.--,--.--,--.--,0,3336.000,3336.000,3330.000,3336.000,9.340,9.340,9.325,9.340,15.332,15.332,15.332,15.332,true,true,true,true,true,true,false,false,true,true,false,false,0.00,0.00,0.00,0.02,0.00,0.00,0.08,0.08,9223372036854775808,0,--.--,--.--,--.--,--.--,--.--,0,0,0,0,44.4368760,8.8840170,32TMQ 90769 20404,0.0,0.0,109.1,3,15,--.--,--.--,,--.--,--.--,--.--,0,0,--.--,--.--,0,0.0,0.0,-63.6,-0.0,-0.0,-2.9,0.0,0.0,-64.1,-0.0,-0.0,-3.0,--.--,--.--,--.--,--.--,-0.2,0.3,1.7,0.0,-0.1,0.0,0.00,--.--,--.--,0,0,0.0,0.0,0.0,0,0,0,--.--,--.--,--.--
2025-10-02 15:04:11.751,-0.2,0.3,1,-0.1,-0.1,-0.0,0.0,0.0,0.000,2.4,63.7,-259.1,-284.1,65.782,0.000,0.000,0.000,0.0,00:00:28,0.0,2.6,1,--.--,0,--.--,--.--,0000:16:39,43,0,0,1,1,15.33,-1.00,0,--.--,64,--.--,--:--:--,1,-15.33,15:04:11,13:04:11,02/10/2025,--.--,--.--,--.--,--.--,--.--,--.--,--.--,--.--,--.--,--.--,--.--,--.--,0,--.--,--.--,--.--,--.--,--.--,--.--,--.--,--.--,--.--,--.--,--.--,--.--,--.--,--.--,--.--,--.--,0,3174.000,3174.000,3174.000,3174.000,8.935,8.935,8.935,8.935,15.302,15.302,15.302,15.302,true,true,true,true,true,true,false,false,true,true,false,false,0.02,0.00,0.00,0.02,0.00,0.00,0.08,0.08,9223372036854775808,0,--.--,--.--,--.--,--.--,--.--,0,0,0,0,44.4368759,8.8840171,32TMQ 90769 20404,0.0,0.0,183.8,3,15,--.--,--.--,,--.--,--.--,--.--,0,0,--.--,--.--,0,-0.0,0.0,-66.3,-0.0,-0.0,-2.2,0.0,0.0,-66.3,0.0,-0.0,-1.8,--.--,--.--,--.--,--.--,-0.2,0.2,1.7,0.1,-0.1,0.0,0.00,--.--,--.--,0,0,0.0,0.0,0.0,0,0,0,--.--,--.--,--.--
2025-10-02 15:04:12.737,-0.1,0.3,1,0.1,0.0,-0.0,0.0,0.0,0.000,1.3,66.4,-256.4,-281.4,67.728,0.000,0.000,0.000,0.0,00:00:29,0.0,2.0,1,--.--,0,--.--,--.--,0000:16:39,40,0,0,1,1,15.33,-1.00,0,--.--,64,--.--,--:--:--,1,-15.33,15:04:12,13:04:12,02/10/2025,--.--,--.--,--.--,--.--,--.--,--.--,--.--,--.--,--.--,--.--,--.--,--.--,0,--.--,--.--,--.--,--.--,--.--,--.--,--.--,--.--,--.--,--.--,--.--,--.--,--.--,--.--,--.--,--.--,0,2520.000,2526.000,2526.000,2520.000,7.300,7.315,7.315,7.300,15.300,15.300,15.300,15.300,true,true,true,true,true,true,false,false,true,true,false,false,0.02,0.00,0.00,0.02,0.00,0.00,0.08,0.08,9223372036854775808,0,--.--,--.--,--.--,--.--,--.--,0,0,0,0,44.4368758,8.8840170,32TMQ 90769 20404,0.0,0.0,224.5,3,15,--.--,--.--,,--.--,--.--,--.--,0,0,--.--,--.--,0,-0.0,-0.0,-68.0,0.0,-0.0,-1.2,0.0,0.0,-67.7,0.0,0.0,-0.9,--.--,--.--,--.--,--.--,-0.1,0.3,1.7,0.1,0.0,-0.0,0.00,--.--,--.--,0,0,0.0,0.0,0.0,0,0,0,--.--,--.--,--.--
2025-10-02 15:04:13.751,-0.0,0.3,1,0.0,-0.1,-0.0,0.0,0.0,0.000,0.7,68.1,-254.8,-279.8,68.708,0.000,0.000,0.000,0.0,00:00:30,0.0,2.5,1,--.--,0,--.--,--.--,0000:16:39,43,0,0,1,1,15.30,-1.00,0,--.--,59,--.--,--:--:--,1,-15.30,15:04:13,13:04:13,02/10/2025,--.--,--.--,--.--,--.--,--.--,--.--,--.--,--.--,--.--,--.--,--.--,--.--,0,--.--,--.--,--.--,--.--,--.--,--.--,--.--,--.--,--.--,--.--,--.--,--.--,--.--,--.--,--.--,--.--,0,2472.000,2472.000,2472.000,2472.000,7.180,7.180,7.180,7.180,15.300,15.300,15.300,15.300,true,true,true,true,true,true,false,false,true,true,false,false,0.00,0.00,0.01,0.04,0.00,0.00,0.08,0.08,9223372036854775808,0,--.--,--.--,--.--,--.--,--.--,0,0,0,0,44.4368758,8.8840168,32TMQ 90769 20404,0.0,0.0,276.9,3,15,--.--,--.--,,--.--,--.--,--.--,0,0,--.--,--.--,0,-0.0,-0.0,-68.8,0.0,0.0,-0.6,0.0,0.0,-68.6,0.0,0.0,-0.5,--.--,--.--,--.--,--.--,-0.0,0.2,1.7,-0.1,-0.0,-0.0,0.00,--.--,--.--,0,0,0.0,0.0,0.0,0,0,0,--.--,--.--,--.--
2025-10-02 15:04:14.751,-0.1,0.3,1,-0.2,1.5,-0.0,0.0,0.0,0.000,0.4,68.9,-254.0,-279.0,69.161,0.000,0.000,0.000,0.0,00:00:31,0.0,1.9,1,--.--,0,--.--,--.--,0000:16:39,46,0,0,1,1,15.30,-1.00,0,--.--,59,--.--,--:--:--,1,-15.30,15:04:14,13:04:14,02/10/2025,--.--,--.--,--.--,--.--,--.--,--.--,--.--,--.--,--.--,--.--,--.--,--.--,0,--.--,--.--,--.--,--.--,--.--,--.--,--.--,--.--,--.--,--.--,--.--,--.--,--.--,--.--,--.--,--.--,0,2670.000,2670.000,2670.000,2670.000,7.675,7.675,7.675,7.675,15.300,15.300,15.300,15.300,true,true,true,true,true,true,false,false,true,true,false,false,0.00,0.00,0.01,0.04,0.00,0.00,0.08,0.08,9223372036854775808,0,--.--,--.--,--.--,--.--,--.--,0,0,0,0,44.4368758,8.8840167,32TMQ 90769 20404,0.0,0.0,341.4,3,15,--.--,--.--,,--.--,--.--,--.--,0,0,--.--,--.--,0,0.0,-0.0,-69.2,0.0,0.0,-0.4,-0.0,0.0,-69.2,-0.0,0.0,-0.4,--.--,--.--,--.--,--.--,-0.5,0.4,0.1,-2.8,0.4,-11.7,0.00,--.--,--.--,0,0,0.0,0.0,0.0,0,0,0,--.--,--.--,--.--
2025-10-02 15:04:15.740,-14.0,-11.0,321,-0.5,-5.1,-73.9,0.9,0.0,0.000,0.3,69.2,-253.6,-279.0,69.436,0.000,0.000,0.000,0.0,00:00:32,0.4,0.2,2,272,0,--.--,--.--,0000:16:39,48,0,0,1,1,15.30,-1.00,0,--.--,60,--.--,--:--:--,1,-15.30,15:04:15,13:04:15,02/10/2025,--.--,--.--,--.--,--.--,--.--,--.--,--.--,--.--,--.--,--.--,--.--,--.--,0,--.--,--.--,--.--,--.--,--.--,--.--,--.--,--.--,--.--,--.--,--.--,--.--,--.--,--.--,--.--,--.--,0,2442.000,2382.000,3030.000,3216.000,7.105,6.955,8.575,9.040,15.300,15.300,15.300,15.300,true,true,true,true,true,true,false,false,true,true,false,false,0.03,0.00,0.00,0.00,0.00,0.00,0.08,0.08,9223372036854775808,0,--.--,--.--,--.--,--.--,--.--,0,0,0,0,44.4368760,8.8840168,32TMQ 90769 20404,0.0,0.0,38.3,3,15,--.--,--.--,,--.--,--.--,--.--,0,0,--.--,--.--,0,0.0,-0.4,-69.5,-0.0,-1.5,-0.2,0.0,-0.6,-69.5,0.1,-2.0,-0.2,--.--,--.--,--.--,--.--,-12.2,-14.6,315.2,-5.7,-3.4,-58.9,0.00,--.--,--.--,0,0,0.0,0.0,0.0,0,0,0,--.--,--.--,--.--
2025-10-02 15:04:16.751,3.4,-16.5,263,0.4,20.6,-34.3,3.7,0.0,0.000,0.0,69.5,-253.3,-278.3,69.552,0.000,0.000,0.000,2.0,00:00:33,3.2,0.6,2,272,0,89,--.--,0000:16:39,50,0,0,1,1,15.30,-1.00,0,--.--,60,--.--,--:--:--,1,-15.30,15:04:16,13:04:16,02/10/2025,--.--,--.--,--.--,--.--,--.--,--.--,--.--,--.--,--.--,--.--,--.--,--.--,0,--.--,--.--,--.--,--.--,--.--,--.--,--.--,--.--,--.--,--.--,--.--,--.--,--.--,--.--,--.--,--.--,0,3000.000,3012.000,2856.000,2880.000,8.500,8.530,8.140,8.200,15.300,15.300,15.300,15.300,true,true,true,true,true,true,false,false,true,true,false,false,0.03,0.00,0.00,0.00,0.00,0.00,0.08,0.08,9223372036854775808,0,--.--,--.--,--.--,--.--,--.--,0,0,0,0,44.4368760,8.8840138,32TMQ 90769 20404,0.0,0.0,267.4,3,15,--.--,--.--,,--.--,--.--,--.--,0,0,--.--,--.--,0,-0.1,-3.1,-69.5,-0.0,-4.3,0.0,0.1,-3.3,-69.6,0.3,-4.5,-0.0,--.--,--.--,--.--,--.--,3.1,-13.2,271.8,-0.7,23.7,-18.5,0.00,--.--,--.--,0,0,0.0,0.0,0.0,0,0,0,--.--,--.--,--.--
2025-10-02 15:04:17.739,0.2,5.1,268,-3.4,5.6,26.1,5.3,0.0,0.000,0.1,69.5,-253.3,-278.3,69.475,0.000,0.000,0.000,8.3,00:00:34,8.5,1.4,2,272,0,90,--.--,0000:16:39,49,0,0,1,1,15.30,-1.00,0,--.--,61,--.--,--:--:--,1,-15.30,15:04:17,13:04:17,02/10/2025,--.--,--.--,--.--,--.--,--.--,--.--,--.--,--.--,--.--,--.--,--.--,--.--,0,--.--,--.--,--.--,--.--,--.--,--.--,--.--,--.--,--.--,--.--,--.--,--.--,--.--,--.--,--.--,--.--,0,3456.000,3450.000,2550.000,2448.000,9.640,9.625,7.375,7.120,15.300,15.300,15.300,15.300,true,true,true,true,true,true,false,false,true,true,false,false,0.04,0.01,0.01,0.06,0.00,0.00,0.08,0.08,9223372036854775808,0,--.--,--.--,--.--,--.--,--.--,0,0,0,0,44.4368752,8.8839807,32TMQ 90766 20404,0.0,0.0,268.9,3,15,--.--,--.--,,--.--,--.--,--.--,0,0,--.--,--.--,0,0.0,-8.5,-69.5,0.3,-5.3,-0.1,0.2,-8.0,-69.6,0.4,-4.6,-0.1,--.--,--.--,--.--,--.--,1.3,6.2,271.8,4.3,7.4,10.3,0.00,--.--,--.--,0,0,0.0,0.0,0.0,0,0,0,--.--,--.--,--.--
2025-10-02 15:04:18.738,-1.1,3.7,276,-1.5,-6.9,-7.1,4.8,0.0,0.000,0.1,69.5,-253.4,-280.4,69.541,0.000,0.000,0.000,12.4,00:00:35,13.8,2.7,2,272,0,92,--.--,0000:16:39,46,0,0,1,1,15.30,-1.00,0,--.--,61,--.--,--:--:--,1,-15.30,15:04:18,13:04:18,02/10/2025,--.--,--.--,--.--,--.--,--.--,--.--,--.--,--.--,--.--,--.--,--.--,--.--,0,--.--,--.--,--.--,--.--,--.--,--.--,--.--,--.--,--.--,--.--,--.--,--.--,--.--,--.--,--.--,--.--,0,2754.000,2760.000,3090.000,3090.000,7.885,7.900,8.725,8.725,15.300,15.300,15.300,15.300,true,true,true,true,true,true,false,false,true,true,false,false,0.04,0.01,0.01,0.06,0.00,0.00,0.08,0.08,9223372036854775808,0,--.--,--.--,--.--,--.--,--.--,0,0,0,0,44.4368760,8.8839123,32TMQ 90761 20404,0.0,0.0,273.5,3,15,--.--,--.--,,--.--,--.--,--.--,0,0,--.--,--.--,0,0.4,-13.7,-69.6,0.3,-4.6,-0.1,0.4,-13.1,-69.6,0.1,-4.4,-0.0,--.--,--.--,--.--,--.--,-1.5,2.8,271.8,-1.5,-8.4,-13.1,0.00,--.--,--.--,0,0,0.0,0.0,0.0,0,0,0,--.--,--.--,--.--
2025-10-02 15:04:19.751,-1.9,-3.6,270,0.0,-4.9,-0.4,4.5,0.0,0.000,0.0,69.6,-253.2,-280.2,69.658,0.000,0.000,0.000,16.4,00:00:36,18.1,3.8,2,272,0,92,--.--,0000:16:39,45,0,0,1,1,15.30,-1.00,0,--.--,60,--.--,--:--:--,1,-15.30,15:04:19,13:04:19,02/10/2025,--.--,--.--,--.--,--.--,--.--,--.--,--.--,--.--,--.--,--.--,--.--,--.--,0,--.--,--.--,--.--,--.--,--.--,--.--,--.--,--.--,--.--,--.--,--.--,--.--,--.--,--.--,--.--,--.--,0,2670.000,2634.000,2850.000,2814.000,7.675,7.585,8.125,8.035,15.300,15.300,15.300,15.300,true,true,true,true,true,true,false,false,true,true,false,false,0.03,0.00,0.00,0.03,0.00,0.00,0.08,0.08,9223372036854775808,0,--.--,--.--,--.--,--.--,--.--,0,0,0,0,44.4368797,8.8838481,32TMQ 90756 20404,0.0,0.0,274.8,3,15,--.--,--.--,,--.--,--.--,--.--,0,0,--.--,--.--,0,0.7,-18.1,-69.7,0.2,-4.5,0.0,0.6,-18.1,-69.6,-0.0,-5.0,0.1,--.--,--.--,--.--,--.--,-2.1,-4.1,271.8,-1.0,-6.6,3.0,0.00,--.--,--.--,0,0,0.0,0.0,0.0,0,0,0,--.--,--.--,--.--
2025-10-02 15:04:20.739,-0.8,-2.8,272,1.8,2.6,1.2,4.8,0.0,0.000,-0.1,69.7,-253.2,-280.2,69.661,0.000,0.000,0.000,22.5,00:00:37,22.6,4.5,2,272,0,92,--.--,0000:16:39,46,0,0,1,1,15.30,-1.00,0,--.--,60,--.--,--:--:--,1,-15.30,15:04:20,13:04:20,02/10/2025,--.--,--.--,--.--,--.--,--.--,--.--,--.--,--.--,--.--,--.--,--.--,--.--,0,--.--,--.--,--.--,--.--,--.--,--.--,--.--,--.--,--.--,--.--,--.--,--.--,--.--,--.--,--.--,--.--,0,2862.000,2814.000,2694.000,2646.000,8.155,8.035,7.735,7.615,15.300,15.300,15.300,15.300,true,true,true,true,true,true,false,false,true,true,false,false,0.03,0.00,0.00,0.03,0.00,0.00,0.08,0.08,9223372036854775808,0,--.--,--.--,--.--,--.--,--.--,0,0,0,0,44.4368824,8.8837936,32TMQ 90751 20404,0.0,0.0,272.8,3,15,--.--,--.--,,--.--,--.--,--.--,0,0,--.--,--.--,0,0.8,-22.5,-69.7,0.1,-4.9,0.1,0.7,-22.6,-69.6,0.0,-5.1,0.1,--.--,--.--,--.--,--.--,-0.4,-2.3,271.8,2.4,0.4,-1.8,0.00,--.--,--.--,0,0,0.0,0.0,0.0,0,0,0,--.--,--.--,--.--
2025-10-02 15:04:21.740,0.3,-1.2,272,0.4,1.3,-1.0,5.0,0.0,0.000,-0.0,69.7,-253.2,-280.2,69.627,0.000,0.000,0.000,26.6,00:00:38,27.3,5.3,2,272,0,92,--.--,0000:16:39,46,0,0,1,1,15.30,-1.00,0,--.--,60,--.--,--:--:--,1,-15.30,15:04:21,13:04:21,02/10/2025,--.--,--.--,--.--,--.--,--.--,--.--,--.--,--.--,--.--,--.--,--.--,--.--,0,--.--,--.--,--.--,--.--,--.--,--.--,--.--,--.--,--.--,--.--,--.--,--.--,--.--,--.--,--.--,--.--,0,2784.000,2748.000,2862.000,2826.000,7.960,7.870,8.155,8.065,15.300,15.300,15.300,15.300,true,true,true,true,true,true,false,false,true,true,false,false,0.05,0.01,0.01,0.07,0.00,0.00,0.08,0.08,9223372036854775808,0,--.--,--.--,--.--,--.--,--.--,0,0,0,0,44.4368833,8.8837368,32TMQ 90747 20404,0.0,0.0,270.2,3,15,--.--,--.--,,--.--,--.--,--.--,0,0,--.--,--.--,0,0.9,-27.4,-69.6,0.1,-5.0,0.0,0.9,-27.5,-69.6,0.2,-5.1,0.0,--.--,--.--,--.--,--.--,0.4,-1.0,271.8,0.1,1.7,-0.8,0.00,--.--,--.--,0,0,0.0,0.0,0.0,0,0,0,--.--,--.--,--.--
2025-10-02 15:04:22.737,0.0,-0.6,271,-0.7,0.3,0.1,5.1,0.0,0.000,-0.0,69.6,-253.2,-280.2,69.616,0.000,0.000,0.000,30.7,00:00:39,32.4,6.2,2,272,0,92,--.--,0000:16:39,46,0,0,1,1,15.30,-1.00,0,--.--,60,--.--,--:--:--,1,-15.30,15:04:22,13:04:22,02/10/2025,--.--,--.--,--.--,--.--,--.--,--.--,--.--,--.--,--.--,--.--,--.--,--.--,0,--.--,--.--,--.--,--.--,--.--,--.--,--.--,--.--,--.--,--.--,--.--,--.--,--.--,--.--,--.--,--.--,0,2838.000,2802.000,2820.000,2784.000,8.095,8.005,8.050,7.960,15.300,15.300,15.300,15.300,true,true,true,true,true,true,false,false,true,true,false,false,0.05,0.01,0.01,0.07,0.00,0.00,0.08,0.08,9223372036854775808,0,--.--,--.--,--.--,--.--,--.--,0,0,0,0,44.4368834,8.8836759,32TMQ 90742 20404,0.0,0.0,270.5,3,15,--.--,--.--,,--.--,--.--,--.--,0,0,--.--,--.--,0,1.0,-32.4,-69.6,0.2,-5.0,0.0,1.0,-32.4,-69.6,0.2,-5.0,0.0,--.--,--.--,--.--,--.--,-0.1,-0.4,271.8,-0.6,1.3,-0.0,0.00,--.--,--.--,0,0,0.0,0.0,0.0,0,0,0,--.--,--.--,--.--
2025-10-02 15:04:23.740,-0.6,-0.4,271,-0.5,-0.2,-0.1,5.0,0.0,0.000,-0.0,69.6,-253.2,-280.2,69.616,0.000,0.000,0.000,36.9,00:00:40,37.4,7.2,2,272,0,92,--.--,0000:16:39,46,0,0,1,1,15.30,-1.00,0,--.--,60,--.--,--:--:--,1,-15.30,15:04:23,13:04:23,02/10/2025,--.--,--.--,--.--,--.--,--.--,--.--,--.--,--.--,--.--,--.--,--.--,--.--,0,--.--,--.--,--.--,--.--,--.--,--.--,--.--,--.--,--.--,--.--,--.--,--.--,--.--,--.--,--.--,--.--,0,2814.000,2784.000,2808.000,2784.000,8.035,7.960,8.020,7.960,15.300,15.300,15.300,15.300,true,true,true,true,true,true,false,false,true,true,false,false,0.01,0.01,0.00,0.05,0.00,0.00,0.08,0.08,9223372036854775808,0,--.--,--.--,--.--,--.--,--.--,0,0,0,0,44.4368845,8.8836120,32TMQ 90737 20405,0.0,0.0,272.0,3,15,--.--,--.--,,--.--,--.--,--.--,0,0,--.--,--.--,0,1.2,-37.5,-69.6,0.2,-5.0,0.0,1.2,-37.5,-69.6,0.2,-5.0,0.0,--.--,--.--,--.--,--.--,-0.7,-0.3,271.8,-0.4,1.0,-0.4,0.00,--.--,--.--,0,0,0.0,0.0,0.0,0,0,0,--.--,--.--,--.--
2025-10-02 15:04:24.740,-0.8,-0.5,271,0.2,-0.3,-0.2,5.0,0.0,0.000,0.0,69.6,-253.2,-282.2,69.618,0.000,0.000,0.000,41.1,00:00:41,42.4,8.3,2,272,0,92,--.--,0000:16:39,46,0,0,1,1,15.30,-1.00,0,--.--,60,--.--,--:--:--,1,-15.30,15:04:24,13:04:24,02/10/2025,--.--,--.--,--.--,--.--,--.--,--.--,--.--,--.--,--.--,--.--,--.--,--.--,0,--.--,--.--,--.--,--.--,--.--,--.--,--.--,--.--,--.--,--.--,--.--,--.--,--.--,--.--,--.--,--.--,0,2802.000,2784.000,2808.000,2790.000,8.005,7.960,8.020,7.975,15.300,15.300,15.300,15.300,true,true,true,true,true,true,false,false,true,true,false,false,0.01,0.01,0.00,0.05,0.00,0.00,0.08,0.08,9223372036854775808,0,--.--,--.--,--.--,--.--,--.--,0,0,0,0,44.4368863,8.8835495,32TMQ 90732 20405,0.0,0.0,272.5,3,15,--.--,--.--,,--.--,--.--,--.--,0,0,--.--,--.--,0,1.4,-42.4,-69.6,0.2,-5.0,-0.0,1.3,-42.5,-69.6,0.1,-5.0,0.0,--.--,--.--,--.--,--.--,-0.7,-0.4,271.8,0.2,0.9,-0.1,0.00,--.--,--.--,0,0,0.0,0.0,0.0,0,0,0,--.--,--.--,--.--
2025-10-02 15:04:25.739,-0.4,-0.6,271,0.4,-0.3,0.0,5.0,0.0,0.000,0.0,69.6,-253.2,-282.2,69.624,0.000,0.000,0.000,47.2,00:00:42,47.4,9.3,2,272,0,92,--.--,0000:16:39,46,0,0,1,1,15.30,-1.00,0,--.--,60,--.--,--:--:--,1,-15.30,15:04:25,13:04:25,02/10/2025,--.--,--.--,--.--,--.--,--.--,--.--,--.--,--.--,--.--,--.--,--.--,--.--,0,--.--,--.--,--.--,--.--,--.--,--.--,--.--,--.--,--.--,--.--,--.--,--.--,--.--,--.--,--.--,--.--,0,2772.000,2820.000,2772.000,2814.000,7.930,8.050,7.930,8.035,15.300,15.300,15.300,15.300,true,true,true,true,true,true,false,false,true,true,false,false,0.01,0.01,0.00,0.04,0.00,0.00,0.08,0.08,9223372036854775808,0,--.--,--.--,--.--,--.--,--.--,0,0,0,0,44.4368881,8.8834860,32TMQ 90727 20405,0.0,0.0,271.9,3,15,--.--,--.--,,--.--,--.--,--.--,0,0,--.--,--.--,0,1.5,-47.4,-69.6,0.1,-5.0,-0.0,1.5,-47.5,-69.6,0.1,-5.0,0.0,--.--,--.--,--.--,--.--,-0.4,-0.4,271.8,0.4,1.0,-0.0,0.00,--.--,--.--,0,0,0.0,0.0,0.0,0,0,0,--.--,--.--,--.--
2025-10-02 15:04:26.739,-0.3,-0.6,271,0.0,0.0,-0.0,5.0,0.0,0.000,-0.0,69.6,-253.2,-282.2,69.631,0.000,0.000,0.000,51.3,00:00:43,52.4,10.3,2,272,0,92,--.--,0000:16:39,46,0,0,1,1,15.30,-1.00,0,--.--,60,--.--,--:--:--,1,-15.30,15:04:26,13:04:26,02/10/2025,--.--,--.--,--.--,--.--,--.--,--.--,--.--,--.--,--.--,--.--,--.--,--.--,0,--.--,--.--,--.--,--.--,--.--,--.--,--.--,--.--,--.--,--.--,--.--,--.--,--.--,--.--,--.--,--.--,0,2802.000,2778.000,2802.000,2778.000,8.005,7.945,8.005,7.945,15.300,15.300,15.300,15.300,true,true,true,true,true,true,false,false,true,true,false,false,0.01,0.01,0.00,0.04,0.00,0.00,0.08,0.08,9223372036854775808,0,--.--,--.--,--.--,--.--,--.--,0,0,0,0,44.4368894,8.8834225,32TMQ 90722 20405,0.0,0.0,271.4,3,15,--.--,--.--,,--.--,--.--,--.--,0,0,--.--,--.--,0,1.6,-52.4,-69.6,0.2,-5.0,0.0,1.6,-52.4,-69.6,0.2,-4.9,0.0,--.--,--.--,--.--,--.--,-0.3,-0.4,271.8,0.0,1.0,-0.1,0.00,--.--,--.--,0,0,0.0,0.0,0.0,0,0,0,--.--,--.--,--.--
2025-10-02 15:04:27.738,-0.4,-0.5,271,-0.2,0.1,-0.0,5.0,0.0,0.000,-0.0,69.6,-253.2,-282.2,69.636,0.000,0.000,0.000,55.5,00:00:44,57.4,11.3,2,272,0,92,--.--,0000:16:39,46,0,0,1,1,15.30,-1.00,0,--.--,60,--.--,--:--:--,1,-15.30,15:04:27,13:04:27,02/10/2025,--.--,--.--,--.--,--.--,--.--,--.--,--.--,--.--,--.--,--.--,--.--,--.--,0,--.--,--.--,--.--,--.--,--.--,--.--,--.--,--.--,--.--,--.--,--.--,--.--,--.--,--.--,--.--,--.--,0,2790.000,2790.000,2796.000,2790.000,7.975,7.975,7.990,7.975,15.300,15.300,15.300,15.300,true,true,true,true,true,true,false,false,true,true,false,false,0.01,0.02,0.00,0.02,0.00,0.00,0.08,0.08,9223372036854775808,0,--.--,--.--,--.--,--.--,--.--,0,0,0,0,44.4368906,8.8833604,32TMQ 90717 20405,0.0,0.0,271.6,3,15,--.--,--.--,,--.--,--.--,--.--,0,0,--.--,--.--,0,1.8,-57.4,-69.6,0.2,-5.0,0.0,1.8,-57.4,-69.6,0.2,-4.9,0.0,--.--,--.--,--.--,--.--,-0.4,0.1,271.8,-0.2,1.1,-0.1,0.00,--.--,--.--,0,0,0.0,0.0,0.0,0,0,0,--.--,--.--,--.--
2025-10-02 15:04:28.741,-0.6,-0.4,271,0.0,0.6,-0.0,5.0,0.0,0.000,-0.0,69.6,-253.2,-282.2,69.640,0.000,0.000,0.000,61.6,00:00:45,62.4,12.3,2,272,0,92,--.--,0000:16:39,46,0,0,1,1,15.30,-1.00,0,--.--,60,--.--,--:--:--,1,-15.30,15:04:28,13:04:28,02/10/2025,--.--,--.--,--.--,--.--,--.--,--.--,--.--,--.--,--.--,--.--,--.--,--.--,0,--.--,--.--,--.--,--.--,--.--,--.--,--.--,--.--,--.--,--.--,--.--,--.--,--.--,--.--,--.--,--.--,0,2796.000,2790.000,2790.000,2790.000,7.990,7.975,7.975,7.975,15.300,15.300,15.300,15.300,true,true,true,true,true,true,false,false,true,true,false,false,0.01,0.02,0.00,0.02,0.00,0.00,0.08,0.08,9223372036854775808,0,--.--,--.--,--.--,--.--,--.--,0,0,0,0,44.4368920,8.8832968,32TMQ 90712 20405,0.0,0.0,271.9,3,15,--.--,--.--,,--.--,--.--,--.--,0,0,--.--,--.--,0,2.0,-62.4,-69.6,0.2,-5.0,0.0,1.9,-62.4,-69.6,0.1,-5.0,0.0,--.--,--.--,--.--,--.--,-0.6,-0.3,271.8,0.0,-1.8,-0.1,0.00,--.--,--.--,0,0,0.0,0.0,0.0,0,0,0,--.--,--.--,--.--
2025-10-02 15:04:29.739,-0.5,-0.5,271,0.2,-0.4,-0.0,5.0,0.0,0.000,0.0,69.6,-253.2,-282.2,69.642,0.000,0.000,0.000,65.7,00:00:46,67.4,13.3,2,272,0,92,--.--,0000:16:39,46,0,0,1,1,15.30,-1.00,0,--.--,60,--.--,--:--:--,1,-15.30,15:04:29,13:04:29,02/10/2025,--.--,--.--,--.--,--.--,--.--,--.--,--.--,--.--,--.--,--.--,--.--,--.--,0,--.--,--.--,--.--,--.--,--.--,--.--,--.--,--.--,--.--,--.--,--.--,--.--,--.--,--.--,--.--,--.--,0,2814.000,2772.000,2814.000,2766.000,8.035,7.930,8.035,7.915,15.300,15.300,15.300,15.300,true,true,true,true,true,true,false,false,true,true,false,false,0.01,0.00,0.02,0.03,0.00,0.00,0.08,0.08,9223372036854775808,0,--.--,--.--,--.--,--.--,--.--,0,0,0,0,44.4368935,8.8832332,32TMQ 90707 20406,0.0,0.0,271.9,3,15,--.--,--.--,,--.--,--.--,--.--,0,0,--.--,--.--,0,2.1,-67.4,-69.6,0.2,-5.0,-0.0,2.1,-67.4,-69.6,0.1,-5.0,-0.0,--.--,--.--,--.--,--.--,-0.5,-0.3,271.8,0.2,-1.8,-0.1,0.00,--.--,--.--,0,0,0.0,0.0,0.0,0,0,0,--.--,--.--,--.--
2025-10-02 15:04:30.738,-0.4,-0.5,271,0.1,0.5,-0.0,5.0,0.0,0.000,0.0,69.6,-253.2,-288.2,69.643,0.000,0.000,0.000,71.9,00:00:47,72.4,14.3,2,272,0,92,--.--,0000:16:39,46,0,0,1,1,15.30,-1.00,0,--.--,60,--.--,--:--:--,1,-15.30,15:04:30,13:04:30,02/10/2025,--.--,--.--,--.--,--.--,--.--,--.--,--.--,--.--,--.--,--.--,--.--,--.--,0,--.--,--.--,--.--,--.--,--.--,--.--,--.--,--.--,--.--,--.--,--.--,--.--,--.--,--.--,--.--,--.--,0,2814.000,2772.000,2814.000,2772.000,8.035,7.930,8.035,7.930,15.300,15.300,15.300,15.300,true,true,true,true,true,true,false,false,true,true,false,false,0.01,0.00,0.02,0.03,0.00,0.00,0.08,0.08,9223372036854775808,0,--.--,--.--,--.--,--.--,--.--,0,0,0,0,44.4368949,8.8831710,32TMQ 90702 20406,0.0,0.0,271.7,3,15,--.--,--.--,,--.--,--.--,--.--,0,0,--.--,--.--,0,2.3,-72.4,-69.6,0.2,-5.0,-0.0,2.3,-72.4,-69.6,0.2,-5.0,-0.0,--.--,--.--,--.--,--.--,-0.4,-0.3,271.8,0.1,1.0,-0.1,0.00,--.--,--.--,0,0,0.0,0.0,0.0,0,0,0,--.--,--.--,--.--
2025-10-02 15:04:31.737,-0.5,-0.5,271,-0.1,0.3,-0.1,5.0,0.0,0.000,0.0,69.6,-253.2,-288.2,69.645,0.000,0.000,0.000,76.0,00:00:48,77.4,15.3,2,272,0,92,--.--,0000:16:39,46,0,0,1,1,15.30,-1.00,0,--.--,60,--.--,--:--:--,1,-15.30,15:04:31,13:04:31,02/10/2025,--.--,--.--,--.--,--.--,--.--,--.--,--.--,--.--,--.--,--.--,--.--,--.--,0,--.--,--.--,--.--,--.--,--.--,--.--,--.--,--.--,--.--,--.--,--.--,--.--,--.--,--.--,--.--,--.--,0,2814.000,2778.000,2814.000,2778.000,8.035,7.945,8.035,7.945,15.300,15.300,15.300,15.300,true,true,true,true,true,true,false,false,true,true,false,false,0.01,0.00,0.01,0.03,0.00,0.00,0.08,0.08,9223372036854775808,0,--.--,--.--,--.--,--.--,--.--,0,0,0,0,44.4368962,8.8831076,32TMQ 90697 20406,0.0,0.0,271.7,3,15,--.--,--.--,,--.--,--.--,--.--,0,0,--.--,--.--,0,2.4,-77.4,-69.6,0.2,-5.0,-0.0,2.4,-77.4,-69.6,0.2,-5.0,-0.0,--.--,--.--,--.--,--.--,-0.5,-0.3,271.8,-0.1,1.1,-0.1,0.00,--.--,--.--,0,0,0.0,0.0,0.0,0,0,0,--.--,--.--,--.--
2025-10-02 15:04:32.750,-0.5,-0.5,271,-0.0,0.6,-0.0,5.0,0.0,0.000,0.0,69.6,-253.2,-288.2,69.652,0.000,0.000,0.000,82.2,00:00:49,82.5,16.3,2,272,0,92,--.--,0000:16:39,46,0,0,1,1,15.30,-1.00,0,--.--,60,--.--,--:--:--,1,-15.30,15:04:32,13:04:32,02/10/2025,--.--,--.--,--.--,--.--,--.--,--.--,--.--,--.--,--.--,--.--,--.--,--.--,0,--.--,--.--,--.--,--.--,--.--,--.--,--.--,--.--,--.--,--.--,--.--,--.--,--.--,--.--,--.--,--.--,0,2814.000,2784.000,2814.000,2778.000,8.035,7.960,8.035,7.945,15.300,15.300,15.300,15.300,true,true,true,true,true,true,false,false,true,true,false,false,0.01,0.00,0.01,0.03,0.00,0.00,0.08,0.08,9223372036854775808,0,--.--,--.--,--.--,--.--,--.--,0,0,0,0,44.4368976,8.8830455,32TMQ 90692 20406,0.0,0.0,271.9,3,15,--.--,--.--,,--.--,--.--,--.--,0,0,--.--,--.--,0,2.6,-82.5,-69.7,0.2,-5.0,-0.0,2.6,-82.5,-69.7,0.1,-5.0,-0.0,--.--,--.--,--.--,--.--,-0.5,-0.3,271.8,-0.0,1.0,-0.0,0.00,--.--,--.--,0,0,0.0,0.0,0.0,0,0,0,--.--,--.--,--.--
2025-10-02 15:04:33.737,-0.5,-0.5,271,0.1,-0.0,-0.0,5.0,0.0,0.000,0.0,69.7,-253.2,-288.2,69.663,0.000,0.000,0.000,86.3,00:00:50,87.4,17.3,2,272,0,92,--.--,0000:16:39,46,0,0,1,1,15.30,-1.00,0,--.--,60,--.--,--:--:--,1,-15.30,15:04:33,13:04:33,02/10/2025,--.--,--.--,--.--,--.--,--.--,--.--,--.--,--.--,--.--,--.--,--.--,--.--,0,--.--,--.--,--.--,--.--,--.--,--.--,--.--,--.--,--.--,--.--,--.--,--.--,--.--,--.--,--.--,--.--,0,2802.000,2778.000,2802.000,2778.000,8.005,7.945,8.005,7.945,15.300,15.300,15.300,15.300,true,true,true,true,true,true,false,false,true,true,false,false,0.01,0.00,0.00,0.01,0.00,0.00,0.08,0.08,9223372036854775808,0,--.--,--.--,--.--,--.--,--.--,0,0,0,0,44.4368991,8.8829820,32TMQ 90687 20406,0.0,0.0,271.9,3,15,--.--,--.--,,--.--,--.--,--.--,0,0,--.--,--.--,0,2.7,-87.4,-69.7,0.2,-5.0,-0.0,2.7,-87.5,-69.7,0.1,-5.0,-0.0,--.--,--.--,--.--,--.--,-0.5,-0.4,271.8,0.1,1.0,-0.0,0.00,--.--,--.--,0,0,0.0,0.0,0.0,0,0,0,--.--,--.--,--.--
2025-10-02 15:04:34.750,-0.4,-0.5,271,0.1,-0.2,-0.0,5.0,0.0,0.000,0.0,69.7,-253.2,-288.2,69.667,0.000,0.000,0.000,92.5,00:00:51,92.4,18.3,2,272,0,92,--.--,0000:16:39,46,0,0,1,1,15.30,-1.00,0,--.--,60,--.--,--:--:--,1,-15.30,15:04:34,13:04:34,02/10/2025,--.--,--.--,--.--,--.--,--.--,--.--,--.--,--.--,--.--,--.--,--.--,--.--,0,--.--,--.--,--.--,--.--,--.--,--.--,--.--,--.--,--.--,--.--,--.--,--.--,--.--,--.--,--.--,--.--,0,2772.000,2814.000,2772.000,2814.000,7.930,8.035,7.930,8.035,15.300,15.300,15.300,15.300,true,true,true,true,true,true,false,false,true,true,false,false,0.01,0.00,0.00,0.01,0.00,0.00,0.08,0.08,9223372036854775808,0,--.--,--.--,--.--,--.--,--.--,0,0,0,0,44.4369006,8.8829186,32TMQ 90682 20406,0.0,0.0,271.7,3,15,--.--,--.--,,--.--,--.--,--.--,0,0,--.--,--.--,0,2.9,-92.4,-69.7,0.2,-5.0,-0.0,2.9,-92.5,-69.7,0.2,-5.0,-0.0,--.--,--.--,--.--,--.--,-0.4,-0.4,271.8,0.1,1.1,-0.0,0.00,--.--,--.--,0,0,0.0,0.0,0.0,0,0,0,--.--,--.--,--.--
2025-10-02 15:04:35.751,-0.4,-0.5,271,-0.1,-0.1,-0.0,5.0,0.0,0.000,0.0,69.7,-253.2,-296.2,69.673,0.000,0.000,0.000,96.6,00:00:52,97.4,19.3,2,272,0,92,--.--,0000:16:39,46,0,0,1,1,15.30,-1.00,0,--.--,60,--.--,--:--:--,1,-15.30,15:04:35,13:04:35,02/10/2025,--.--,--.--,--.--,--.--,--.--,--.--,--.--,--.--,--.--,--.--,--.--,--.--,0,--.--,--.--,--.--,--.--,--.--,--.--,--.--,--.--,--.--,--.--,--.--,--.--,--.--,--.--,--.--,--.--,0,2802.000,2784.000,2802.000,2784.000,8.005,7.960,8.005,7.960,15.300,15.300,15.300,15.300,true,true,true,true,true,true,false,false,true,true,false,false,0.01,0.01,0.00,0.01,0.00,0.00,0.08,0.08,9223372036854775808,0,--.--,--.--,--.--,--.--,--.--,0,0,0,0,44.4369019,8.8828565,32TMQ 90677 20407,0.0,0.0,271.7,3,15,--.--,--.--,,--.--,--.--,--.--,0,0,--.--,--.--,0,3.0,-97.3,-69.7,0.2,-5.0,-0.0,3.0,-97.4,-69.7,0.2,-5.0,-0.0,--.--,--.--,--.--,--.--,-0.5,-0.3,271.8,-0.1,1.1,-0.0,0.00,--.--,--.--,0,0,0.0,0.0,0.0,0,0,0,--.--,--.--,--.--
2025-10-02 15:04:36.750,-0.5,-0.5,271,-0.0,-0.3,-0.0,5.0,0.0,0.000,0.0,69.7,-253.1,-296.1,69.679,0.000,0.000,0.000,100.7,00:00:53,102.4,20.3,2,272,0,92,--.--,0000:16:39,46,0,0,1,1,15.30,-1.00,0,--.--,60,--.--,--:--:--,1,-15.30,15:04:36,13:04:36,02/10/2025,--.--,--.--,--.--,--.--,--.--,--.--,--.--,--.--,--.--,--.--,--.--,--.--,0,--.--,--.--,--.--,--.--,--.--,--.--,--.--,--.--,--.--,--.--,--.--,--.--,--.--,--.--,--.--,--.--,0,2796.000,2790.000,2796.000,2796.000,7.990,7.975,7.990,7.990,15.300,15.300,15.300,15.300,true,true,true,true,true,true,false,false,true,true,false,false,0.01,0.01,0.00,0.01,0.00,0.00,0.08,0.08,9223372036854775808,0,--.--,--.--,--.--,--.--,--.--,0,0,0,0,44.4369033,8.8827931,32TMQ 90672 20407,0.0,0.0,271.9,3,15,--.--,--.--,,--.--,--.--,--.--,0,0,--.--,--.--,0,3.2,-102.3,-69.7,0.2,-5.0,-0.0,3.2,-102.4,-69.7,0.2,-5.0,-0.0,--.--,--.--,--.--,--.--,-0.5,0.1,271.8,-0.0,1.0,-0.0,0.00,--.--,--.--,0,0,0.0,0.0,0.0,0,0,0,--.--,--.--,--.--
2025-10-02 15:04:37.751,-0.5,-0.6,271,0.1,-0.3,-0.1,5.0,0.0,0.000,0.0,69.7,-253.1,-296.1,69.686,0.000,0.000,0.000,106.8,00:00:54,107.4,21.3,2,272,0,92,--.--,0000:16:39,46,0,0,1,1,15.30,-1.00,0,--.--,60,--.--,--:--:--,1,-15.30,15:04:37,13:04:37,02/10/2025,--.--,--.--,--.--,--.--,--.--,--.--,--.--,--.--,--.--,--.--,--.--,--.--,0,--.--,--.--,--.--,--.--,--.--,--.--,--.--,--.--,--.--,--.--,--.--,--.--,--.--,--.--,--.--,--.--,0,2790.000,2796.000,2790.000,2796.000,7.975,7.990,7.975,7.990,15.300,15.300,15.300,15.300,true,true,true,true,true,true,false,false,true,true,false,false,0.01,0.00,0.00,0.02,0.00,0.00,0.08,0.08,9223372036854775808,0,--.--,--.--,--.--,--.--,--.--,0,0,0,0,44.4369047,8.8827310,32TMQ 90667 20407,0.0,0.0,271.8,3,15,--.--,--.--,,--.--,--.--,--.--,0,0,--.--,--.--,0,3.4,-107.4,-69.7,0.2,-5.0,-0.0,3.4,-107.4,-69.7,0.2,-5.0,-0.0,--.--,--.--,--.--,--.--,-0.5,-0.4,271.8,0.1,-1.8,-0.1,0.00,--.--,--.--,0,0,0.0,0.0,0.0,0,0,0,--.--,--.--,--.--
2025-10-02 15:04:38.750,-0.4,-0.5,271,-0.1,-0.1,-0.1,5.0,0.0,0.000,0.0,69.7,-253.1,-296.1,69.692,0.000,0.000,0.000,110.9,00:00:55,112.4,22.3,2,272,0,92,--.--,0000:16:39,46,0,0,1,1,15.30,-1.00,0,--.--,60,--.--,--:--:--,1,-15.30,15:04:38,13:04:38,02/10/2025,--.--,--.--,--.--,--.--,--.--,--.--,--.--,--.--,--.--,--.--,--.--,--.--,0,--.--,--.--,--.--,--.--,--.--,--.--,--.--,--.--,--.--,--.--,--.--,--.--,--.--,--.--,--.--,--.--,0,2814.000,2772.000,2814.000,2772.000,8.035,7.930,8.035,7.930,15.300,15.300,15.300,15.300,true,true,true,true,true,true,false,false,true,true,false,false,0.01,0.00,0.00,0.02,0.00,0.00,0.08,0.08,9223372036854775808,0,--.--,--.--,--.--,--.--,--.--,0,0,0,0,44.4369061,8.8826676,32TMQ 90662 20407,0.0,0.0,271.7,3,15,--.--,--.--,,--.--,--.--,--.--,0,0,--.--,--.--,0,3.5,-112.3,-69.7,0.2,-5.0,-0.0,3.5,-112.3,-69.7,0.2,-4.9,0.0,--.--,--.--,--.--,--.--,-0.4,-0.3,271.8,-0.1,-1.8,-0.1,0.00,--.--,--.--,0,0,0.0,0.0,0.0,0,0,0,--.--,--.--,--.--
2025-10-02 15:04:39.738,-0.5,-0.5,271,-0.1,0.5,-0.0,5.0,0.0,0.000,-0.0,69.7,-253.1,-296.1,69.699,0.000,0.000,0.000,117.2,00:00:56,117.4,23.3,2,272,0,92,--.--,0000:16:39,46,0,0,1,1,15.30,-1.00,0,--.--,60,--.--,--:--:--,1,-15.30,15:04:39,13:04:39,02/10/2025,--.--,--.--,--.--,--.--,--.--,--.--,--.--,--.--,--.--,--.--,--.--,--.--,0,--.--,--.--,--.--,--.--,--.--,--.--,--.--,--.--,--.--,--.--,--.--,--.--,--.--,--.--,--.--,--.--,0,2814.000,2766.000,2820.000,2766.000,8.035,7.915,8.050,7.915,15.300,15.300,15.300,15.300,true,true,true,true,true,true,false,false,true,true,false,false,0.01,0.00,0.01,0.02,0.00,0.00,0.08,0.08,9223372036854775808,0,--.--,--.--,--.--,--.--,--.--,0,0,0,0,44.4369075,8.8826041,32TMQ 90657 20407,0.0,0.0,271.8,3,15,--.--,--.--,,--.--,--.--,--.--,0,0,--.--,--.--,0,3.7,-117.3,-69.7,0.2,-5.0,0.0,3.7,-117.3,-69.7,0.2,-5.0,0.0,--.--,--.--,--.--,--.--,-0.5,-0.3,271.8,-0.1,-1.9,-0.0,0.00,--.--,--.--,0,0,0.0,0.0,0.0,0,0,0,--.--,--.--,--.--
2025-10-02 15:04:40.738,-0.5,-0.6,271,0.1,0.3,-0.0,5.0,0.0,0.000,-0.0,69.7,-253.1,-296.1,69.703,0.000,0.000,0.000,121.3,00:00:57,122.4,24.3,2,272,0,92,--.--,0000:16:39,46,0,0,1,1,15.30,-1.00,0,--.--,60,--.--,--:--:--,1,-15.30,15:04:40,13:04:40,02/10/2025,--.--,--.--,--.--,--.--,--.--,--.--,--.--,--.--,--.--,--.--,--.--,--.--,0,--.--,--.--,--.--,--.--,--.--,--.--,--.--,--.--,--.--,--.--,--.--,--.--,--.--,--.--,--.--,--.--,0,2814.000,2778.000,2808.000,2778.000,8.035,7.945,8.020,7.945,15.300,15.300,15.300,15.300,true,true,true,true,true,true,false,false,true,true,false,false,0.01,0.00,0.01,0.02,0.00,0.00,0.08,0.08,9223372036854775808,0,--.--,--.--,--.--,--.--,--.--,0,0,0,0,44.4369089,8.8825420,32TMQ 90652 20407,0.0,0.0,271.9,3,15,--.--,--.--,,--.--,--.--,--.--,0,0,--.--,--.--,0,3.8,-122.3,-69.7,0.2,-5.0,0.0,3.8,-122.3,-69.7,0.1,-5.0,0.0,--.--,--.--,--.--,--.--,-0.5,-0.4,271.8,0.1,1.0,-0.0,0.00,--.--,--.--,0,0,0.0,0.0,0.0,0,0,0,--.--,--.--,--.--
2025-10-02 15:04:41.737,-0.4,-0.5,271,0.1,0.7,-0.0,5.0,0.0,0.000,0.0,69.7,-253.1,-305.1,69.706,0.000,0.000,0.000,127.5,00:00:58,127.4,25.3,2,272,0,92,--.--,0000:16:39,46,0,0,1,1,15.30,-1.00,0,--.--,60,--.--,--:--:--,1,-15.30,15:04:41,13:04:41,02/10/2025,--.--,--.--,--.--,--.--,--.--,--.--,--.--,--.--,--.--,--.--,--.--,--.--,0,--.--,--.--,--.--,--.--,--.--,--.--,--.--,--.--,--.--,--.--,--.--,--.--,--.--,--.--,--.--,--.--,0,2808.000,2778.000,2808.000,2778.000,8.020,7.945,8.020,7.945,15.300,15.300,15.300,15.300,true,true,true,true,true,true,false,false,true,true,false,false,0.00,0.01,0.00,0.01,0.00,0.00,0.08,0.08,9223372036854775808,0,--.--,--.--,--.--,--.--,--.--,0,0,0,0,44.4369104,8.8824786,32TMQ 90647 20408,0.0,0.0,271.8,3,15,--.--,--.--,,--.--,--.--,--.--,0,0,--.--,--.--,0,4.0,-127.3,-69.7,0.2,-5.0,-0.0,4.0,-127.3,-69.7,0.2,-5.0,-0.0,--.--,--.--,--.--,--.--,-0.4,-0.4,271.8,0.1,1.1,-0.0,0.00,--.--,--.--,0,0,0.0,0.0,0.0,0,0,0,--.--,--.--,--.--
2025-10-02 15:04:42.738,-0.4,-0.5,271,0.0,0.5,-0.0,5.0,0.0,0.000,0.0,69.7,-253.1,-305.1,69.707,0.000,0.000,0.000,131.6,00:00:59,132.4,26.3,2,272,0,92,--.--,0000:16:39,46,0,0,1,1,15.30,-1.00,0,--.--,60,--.--,--:--:--,1,-15.30,15:04:42,13:04:42,02/10/2025,--.--,--.--,--.--,--.--,--.--,--.--,--.--,--.--,--.--,--.--,--.--,--.--,0,--.--,--.--,--.--,--.--,--.--,--.--,--.--,--.--,--.--,--.--,--.--,--.--,--.--,--.--,--.--,--.--,0,2808.000,2784.000,2808.000,2784.000,8.020,7.960,8.020,7.960,15.300,15.300,15.300,15.300,true,true,true,true,true,true,false,false,true,true,false,false,0.00,0.01,0.00,0.01,0.00,0.00,0.08,0.08,9223372036854775808,0,--.--,--.--,--.--,--.--,--.--,0,0,0,0,44.4369117,8.8824152,32TMQ 90642 20408,0.0,0.0,271.7,3,15,--.--,--.--,,--.--,--.--,--.--,0,0,--.--,--.--,0,4.1,-132.3,-69.7,0.2,-5.0,-0.0,4.1,-132.3,-69.7,0.2,-5.0,-0.0,--.--,--.--,--.--,--.--,-0.4,-0.4,271.8,-0.1,1.1,-0.0,0.00,--.--,--.--,0,0,0.0,0.0,0.0,0,0,0,--.--,--.--,--.--
2025-10-02 15:04:43.740,-0.5,-0.5,271,-0.1,-0.2,-0.0,5.0,0.0,0.000,0.0,69.7,-253.1,-305.1,69.710,0.000,0.000,0.000,135.7,00:01:00,137.4,27.3,2,272,0,92,--.--,0000:16:39,46,0,0,1,1,15.30,-1.00,0,--.--,60,--.--,--:--:--,1,-15.30,15:04:43,13:04:43,02/10/2025,--.--,--.--,--.--,--.--,--.--,--.--,--.--,--.--,--.--,--.--,--.--,--.--,0,--.--,--.--,--.--,--.--,--.--,--.--,--.--,--.--,--.--,--.--,--.--,--.--,--.--,--.--,--.--,--.--,0,2778.000,2820.000,2772.000,2820.000,7.945,8.050,7.930,8.050,15.300,15.300,15.300,15.300,true,true,true,true,true,true,false,false,true,true,false,false,0.01,0.01,0.00,0.01,0.00,0.00,0.08,0.08,9223372036854775808,0,--.--,--.--,--.--,--.--,--.--,0,0,0,0,44.4369131,8.8823530,32TMQ 90637 20408,0.0,0.0,271.8,3,15,--.--,--.--,,--.--,--.--,--.--,0,0,--.--,--.--,0,4.3,-137.3,-69.7,0.2,-5.0,-0.0,4.3,-137.3,-69.7,0.2,-5.0,-0.0,--.--,--.--,--.--,--.--,-0.5,-0.3,271.8,-0.0,1.1,-0.0,0.00,--.--,--.--,0,0,0.0,0.0,0.0,0,0,0,--.--,--.--,--.--
2025-10-02 15:04:44.751,-0.5,-0.6,271,0.1,-0.2,-0.0,5.0,0.0,0.000,0.0,69.7,-253.1,-305.1,69.718,0.000,0.000,0.000,141.9,00:01:01,142.4,28.3,2,272,0,92,--.--,0000:16:39,46,0,0,1,1,15.30,-1.00,0,--.--,60,--.--,--:--:--,1,-15.30,15:04:44,13:04:44,02/10/2025,--.--,--.--,--.--,--.--,--.--,--.--,--.--,--.--,--.--,--.--,--.--,--.--,0,--.--,--.--,--.--,--.--,--.--,--.--,--.--,--.--,--.--,--.--,--.--,--.--,--.--,--.--,--.--,--.--,0,2808.000,2790.000,2808.000,2784.000,8.020,7.975,8.020,7.960,15.300,15.300,15.300,15.300,true,true,true,true,true,true,false,false,true,true,false,false,0.01,0.01,0.00,0.01,0.00,0.00,0.08,0.08,9223372036854775808,0,--.--,--.--,--.--,--.--,--.--,0,0,0,0,44.4369146,8.8822895,32TMQ 90632 20408,0.0,0.0,271.9,3,15,--.--,--.--,,--.--,--.--,--.--,0,0,--.--,--.--,0,4.5,-142.3,-69.7,0.2,-5.0,-0.0,4.5,-142.3,-69.7,0.1,-5.0,-0.0,--.--,--.--,--.--,--.--,-0.5,-0.4,271.8,0.1,1.0,-0.0,0.00,--.--,--.--,0,0,0.0,0.0,0.0,0,0,0,--.--,--.--,--.--
2025-10-02 15:04:45.750,-0.4,-0.6,271,0.0,-0.3,-0.0,5.0,0.0,0.000,0.0,69.7,-253.1,-305.1,69.728,0.000,0.000,0.000,146.0,00:01:02,147.4,29.3,2,272,0,92,--.--,0000:16:39,46,0,0,1,1,15.30,-1.00,0,--.--,60,--.--,--:--:--,1,-15.30,15:04:45,13:04:45,02/10/2025,--.--,--.--,--.--,--.--,--.--,--.--,--.--,--.--,--.--,--.--,--.--,--.--,0,--.--,--.--,--.--,--.--,--.--,--.--,--.--,--.--,--.--,--.--,--.--,--.--,--.--,--.--,--.--,--.--,0,2790.000,2790.000,2790.000,2790.000,7.975,7.975,7.975,7.975,15.300,15.300,15.300,15.300,true,true,true,true,true,true,false,false,true,true,false,false,0.00,0.00,0.00,0.01,0.00,0.00,0.08,0.08,9223372036854775808,0,--.--,--.--,--.--,--.--,--.--,0,0,0,0,44.4369160,8.8822274,32TMQ 90627 20408,0.0,0.0,271.7,3,15,--.--,--.--,,--.--,--.--,--.--,0,0,--.--,--.--,0,4.6,-147.3,-69.7,0.2,-5.0,-0.0,4.6,-147.3,-69.7,0.2,-5.0,-0.0,--.--,--.--,--.--,--.--,-0.4,-0.4,271.8,0.1,1.0,-0.0,0.00,--.--,--.--,0,0,0.0,0.0,0.0,0,0,0,--.--,--.--,--.--
2025-10-02 15:04:46.750,-0.5,-0.5,271,-0.2,-0.3,-0.1,5.0,0.0,0.000,0.0,69.7,-253.1,-310.1,69.732,0.000,0.000,0.000,152.1,00:01:03,152.4,30.3,2,272,0,92,--.--,0000:16:39,46,0,0,1,1,15.30,-1.00,0,--.--,60,--.--,--:--:--,1,-15.30,15:04:46,13:04:46,02/10/2025,--.--,--.--,--.--,--.--,--.--,--.--,--.--,--.--,--.--,--.--,--.--,--.--,0,--.--,--.--,--.--,--.--,--.--,--.--,--.--,--.--,--.--,--.--,--.--,--.--,--.--,--.--,--.--,--.--,0,2796.000,2790.000,2796.000,2790.000,7.990,7.975,7.990,7.975,15.300,15.300,15.300,15.300,true,true,true,true,true,true,false,false,true,true,false,false,0.00,0.00,0.00,0.01,0.00,0.00,0.08,0.08,9223372036854775808,0,--.--,--.--,--.--,--.--,--.--,0,0,0,0,44.4369173,8.8821640,32TMQ 90622 20408,0.0,0.0,271.7,3,15,--.--,--.--,,--.--,--.--,--.--,0,0,--.--,--.--,0,4.8,-152.3,-69.7,0.2,-5.0,-0.0,4.8,-152.2,-69.7,0.2,-4.9,-0.0,--.--,--.--,--.--,--.--,-0.5,-0.4,271.8,-0.1,1.0,-0.0,0.00,--.--,--.--,0,0,0.0,0.0,0.0,0,0,0,--.--,--.--,--.--
2025-10-02 15:04:47.751,-0.5,-0.6,271,-0.1,-0.3,-0.0,5.0,0.0,0.000,0.0,69.7,-253.1,-310.1,69.737,0.000,0.000,0.000,156.3,00:01:04,157.3,31.3,2,272,0,92,--.--,0000:16:39,46,0,0,1,1,15.30,-1.00,0,--.--,60,--.--,--:--:--,1,-15.30,15:04:47,13:04:47,02/10/2025,--.--,--.--,--.--,--.--,--.--,--.--,--.--,--.--,--.--,--.--,--.--,--.--,0,--.--,--.--,--.--,--.--,--.--,--.--,--.--,--.--,--.--,--.--,--.--,--.--,--.--,--.--,--.--,--.--,0,2820.000,2772.000,2820.000,2772.000,8.050,7.930,8.050,7.930,15.300,15.300,15.300,15.300,true,true,true,true,true,true,false,false,true,true,false,false,0.01,0.00,0.00,0.01,0.00,0.00,0.08,0.08,9223372036854775808,0,--.--,--.--,--.--,--.--,--.--,0,0,0,0,44.4369188,8.8821005,32TMQ 90617 20409,0.0,0.0,271.9,3,15,--.--,--.--,,--.--,--.--,--.--,0,0,--.--,--.--,0,4.9,-157.3,-69.7,0.2,-5.0,-0.0,4.9,-157.2,-69.7,0.1,-4.9,-0.0,--.--,--.--,--.--,--.--,-0.5,-0.4,271.8,-0.0,1.1,0.0,0.00,--.--,--.--,0,0,0.0,0.0,0.0,0,0,0,--.--,--.--,--.--
2025-10-02 15:04:48.738,-0.5,-0.6,271,0.1,0.3,-0.0,5.0,0.0,0.000,0.0,69.7,-253.1,-310.1,69.743,0.000,0.000,0.000,162.4,00:01:05,162.4,32.3,2,272,0,92,--.--,0000:16:39,46,0,0,1,1,15.30,-1.00,0,--.--,60,--.--,--:--:--,1,-15.30,15:04:48,13:04:48,02/10/2025,--.--,--.--,--.--,--.--,--.--,--.--,--.--,--.--,--.--,--.--,--.--,--.--,0,--.--,--.--,--.--,--.--,--.--,--.--,--.--,--.--,--.--,--.--,--.--,--.--,--.--,--.--,--.--,--.--,0,2814.000,2778.000,2814.000,2772.000,8.035,7.945,8.035,7.930,15.300,15.300,15.300,15.300,true,true,true,true,true,true,false,false,true,true,false,false,0.01,0.00,0.00,0.01,0.00,0.00,0.08,0.08,9223372036854775808,0,--.--,--.--,--.--,--.--,--.--,0,0,0,0,44.4369202,8.8820384,32TMQ 90612 20409,0.0,0.0,271.8,3,15,--.--,--.--,,--.--,--.--,--.--,0,0,--.--,--.--,0,5.1,-162.3,-69.7,0.2,-5.0,-0.0,5.1,-162.3,-69.7,0.2,-5.0,-0.0,--.--,--.--,--.--,--.--,-0.5,-0.4,271.8,0.1,-1.8,-0.0,0.00,--.--,--.--,0,0,0.0,0.0,0.0,0,0,0,--.--,--.--,--.--
2025-10-02 15:04:49.737,-0.4,-0.6,271,-0.1,0.3,-0.0,5.0,0.0,0.000,0.0,69.7,-253.1,-310.1,69.749,0.000,0.000,0.000,166.5,00:01:06,167.4,33.2,2,272,0,92,--.--,0000:16:39,46,0,0,1,1,15.30,-1.00,0,--.--,60,--.--,--:--:--,1,-15.30,15:04:49,13:04:49,02/10/2025,--.--,--.--,--.--,--.--,--.--,--.--,--.--,--.--,--.--,--.--,--.--,--.--,0,--.--,--.--,--.--,--.--,--.--,--.--,--.--,--.--,--.--,--.--,--.--,--.--,--.--,--.--,--.--,--.--,0,2808.000,2784.000,2808.000,2784.000,8.020,7.960,8.020,7.960,15.300,15.300,15.300,15.300,true,true,true,true,true,true,false,false,true,true,false,false,0.01,0.01,0.01,0.00,0.00,0.00,0.08,0.08,9223372036854775808,0,--.--,--.--,--.--,--.--,--.--,0,0,0,0,44.4369216,8.8819750,32TMQ 90607 20409,0.0,0.0,271.7,3,15,--.--,--.--,,--.--,--.--,--.--,0,0,--.--,--.--,0,5.2,-167.3,-69.8,0.2,-5.0,-0.0,5.2,-167.3,-69.7,0.2,-5.0,-0.0,--.--,--.--,--.--,--.--,-0.4,-0.4,271.8,-0.1,-1.8,-0.1,0.00,--.--,--.--,0,0,0.0,0.0,0.0,0,0,0,--.--,--.--,--.--
2025-10-02 15:04:50.750,-0.5,-0.6,271,-0.1,0.4,-0.0,5.0,0.0,0.000,0.0,69.8,-253.1,-299.1,69.756,0.000,0.000,0.000,170.7,00:01:07,172.3,34.3,2,272,0,92,--.--,0000:16:39,46,0,0,1,1,15.30,-1.00,0,--.--,60,--.--,--:--:--,1,-15.30,15:04:50,13:04:50,02/10/2025,--.--,--.--,--.--,--.--,--.--,--.--,--.--,--.--,--.--,--.--,--.--,--.--,0,--.--,--.--,--.--,--.--,--.--,--.--,--.--,--.--,--.--,--.--,--.--,--.--,--.--,--.--,--.--,--.--,0,2808.000,2772.000,2814.000,2778.000,8.020,7.930,8.035,7.945,15.300,15.300,15.300,15.300,true,true,true,true,true,true,false,false,true,true,false,false,0.01,0.01,0.01,0.00,0.00,0.00,0.08,0.08,9223372036854775808,0,--.--,--.--,--.--,--.--,--.--,0,0,0,0,44.4369229,8.8819128,32TMQ 90602 20409,0.0,0.0,271.8,3,15,--.--,--.--,,--.--,--.--,--.--,0,0,--.--,--.--,0,5.4,-172.3,-69.8,0.2,-5.0,-0.0,5.4,-172.3,-69.8,0.2,-5.0,-0.0,--.--,--.--,--.--,--.--,-0.5,-0.4,271.8,-0.1,-2.0,-0.0,0.00,--.--,--.--,0,0,0.0,0.0,0.0,0,0,0,--.--,--.--,--.--
2025-10-02 15:04:51.750,-0.5,-0.6,271,0.0,0.6,-0.0,5.0,0.0,0.000,-0.0,69.8,-253.1,-299.1,69.763,0.000,0.000,0.000,176.8,00:01:08,177.4,35.3,2,272,0,92,--.--,0000:16:39,46,0,0,1,1,15.30,-1.00,0,--.--,60,--.--,--:--:--,1,-15.30,15:04:51,13:04:51,02/10/2025,--.--,--.--,--.--,--.--,--.--,--.--,--.--,--.--,--.--,--.--,--.--,--.--,0,--.--,--.--,--.--,--.--,--.--,--.--,--.--,--.--,--.--,--.--,--.--,--.--,--.--,--.--,--.--,--.--,0,2802.000,2778.000,2802.000,2784.000,8.005,7.945,8.005,7.960,15.300,15.300,15.300,15.300,true,true,true,true,true,true,false,false,true,true,false,false,0.00,0.01,0.01,0.01,0.00,0.00,0.08,0.08,9223372036854775808,0,--.--,--.--,--.--,--.--,--.--,0,0,0,0,44.4369244,8.8818494,32TMQ 90597 20409,0.0,0.0,271.9,3,15,--.--,--.--,,--.--,--.--,--.--,0,0,--.--,--.--,0,5.6,-177.3,-69.8,0.2,-5.0,0.0,5.5,-177.2,-69.8,0.1,-5.0,0.0,--.--,--.--,--.--,--.--,-0.5,-0.4,271.8,0.1,1.1,-0.0,0.00,--.--,--.--,0,0,0.0,0.0,0.0,0,0,0,--.--,--.--,--.--
2025-10-02 15:04:52.738,-0.4,-0.5,271,0.2,-0.3,-0.0,5.0,0.0,0.000,-0.0,69.8,-253.1,-315.1,69.768,0.000,0.000,0.000,180.9,00:01:09,182.4,36.2,2,272,0,92,--.--,0000:16:39,46,0,0,1,1,15.30,-1.00,0,--.--,60,--.--,--:--:--,1,-15.30,15:04:52,13:04:52,02/10/2025,--.--,--.--,--.--,--.--,--.--,--.--,--.--,--.--,--.--,--.--,--.--,--.--,0,--.--,--.--,--.--,--.--,--.--,--.--,--.--,--.--,--.--,--.--,--.--,--.--,--.--,--.--,--.--,--.--,0,2766.000,2814.000,2772.000,2814.000,7.915,8.035,7.930,8.035,15.300,15.300,15.300,15.300,true,true,true,true,true,true,false,false,true,true,false,false,0.00,0.01,0.01,0.01,0.00,0.00,0.08,0.08,9223372036854775808,0,--.--,--.--,--.--,--.--,--.--,0,0,0,0,44.4369259,8.8817860,32TMQ 90592 20409,0.0,0.0,271.8,3,15,--.--,--.--,,--.--,--.--,--.--,0,0,--.--,--.--,0,5.7,-182.2,-69.8,0.1,-5.0,0.0,5.7,-182.2,-69.8,0.2,-5.0,0.0,--.--,--.--,--.--,--.--,-0.4,-0.4,271.8,0.1,1.0,0.0,0.00,--.--,--.--,0,0,0.0,0.0,0.0,0,0,0,--.--,--.--,--.--
2025-10-02 15:04:53.738,-0.4,-0.5,271,-0.1,-0.3,0.0,5.0,0.0,0.000,-0.0,69.8,-253.1,-315.1,69.772,0.000,0.000,0.000,187.0,00:01:10,187.4,37.2,2,272,0,92,--.--,0000:16:39,46,0,0,1,1,15.30,-1.00,0,--.--,60,--.--,--:--:--,1,-15.30,15:04:53,13:04:53,02/10/2025,--.--,--.--,--.--,--.--,--.--,--.--,--.--,--.--,--.--,--.--,--.--,--.--,0,--.--,--.--,--.--,--.--,--.--,--.--,--.--,--.--,--.--,--.--,--.--,--.--,--.--,--.--,--.--,--.--,0,2772.000,2814.000,2766.000,2814.000,7.930,8.035,7.915,8.035,15.300,15.300,15.300,15.300,true,true,true,true,true,true,false,false,true,true,false,false,0.00,0.00,0.01,0.01,0.00,0.00,0.08,0.08,9223372036854775808,0,--.--,--.--,--.--,--.--,--.--,0,0,0,0,44.4369272,8.8817238,32TMQ 90587 20410,0.0,0.0,271.7,3,15,--.--,--.--,,--.--,--.--,--.--,0,0,--.--,--.--,0,5.9,-187.3,-69.8,0.2,-5.0,-0.0,5.9,-187.3,-69.8,0.2,-5.0,-0.0,--.--,--.--,--.--,--.--,-0.4,-0.4,271.8,-0.0,0.9,0.0,0.00,--.--,--.--,0,0,0.0,0.0,0.0,0,0,0,--.--,--.--,--.--
2025-10-02 15:04:54.751,-0.5,-0.6,271,-0.1,-0.3,-0.0,5.0,0.0,0.000,0.0,69.8,-253.0,-315.0,69.774,0.000,0.000,0.000,191.2,00:01:11,192.3,38.3,2,272,0,92,--.--,0000:16:39,46,0,0,1,1,15.30,-1.00,0,--.--,60,--.--,--:--:--,1,-15.30,15:04:54,13:04:54,02/10/2025,--.--,--.--,--.--,--.--,--.--,--.--,--.--,--.--,--.--,--.--,--.--,--.--,0,--.--,--.--,--.--,--.--,--.--,--.--,--.--,--.--,--.--,--.--,--.--,--.--,--.--,--.--,--.--,--.--,0,2796.000,2790.000,2796.000,2790.000,7.990,7.975,7.990,7.975,15.300,15.300,15.300,15.300,true,true,true,true,true,true,false,false,true,true,false,false,0.00,0.00,0.01,0.01,0.00,0.00,0.08,0.08,9223372036854775808,0,--.--,--.--,--.--,--.--,--.--,0,0,0,0,44.4369286,8.8816603,32TMQ 90582 20410,0.0,0.0,271.8,3,15,--.--,--.--,,--.--,--.--,--.--,0,0,--.--,--.--,0,6.0,-192.3,-69.8,0.2,-5.0,-0.0,6.0,-192.3,-69.8,0.2,-5.0,-0.0,--.--,--.--,--.--,--.--,-0.5,-0.4,271.8,-0.0,1.0,-0.1,0.00,--.--,--.--,0,0,0.0,0.0,0.0,0,0,0,--.--,--.--,--.--
2025-10-02 15:04:55.738,-0.5,-0.6,271,0.1,-0.3,-0.0,5.0,0.0,0.000,0.0,69.8,-253.0,-315.0,69.775,0.000,0.000,0.000,197.3,00:01:12,197.3,39.2,2,272,0,92,--.--,0000:16:39,46,0,0,1,1,15.30,-1.00,0,--.--,60,--.--,--:--:--,1,-15.30,15:04:55,13:04:55,02/10/2025,--.--,--.--,--.--,--.--,--.--,--.--,--.--,--.--,--.--,--.--,--.--,--.--,0,--.--,--.--,--.--,--.--,--.--,--.--,--.--,--.--,--.--,--.--,--.--,--.--,--.--,--.--,--.--,--.--,0,2796.000,2790.000,2796.000,2796.000,7.990,7.975,7.990,7.990,15.300,15.300,15.300,15.300,true,true,true,true,true,true,false,false,true,true,false,false,0.00,0.01,0.01,0.02,0.00,0.00,0.08,0.08,9223372036854775808,0,--.--,--.--,--.--,--.--,--.--,0,0,0,0,44.4369301,8.8815969,32TMQ 90577 20410,0.0,0.0,271.9,3,15,--.--,--.--,,--.--,--.--,--.--,0,0,--.--,--.--,0,6.2,-197.3,-69.8,0.2,-5.0,-0.0,6.2,-197.2,-69.8,0.1,-4.9,-0.0,--.--,--.--,--.--,--.--,-0.5,-0.4,271.8,0.1,1.1,-0.0,0.00,--.--,--.--,0,0,0.0,0.0,0.0,0,0,0,--.--,--.--,--.--
2025-10-02 15:04:56.737,-0.4,-0.6,271,0.1,-0.3,-0.0,5.0,0.0,0.000,0.0,69.8,-253.0,-315.0,69.778,0.000,0.000,0.000,201.4,00:01:13,202.3,40.2,2,272,0,92,--.--,0000:16:39,46,0,0,1,1,15.30,-1.00,0,--.--,60,--.--,--:--:--,1,-15.30,15:04:56,13:04:56,02/10/2025,--.--,--.--,--.--,--.--,--.--,--.--,--.--,--.--,--.--,--.--,--.--,--.--,0,--.--,--.--,--.--,--.--,--.--,--.--,--.--,--.--,--.--,--.--,--.--,--.--,--.--,--.--,--.--,--.--,0,2820.000,2778.000,2820.000,2778.000,8.050,7.945,8.050,7.945,15.300,15.300,15.300,15.300,true,true,true,true,true,true,false,false,true,true,false,false,0.00,0.01,0.01,0.02,0.00,0.00,0.08,0.08,9223372036854775808,0,--.--,--.--,--.--,--.--,--.--,0,0,0,0,44.4369315,8.8815348,32TMQ 90572 20410,0.0,0.0,271.7,3,15,--.--,--.--,,--.--,--.--,--.--,0,0,--.--,--.--,0,6.3,-202.3,-69.8,0.1,-5.0,-0.0,6.3,-202.2,-69.8,0.2,-4.9,-0.0,--.--,--.--,--.--,--.--,-0.4,-0.4,271.8,0.1,1.0,0.0,0.00,--.--,--.--,0,0,0.0,0.0,0.0,0,0,0,--.--,--.--,--.--
2025-10-02 15:04:57.737,-0.5,-0.6,271,-0.2,0.2,0.0,5.0,0.0,0.000,0.0,69.8,-253.0,-315.0,69.790,0.000,0.000,0.000,205.6,00:01:14,207.3,41.3,2,272,0,92,--.--,0000:16:39,46,0,0,1,1,15.30,-1.00,0,--.--,60,--.--,--:--:--,1,-15.30,15:04:57,13:04:57,02/10/2025,--.--,--.--,--.--,--.--,--.--,--.--,--.--,--.--,--.--,--.--,--.--,--.--,0,--.--,--.--,--.--,--.--,--.--,--.--,--.--,--.--,--.--,--.--,--.--,--.--,--.--,--.--,--.--,--.--,0,2814.000,2778.000,2814.000,2772.000,8.035,7.945,8.035,7.930,15.300,15.300,15.300,15.300,true,true,true,true,true,true,false,false,true,true,false,false,0.00,0.00,0.00,0.00,0.00,0.00,0.08,0.08,9223372036854775808,0,--.--,--.--,--.--,--.--,--.--,0,0,0,0,44.4369328,8.8814713,32TMQ 90567 20410,0.0,0.0,271.7,3,15,--.--,--.--,,--.--,--.--,--.--,0,0,--.--,--.--,0,6.5,-207.3,-69.8,0.2,-5.0,-0.0,6.5,-207.2,-69.8,0.2,-5.0,-0.0,--.--,--.--,--.--,--.--,-0.5,-0.5,271.8,-0.2,-1.8,0.0,0.00,--.--,--.--,0,0,0.0,0.0,0.0,0,0,0,--.--,--.--,--.--
2025-10-02 15:04:58.739,-0.5,-0.6,271,-0.0,0.4,-0.0,5.0,0.0,0.000,0.0,69.8,-253.0,-316.0,69.797,0.000,0.000,0.000,211.7,00:01:15,212.3,42.2,2,272,0,92,--.--,0000:16:39,46,0,0,1,1,15.30,-1.00,0,--.--,60,--.--,--:--:--,1,-15.30,15:04:58,13:04:58,02/10/2025,--.--,--.--,--.--,--.--,--.--,--.--,--.--,--.--,--.--,--.--,--.--,--.--,0,--.--,--.--,--.--,--.--,--.--,--.--,--.--,--.--,--.--,--.--,--.--,--.--,--.--,--.--,--.--,--.--,0,2808.000,2772.000,2808.000,2772.000,8.020,7.930,8.020,7.930,15.300,15.300,15.300,15.300,true,true,true,true,true,true,false,false,true,true,false,false,0.00,0.00,0.00,0.00,0.00,0.00,0.08,0.08,9223372036854775808,0,--.--,--.--,--.--,--.--,--.--,0,0,0,0,44.4369343,8.8814080,32TMQ 90562 20410,0.0,0.0,271.9,3,15,--.--,--.--,,--.--,--.--,--.--,0,0,--.--,--.--,0,6.7,-212.2,-69.8,0.2,-5.0,-0.0,6.6,-212.2,-69.8,0.1,-5.0,-0.0,--.--,--.--,--.--,--.--,-0.5,-0.4,271.8,-0.0,-1.8,-0.0,0.00,--.--,--.--,0,0,0.0,0.0,0.0,0,0,0,--.--,--.--,--.--
2025-10-02 15:04:59.750,-0.5,-0.6,271,0.1,0.3,-0.0,5.0,0.0,0.000,0.0,69.8,-253.0,-316.0,69.801,0.000,0.000,0.000,215.8,00:01:16,217.3,43.2,2,272,0,92,--.--,0000:16:39,46,0,0,1,1,15.30,-1.00,0,--.--,60,--.--,--:--:--,1,-15.30,15:04:59,13:04:59,02/10/2025,--.--,--.--,--.--,--.--,--.--,--.--,--.--,--.--,--.--,--.--,--.--,--.--,0,--.--,--.--,--.--,--.--,--.--,--.--,--.--,--.--,--.--,--.--,--.--,--.--,--.--,--.--,--.--,--.--,0,2814.000,2778.000,2814.000,2778.000,8.035,7.945,8.035,7.945,15.300,15.300,15.300,15.300,true,true,true,true,true,true,false,false,true,true,false,false,0.00,0.01,0.01,0.00,0.00,0.00,0.08,0.08,9223372036854775808,0,--.--,--.--,--.--,--.--,--.--,0,0,0,0,44.4369357,8.8813458,32TMQ 90557 20411,0.0,0.0,271.8,3,15,--.--,--.--,,--.--,--.--,--.--,0,0,--.--,--.--,0,6.8,-217.2,-69.8,0.1,-5.0,-0.0,6.8,-217.2,-69.8,0.2,-5.0,-0.0,--.--,--.--,--.--,--.--,-0.5,-0.4,271.8,0.1,-1.9,-0.1,0.00,--.--,--.--,0,0,0.0,0.0,0.0,0,0,0,--.--,--.--,--.--
2025-10-02 15:05:00.737,-0.4,-0.6,271,-0.1,0.2,-0.1,5.0,0.0,0.000,0.0,69.8,-253.0,-316.0,69.807,0.000,0.000,0.000,222.1,00:01:17,222.3,44.2,2,272,0,92,--.--,0000:16:39,46,0,0,1,1,15.30,-1.00,0,--.--,60,--.--,--:--:--,1,-15.30,15:05:00,13:05:00,02/10/2025,--.--,--.--,--.--,--.--,--.--,--.--,--.--,--.--,--.--,--.--,--.--,--.--,0,--.--,--.--,--.--,--.--,--.--,--.--,--.--,--.--,--.--,--.--,--.--,--.--,--.--,--.--,--.--,--.--,0,2808.000,2778.000,2808.000,2784.000,8.020,7.945,8.020,7.960,15.300,15.300,15.300,15.300,true,true,true,true,true,true,false,false,true,true,false,false,0.00,0.01,0.01,0.00,0.00,0.00,0.08,0.08,9223372036854775808,0,--.--,--.--,--.--,--.--,--.--,0,0,0,0,44.4369371,8.8812823,32TMQ 90552 20411,0.0,0.0,271.7,3,15,--.--,--.--,,--.--,--.--,--.--,0,0,--.--,--.--,0,7.0,-222.2,-69.8,0.2,-5.0,-0.0,7.0,-222.2,-69.8,0.2,-5.0,-0.0,--.--,--.--,--.--,--.--,-0.4,-0.4,271.8,-0.1,0.9,-0.0,0.00,--.--,--.--,0,0,0.0,0.0,0.0,0,0,0,--.--,--.--,--.--
2025-10-02 15:05:01.740,-0.5,-0.6,271,-0.1,0.6,-0.1,5.0,0.0,0.000,0.0,69.8,-253.0,-316.0,69.814,0.000,0.000,0.000,226.1,00:01:18,227.3,45.2,2,272,0,92,--.--,0000:16:39,46,0,0,1,1,15.30,-1.00,0,--.--,60,--.--,--:--:--,1,-15.30,15:05:01,13:05:01,02/10/2025,--.--,--.--,--.--,--.--,--.--,--.--,--.--,--.--,--.--,--.--,--.--,--.--,0,--.--,--.--,--.--,--.--,--.--,--.--,--.--,--.--,--.--,--.--,--.--,--.--,--.--,--.--,--.--,--.--,0,2772.000,2814.000,2772.000,2814.000,7.930,8.035,7.930,8.035,15.300,15.300,15.300,15.300,true,true,true,true,true,true,false,false,true,true,false,false,0.00,0.00,0.01,0.00,0.00,0.00,0.08,0.08,9223372036854775808,0,--.--,--.--,--.--,--.--,--.--,0,0,0,0,44.4369384,8.8812202,32TMQ 90547 20411,0.0,0.0,271.8,3,15,--.--,--.--,,--.--,--.--,--.--,0,0,--.--,--.--,0,7.1,-227.2,-69.8,0.2,-5.0,-0.0,7.1,-227.2,-69.8,0.2,-5.0,-0.0,--.--,--.--,--.--,--.--,-0.5,-0.5,271.8,-0.1,1.1,-0.0,0.00,--.--,--.--,0,0,0.0,0.0,0.0,0,0,0,--.--,--.--,--.--
2025-10-02 15:05:02.751,-0.5,-0.5,271,0.1,0.5,-0.0,5.0,0.0,0.000,0.0,69.8,-253.0,-316.0,69.820,0.000,0.000,0.000,232.4,00:01:19,232.3,46.2,2,272,0,92,--.--,0000:16:39,46,0,0,1,1,15.30,-1.00,0,--.--,60,--.--,--:--:--,1,-15.30,15:05:02,13:05:02,02/10/2025,--.--,--.--,--.--,--.--,--.--,--.--,--.--,--.--,--.--,--.--,--.--,--.--,0,--.--,--.--,--.--,--.--,--.--,--.--,--.--,--.--,--.--,--.--,--.--,--.--,--.--,--.--,--.--,--.--,0,2778.000,2808.000,2778.000,2808.000,7.945,8.020,7.945,8.020,15.300,15.300,15.300,15.300,true,true,true,true,true,true,false,false,true,true,false,false,0.00,0.00,0.01,0.00,0.00,0.00,0.08,0.08,9223372036854775808,0,--.--,--.--,--.--,--.--,--.--,0,0,0,0,44.4369399,8.8811568,32TMQ 90542 20411,0.0,0.0,271.9,3,15,--.--,--.--,,--.--,--.--,--.--,0,0,--.--,--.--,0,7.3,-232.3,-69.8,0.2,-5.0,-0.0,7.3,-232.3,-69.8,0.2,-5.0,-0.0,--.--,--.--,--.--,--.--,-0.5,-0.4,271.8,0.1,1.0,-0.0,0.00,--.--,--.--,0,0,0.0,0.0,0.0,0,0,0,--.--,--.--,--.--
2025-10-02 15:05:03.750,-0.4,-0.6,271,0.1,-0.4,-0.0,5.0,0.0,0.000,-0.0,69.8,-253.0,-316.0,69.827,0.000,0.000,0.000,236.5,00:01:20,237.3,47.3,2,272,0,92,--.--,0000:16:39,46,0,0,1,1,15.30,-1.00,0,--.--,60,--.--,--:--:--,1,-15.30,15:05:03,13:05:03,02/10/2025,--.--,--.--,--.--,--.--,--.--,--.--,--.--,--.--,--.--,--.--,--.--,--.--,0,--.--,--.--,--.--,--.--,--.--,--.--,--.--,--.--,--.--,--.--,--.--,--.--,--.--,--.--,--.--,--.--,0,2790.000,2790.000,2790.000,2796.000,7.975,7.975,7.975,7.990,15.300,15.300,15.300,15.300,true,true,true,true,true,true,false,false,true,true,false,false,0.00,0.01,0.00,0.04,0.00,0.00,0.08,0.08,9223372036854775808,0,--.--,--.--,--.--,--.--,--.--,0,0,0,0,44.4369413,8.8810933,32TMQ 90537 20411,0.0,0.0,271.7,3,15,--.--,--.--,,--.--,--.--,--.--,0,0,--.--,--.--,0,7.4,-237.3,-69.8,0.1,-5.0,0.0,7.4,-237.3,-69.8,0.2,-5.0,0.0,--.--,--.--,--.--,--.--,-0.4,-0.4,271.8,0.1,0.9,-0.0,0.00,--.--,--.--,0,0,0.0,0.0,0.0,0,0,0,--.--,--.--,--.--
2025-10-02 15:05:04.738,-0.5,-0.6,271,-0.1,-0.2,-0.0,5.0,0.0,0.000,-0.0,69.8,-253.0,-327.0,69.833,0.000,0.000,0.000,240.5,00:01:21,242.3,48.3,2,272,0,92,--.--,0000:16:39,46,0,0,1,1,15.30,-1.00,0,--.--,60,--.--,--:--:--,1,-15.30,15:05:04,13:05:04,02/10/2025,--.--,--.--,--.--,--.--,--.--,--.--,--.--,--.--,--.--,--.--,--.--,--.--,0,--.--,--.--,--.--,--.--,--.--,--.--,--.--,--.--,--.--,--.--,--.--,--.--,--.--,--.--,--.--,--.--,0,2796.000,2790.000,2796.000,2790.000,7.990,7.975,7.990,7.975,15.300,15.300,15.300,15.300,true,true,true,true,true,true,false,false,true,true,false,false,0.00,0.01,0.00,0.04,0.00,0.00,0.08,0.08,9223372036854775808,0,--.--,--.--,--.--,--.--,--.--,0,0,0,0,44.4369427,8.8810312,32TMQ 90532 20411,0.0,0.0,271.7,3,15,--.--,--.--,,--.--,--.--,--.--,0,0,--.--,--.--,0,7.6,-242.2,-69.8,0.2,-5.0,0.0,7.6,-242.2,-69.8,0.2,-4.9,0.0,--.--,--.--,--.--,--.--,-0.5,-0.5,271.8,-0.1,1.0,-0.0,0.00,--.--,--.--,0,0,0.0,0.0,0.0,0,0,0,--.--,--.--,--.--
2025-10-02 15:05:05.737,-0.5,-0.6,271,-0.1,-0.3,-0.0,5.0,0.0,0.000,-0.0,69.8,-253.0,-327.0,69.838,0.000,0.000,0.000,246.7,00:01:22,247.3,49.2,2,272,0,92,--.--,0000:16:39,46,0,0,1,1,15.30,-1.00,0,--.--,60,--.--,--:--:--,1,-15.30,15:05:05,13:05:05,02/10/2025,--.--,--.--,--.--,--.--,--.--,--.--,--.--,--.--,--.--,--.--,--.--,--.--,0,--.--,--.--,--.--,--.--,--.--,--.--,--.--,--.--,--.--,--.--,--.--,--.--,--.--,--.--,--.--,--.--,0,2814.000,2772.000,2814.000,2772.000,8.035,7.930,8.035,7.930,15.300,15.300,15.300,15.300,true,true,true,true,true,true,false,false,true,true,false,false,0.00,0.01,0.01,0.01,0.00,0.00,0.08,0.08,9223372036854775808,0,--.--,--.--,--.--,--.--,--.--,0,0,0,0,44.4369441,8.8809678,32TMQ 90527 20412,0.0,0.0,271.9,3,15,--.--,--.--,,--.--,--.--,--.--,0,0,--.--,--.--,0,7.7,-247.2,-69.8,0.2,-5.0,0.0,7.7,-247.2,-69.8,0.1,-4.9,0.0,--.--,--.--,--.--,--.--,-0.5,-0.4,271.8,-0.0,1.1,0.1,0.00,--.--,--.--,0,0,0.0,0.0,0.0,0,0,0,--.--,--.--,--.--
2025-10-02 15:05:06.737,-0.5,-0.6,271,-0.0,-0.3,-0.0,5.0,0.0,0.000,0.0,69.8,-253.0,-327.0,69.841,0.000,0.000,0.000,250.8,00:01:23,252.3,50.2,2,272,0,92,--.--,0000:16:39,46,0,0,1,1,15.30,-1.00,0,--.--,60,--.--,--:--:--,1,-15.30,15:05:06,13:05:06,02/10/2025,--.--,--.--,--.--,--.--,--.--,--.--,--.--,--.--,--.--,--.--,--.--,--.--,0,--.--,--.--,--.--,--.--,--.--,--.--,--.--,--.--,--.--,--.--,--.--,--.--,--.--,--.--,--.--,--.--,0,2814.000,2772.000,2808.000,2772.000,8.035,7.930,8.020,7.930,15.300,15.300,15.300,15.300,true,true,true,true,true,true,false,false,true,true,false,false,0.00,0.01,0.01,0.01,0.00,0.00,0.08,0.08,9223372036854775808,0,--.--,--.--,--.--,--.--,--.--,0,0,0,0,44.4369455,8.8809056,32TMQ 90522 20412,0.0,0.0,271.8,3,15,--.--,--.--,,--.--,--.--,--.--,0,0,--.--,--.--,0,7.9,-252.2,-69.8,0.1,-5.0,-0.0,7.9,-252.2,-69.8,0.1,-5.0,-0.0,--.--,--.--,--.--,--.--,-0.5,-0.4,271.8,0.1,-1.7,-0.0,0.00,--.--,--.--,0,0,0.0,0.0,0.0,0,0,0,--.--,--.--,--.--
2025-10-02 15:05:07.738,-0.4,-0.6,271,-0.0,-0.3,-0.0,5.0,0.0,0.000,0.0,69.8,-253.0,-327.0,69.843,0.000,0.000,0.000,257.0,00:01:24,257.3,51.2,2,272,0,92,--.--,0000:16:39,46,0,0,1,1,15.30,-1.00,0,--.--,60,--.--,--:--:--,1,-15.30,15:05:07,13:05:07,02/10/2025,--.--,--.--,--.--,--.--,--.--,--.--,--.--,--.--,--.--,--.--,--.--,--.--,0,--.--,--.--,--.--,--.--,--.--,--.--,--.--,--.--,--.--,--.--,--.--,--.--,--.--,--.--,--.--,--.--,0,2814.000,2778.000,2814.000,2772.000,8.035,7.945,8.035,7.930,15.300,15.300,15.300,15.300,true,true,true,true,true,true,false,false,true,true,false,false,0.01,0.01,0.00,0.02,0.00,0.00,0.08,0.08,9223372036854775808,0,--.--,--.--,--.--,--.--,--.--,0,0,0,0,44.4369469,8.8808421,32TMQ 90517 20412,0.0,0.0,271.7,3,15,--.--,--.--,,--.--,--.--,--.--,0,0,--.--,--.--,0,8.1,-257.2,-69.8,0.2,-5.0,-0.0,8.1,-257.2,-69.8,0.2,-5.0,-0.0,--.--,--.--,--.--,--.--,-0.4,-0.4,271.8,-0.0,-1.9,-0.0,0.00,--.--,--.--,0,0,0.0,0.0,0.0,0,0,0,--.--,--.--,--.--
2025-10-02 15:05:08.740,-0.5,-0.6,271,-0.1,-0.2,-0.0,5.0,0.0,0.000,0.0,69.8,-253.0,-327.0,69.845,0.000,0.000,0.000,261.2,00:01:25,262.3,52.2,2,272,0,92,--.--,0000:16:39,46,0,0,1,1,15.30,-1.00,0,--.--,60,--.--,--:--:--,1,-15.30,15:05:08,13:05:08,02/10/2025,--.--,--.--,--.--,--.--,--.--,--.--,--.--,--.--,--.--,--.--,--.--,--.--,0,--.--,--.--,--.--,--.--,--.--,--.--,--.--,--.--,--.--,--.--,--.--,--.--,--.--,--.--,--.--,--.--,0,2814.000,2778.000,2814.000,2778.000,8.035,7.945,8.035,7.945,15.300,15.300,15.300,15.300,true,true,true,true,true,true,false,false,true,true,false,false,0.01,0.01,0.00,0.02,0.00,0.00,0.08,0.08,9223372036854775808,0,--.--,--.--,--.--,--.--,--.--,0,0,0,0,44.4369483,8.8807787,32TMQ 90511 20412,0.0,0.0,271.8,3,15,--.--,--.--,,--.--,--.--,--.--,0,0,--.--,--.--,0,8.2,-262.2,-69.8,0.2,-5.0,-0.0,8.2,-262.2,-69.8,0.2,-5.0,-0.0,--.--,--.--,--.--,--.--,-0.5,-0.5,271.8,-0.1,-1.9,-0.0,0.00,--.--,--.--,0,0,0.0,0.0,0.0,0,0,0,--.--,--.--,--.--
2025-10-02 15:05:09.738,-0.6,-0.6,271,-0.0,0.5,-0.1,5.0,0.0,0.000,0.0,69.8,-253.0,-336.0,69.850,0.000,0.000,0.000,267.3,00:01:26,267.3,53.2,2,272,0,92,--.--,0000:16:39,46,0,0,1,1,15.30,-1.00,0,--.--,60,--.--,--:--:--,1,-15.30,15:05:09,13:05:09,02/10/2025,--.--,--.--,--.--,--.--,--.--,--.--,--.--,--.--,--.--,--.--,--.--,--.--,0,--.--,--.--,--.--,--.--,--.--,--.--,--.--,--.--,--.--,--.--,--.--,--.--,--.--,--.--,--.--,--.--,0,2808.000,2784.000,2808.000,2784.000,8.020,7.960,8.020,7.960,15.300,15.300,15.300,15.300,true,true,true,true,true,true,false,false,true,true,false,false,0.00,0.00,0.00,0.01,0.00,0.00,0.08,0.08,9223372036854775808,0,--.--,--.--,--.--,--.--,--.--,0,0,0,0,44.4369497,8.8807166,32TMQ 90507 20412,0.0,0.0,271.9,3,15,--.--,--.--,,--.--,--.--,--.--,0,0,--.--,--.--,0,8.4,-267.2,-69.9,0.2,-5.0,-0.0,8.4,-267.2,-69.9,0.1,-5.0,-0.0,--.--,--.--,--.--,--.--,-0.6,-0.4,271.8,0.0,1.0,-0.0,0.00,--.--,--.--,0,0,0.0,0.0,0.0,0,0,0,--.--,--.--,--.--
2025-10-02 15:05:10.738,-0.5,-0.6,271,0.1,0.3,-0.1,5.0,0.0,0.000,0.0,69.9,-253.0,-336.0,69.861,0.000,0.000,0.000,271.4,00:01:27,272.3,54.2,2,272,0,92,--.--,0000:16:39,46,0,0,1,1,15.30,-1.00,0,--.--,60,--.--,--:--:--,1,-15.30,15:05:10,13:05:10,02/10/2025,--.--,--.--,--.--,--.--,--.--,--.--,--.--,--.--,--.--,--.--,--.--,--.--,0,--.--,--.--,--.--,--.--,--.--,--.--,--.--,--.--,--.--,--.--,--.--,--.--,--.--,--.--,--.--,--.--,0,2802.000,2784.000,2802.000,2784.000,8.005,7.960,8.005,7.960,15.300,15.300,15.300,15.300,true,true,true,true,true,true,false,false,true,true,false,false,0.00,0.00,0.00,0.01,0.00,0.00,0.08,0.08,9223372036854775808,0,--.--,--.--,--.--,--.--,--.--,0,0,0,0,44.4369512,8.8806532,32TMQ 90501 20412,0.0,0.0,271.8,3,15,--.--,--.--,,--.--,--.--,--.--,0,0,--.--,--.--,0,8.5,-272.2,-69.9,0.1,-5.0,-0.0,8.5,-272.2,-69.9,0.2,-5.0,-0.0,--.--,--.--,--.--,--.--,-0.4,-0.4,271.8,0.2,1.1,-0.0,0.00,--.--,--.--,0,0,0.0,0.0,0.0,0,0,0,--.--,--.--,--.--
2025-10-02 15:05:11.750,-0.4,-0.5,271,-0.1,0.6,-0.0,5.0,0.0,0.000,0.0,69.9,-253.0,-336.0,69.866,0.000,0.000,0.000,275.6,00:01:28,277.3,55.2,2,272,0,92,--.--,0000:16:39,46,0,0,1,1,15.30,-1.00,0,--.--,60,--.--,--:--:--,1,-15.30,15:05:11,13:05:11,02/10/2025,--.--,--.--,--.--,--.--,--.--,--.--,--.--,--.--,--.--,--.--,--.--,--.--,0,--.--,--.--,--.--,--.--,--.--,--.--,--.--,--.--,--.--,--.--,--.--,--.--,--.--,--.--,--.--,--.--,0,2766.000,2814.000,2772.000,2814.000,7.915,8.035,7.930,8.035,15.300,15.300,15.300,15.300,true,true,true,true,true,true,false,false,true,true,false,false,0.00,0.01,0.00,0.01,0.00,0.00,0.08,0.08,9223372036854775808,0,--.--,--.--,--.--,--.--,--.--,0,0,0,0,44.4369525,8.8805910,32TMQ 90497 20412,0.0,0.0,271.7,3,15,--.--,--.--,,--.--,--.--,--.--,0,0,--.--,--.--,0,8.7,-277.1,-69.9,0.2,-5.0,-0.0,8.7,-277.1,-69.9,0.2,-5.0,-0.0,--.--,--.--,--.--,--.--,-0.4,-0.4,271.8,-0.1,0.9,0.0,0.00,--.--,--.--,0,0,0.0,0.0,0.0,0,0,0,--.--,--.--,--.--
2025-10-02 15:05:12.750,-0.5,-0.6,271,-0.1,0.3,-0.0,5.0,0.0,0.000,0.0,69.9,-253.0,-336.0,69.871,0.000,0.000,0.000,281.7,00:01:29,282.3,56.3,2,272,0,92,--.--,0000:16:39,46,0,0,1,1,15.30,-1.00,0,--.--,60,--.--,--:--:--,1,-15.30,15:05:12,13:05:12,02/10/2025,--.--,--.--,--.--,--.--,--.--,--.--,--.--,--.--,--.--,--.--,--.--,--.--,0,--.--,--.--,--.--,--.--,--.--,--.--,--.--,--.--,--.--,--.--,--.--,--.--,--.--,--.--,--.--,--.--,0,2808.000,2784.000,2808.000,2784.000,8.020,7.960,8.020,7.960,15.300,15.300,15.300,15.300,true,true,true,true,true,true,false,false,true,true,false,false,0.00,0.01,0.00,0.01,0.00,0.00,0.08,0.08,9223372036854775808,0,--.--,--.--,--.--,--.--,--.--,0,0,0,0,44.4369539,8.8805275,32TMQ 90491 20413,0.0,0.0,271.8,3,15,--.--,--.--,,--.--,--.--,--.--,0,0,--.--,--.--,0,8.8,-282.1,-69.9,0.2,-5.0,-0.0,8.8,-282.1,-69.9,0.2,-5.0,-0.0,--.--,--.--,--.--,--.--,-0.5,-0.5,271.8,-0.1,0.8,0.0,0.00,--.--,--.--,0,0,0.0,0.0,0.0,0,0,0,--.--,--.--,--.--
2025-10-02 15:05:13.739,-0.6,-0.6,271,0.1,-0.3,0.0,5.0,0.0,0.000,0.0,69.9,-252.9,-335.9,69.876,0.000,0.000,0.000,285.8,00:01:30,287.3,57.2,2,272,0,92,--.--,0000:16:39,46,0,0,1,1,15.30,-1.00,0,--.--,60,--.--,--:--:--,1,-15.30,15:05:13,13:05:13,02/10/2025,--.--,--.--,--.--,--.--,--.--,--.--,--.--,--.--,--.--,--.--,--.--,--.--,0,--.--,--.--,--.--,--.--,--.--,--.--,--.--,--.--,--.--,--.--,--.--,--.--,--.--,--.--,--.--,--.--,0,2796.000,2796.000,2796.000,2796.000,7.990,7.990,7.990,7.990,15.300,15.300,15.300,15.300,true,true,true,true,true,true,false,false,true,true,false,false,0.00,0.01,0.01,0.01,0.00,0.00,0.08,0.08,9223372036854775808,0,--.--,--.--,--.--,--.--,--.--,0,0,0,0,44.4369554,8.8804641,32TMQ 90486 20413,0.0,0.0,271.9,3,15,--.--,--.--,,--.--,--.--,--.--,0,0,--.--,--.--,0,9.0,-287.1,-69.9,0.2,-5.0,-0.0,9.0,-287.2,-69.9,0.1,-5.0,-0.0,--.--,--.--,--.--,--.--,-0.5,-0.5,271.8,0.1,1.0,0.0,0.00,--.--,--.--,0,0,0.0,0.0,0.0,0,0,0,--.--,--.--,--.--
2025-10-02 15:05:14.751,-0.4,-0.6,271,0.2,-0.3,-0.0,5.0,0.0,0.000,0.0,69.9,-252.9,-335.9,69.885,0.000,0.000,0.000,292.0,00:01:31,292.3,58.2,2,272,0,92,--.--,0000:16:39,46,0,0,1,1,15.30,-1.00,0,--.--,60,--.--,--:--:--,1,-15.30,15:05:14,13:05:14,02/10/2025,--.--,--.--,--.--,--.--,--.--,--.--,--.--,--.--,--.--,--.--,--.--,--.--,0,--.--,--.--,--.--,--.--,--.--,--.--,--.--,--.--,--.--,--.--,--.--,--.--,--.--,--.--,--.--,--.--,0,2796.000,2790.000,2796.000,2790.000,7.990,7.975,7.990,7.975,15.300,15.300,15.300,15.300,true,true,true,true,true,true,false,false,true,true,false,false,0.00,0.01,0.01,0.01,0.00,0.00,0.08,0.08,9223372036854775808,0,--.--,--.--,--.--,--.--,--.--,0,0,0,0,44.4369568,8.8804020,32TMQ 90481 20413,0.0,0.0,271.8,3,15,--.--,--.--,,--.--,--.--,--.--,0,0,--.--,--.--,0,9.1,-292.1,-69.9,0.1,-5.0,-0.0,9.1,-292.2,-69.9,0.2,-5.0,-0.0,--.--,--.--,--.--,--.--,-0.4,-0.4,271.8,0.1,1.0,-0.0,0.00,--.--,--.--,0,0,0.0,0.0,0.0,0,0,0,--.--,--.--,--.--
2025-10-02 15:05:15.750,-0.4,-0.6,271,-0.1,-0.3,-0.0,5.0,0.0,0.000,-0.0,69.9,-252.9,-331.9,69.892,0.000,0.000,0.000,296.1,00:01:32,297.3,59.2,2,272,0,92,--.--,0000:16:39,46,0,0,1,1,15.30,-1.00,0,--.--,60,--.--,--:--:--,1,-15.30,15:05:15,13:05:15,02/10/2025,--.--,--.--,--.--,--.--,--.--,--.--,--.--,--.--,--.--,--.--,--.--,--.--,0,--.--,--.--,--.--,--.--,--.--,--.--,--.--,--.--,--.--,--.--,--.--,--.--,--.--,--.--,--.--,--.--,0,2814.000,2772.000,2814.000,2772.000,8.035,7.930,8.035,7.930,15.300,15.300,15.300,15.300,true,true,true,true,true,true,false,false,true,true,false,false,0.00,0.01,0.00,0.01,0.00,0.00,0.08,0.08,9223372036854775808,0,--.--,--.--,--.--,--.--,--.--,0,0,0,0,44.4369582,8.8803385,32TMQ 90476 20413,0.0,0.0,271.7,3,15,--.--,--.--,,--.--,--.--,--.--,0,0,--.--,--.--,0,9.3,-297.1,-69.9,0.2,-5.0,0.0,9.3,-297.2,-69.9,0.2,-5.0,0.0,--.--,--.--,--.--,--.--,-0.4,0.0,271.8,-0.0,1.1,-0.1,0.00,--.--,--.--,0,0,0.0,0.0,0.0,0,0,0,--.--,--.--,--.--
2025-10-02 15:05:16.738,-0.5,-0.6,271,-0.1,-0.3,-0.0,5.0,0.0,0.000,-0.0,69.9,-252.9,-331.9,69.899,0.000,0.000,0.000,302.3,00:01:33,302.3,60.2,2,272,0,92,--.--,0000:16:39,46,0,0,1,1,15.30,-1.00,0,--.--,60,--.--,--:--:--,1,-15.30,15:05:16,13:05:16,02/10/2025,--.--,--.--,--.--,--.--,--.--,--.--,--.--,--.--,--.--,--.--,--.--,--.--,0,--.--,--.--,--.--,--.--,--.--,--.--,--.--,--.--,--.--,--.--,--.--,--.--,--.--,--.--,--.--,--.--,0,2808.000,2772.000,2814.000,2772.000,8.020,7.930,8.035,7.930,15.300,15.300,15.300,15.300,true,true,true,true,true,true,false,false,true,true,false,false,0.00,0.01,0.00,0.01,0.00,0.00,0.08,0.08,9223372036854775808,0,--.--,--.--,--.--,--.--,--.--,0,0,0,0,44.4369595,8.8802750,32TMQ 90471 20413,0.0,0.0,271.8,3,15,--.--,--.--,,--.--,--.--,--.--,0,0,--.--,--.--,0,9.5,-302.1,-69.9,0.2,-5.0,0.0,9.5,-302.1,-69.9,0.2,-4.9,0.0,--.--,--.--,--.--,--.--,-0.5,-0.4,271.8,-0.0,1.0,-0.0,0.00,--.--,--.--,0,0,0.0,0.0,0.0,0,0,0,--.--,--.--,--.--
2025-10-02 15:05:17.738,-0.5,-0.6,271,0.1,-0.1,-0.0,5.0,0.0,0.000,-0.0,69.9,-252.9,-331.9,69.904,0.000,0.000,0.000,306.4,00:01:34,307.3,61.2,2,272,0,92,--.--,0000:16:39,46,0,0,1,1,15.30,-1.00,0,--.--,60,--.--,--:--:--,1,-15.30,15:05:17,13:05:17,02/10/2025,--.--,--.--,--.--,--.--,--.--,--.--,--.--,--.--,--.--,--.--,--.--,--.--,0,--.--,--.--,--.--,--.--,--.--,--.--,--.--,--.--,--.--,--.--,--.--,--.--,--.--,--.--,--.--,--.--,0,2808.000,2772.000,2808.000,2772.000,8.020,7.930,8.020,7.930,15.300,15.300,15.300,15.300,true,true,true,true,true,true,false,false,true,true,false,false,0.00,0.00,0.00,0.04,0.00,0.00,0.08,0.08,9223372036854775808,0,--.--,--.--,--.--,--.--,--.--,0,0,0,0,44.4369610,8.8802129,32TMQ 90466 20413,0.0,0.0,271.9,3,15,--.--,--.--,,--.--,--.--,--.--,0,0,--.--,--.--,0,9.6,-307.1,-69.9,0.2,-5.0,0.0,9.6,-307.1,-69.9,0.1,-4.9,0.0,--.--,--.--,--.--,--.--,-0.5,-0.5,271.8,0.1,-1.9,-0.0,0.00,--.--,--.--,0,0,0.0,0.0,0.0,0,0,0,--.--,--.--,--.--
2025-10-02 15:05:18.751,-0.4,-0.6,271,0.1,0.5,-0.0,5.0,0.0,0.000,-0.0,69.9,-252.9,-331.9,69.907,0.000,0.000,0.000,310.5,00:01:35,312.3,62.2,2,272,0,92,--.--,0000:16:39,46,0,0,1,1,15.30,-1.00,0,--.--,60,--.--,--:--:--,1,-15.30,15:05:18,13:05:18,02/10/2025,--.--,--.--,--.--,--.--,--.--,--.--,--.--,--.--,--.--,--.--,--.--,--.--,0,--.--,--.--,--.--,--.--,--.--,--.--,--.--,--.--,--.--,--.--,--.--,--.--,--.--,--.--,--.--,--.--,0,2808.000,2778.000,2808.000,2778.000,8.020,7.945,8.020,7.945,15.300,15.300,15.300,15.300,true,true,true,true,true,true,false,false,true,true,false,false,0.00,0.00,0.00,0.04,0.00,0.00,0.08,0.08,9223372036854775808,0,--.--,--.--,--.--,--.--,--.--,0,0,0,0,44.4369625,8.8801495,32TMQ 90461 20414,0.0,0.0,271.8,3,15,--.--,--.--,,--.--,--.--,--.--,0,0,--.--,--.--,0,9.8,-312.1,-69.9,0.1,-5.0,0.0,9.8,-312.1,-69.9,0.2,-5.0,-0.0,--.--,--.--,--.--,--.--,-0.4,-0.4,271.8,0.1,-1.8,0.1,0.00,--.--,--.--,0,0,0.0,0.0,0.0,0,0,0,--.--,--.--,--.--
2025-10-02 15:05:19.750,-0.5,-0.6,271,-0.0,0.5,0.0,5.0,0.0,0.000,0.0,69.9,-252.9,-331.9,69.908,0.000,0.000,0.000,316.6,00:01:36,317.3,63.2,2,272,0,92,--.--,0000:16:39,46,0,0,1,1,15.30,-1.00,0,--.--,60,--.--,--:--:--,1,-15.30,15:05:19,13:05:19,02/10/2025,--.--,--.--,--.--,--.--,--.--,--.--,--.--,--.--,--.--,--.--,--.--,--.--,0,--.--,--.--,--.--,--.--,--.--,--.--,--.--,--.--,--.--,--.--,--.--,--.--,--.--,--.--,--.--,--.--,0,2808.000,2784.000,2802.000,2778.000,8.020,7.960,8.005,7.945,15.300,15.300,15.300,15.300,true,true,true,true,true,true,false,false,true,true,false,false,0.00,0.01,0.01,0.01,0.00,0.00,0.08,0.08,9223372036854775808,0,--.--,--.--,--.--,--.--,--.--,0,0,0,0,44.4369638,8.8800873,32TMQ 90456 20414,0.0,0.0,271.7,3,15,--.--,--.--,,--.--,--.--,--.--,0,0,--.--,--.--,0,9.9,-317.1,-69.9,0.2,-5.0,-0.0,9.9,-317.1,-69.9,0.2,-5.0,-0.0,--.--,--.--,--.--,--.--,-0.5,-0.4,271.8,-0.0,-1.9,-0.0,0.00,--.--,--.--,0,0,0.0,0.0,0.0,0,0,0,--.--,--.--,--.--
2025-10-02 15:05:20.751,-0.5,-0.6,271,-0.1,0.6,-0.0,5.0,0.0,0.000,0.0,69.9,-252.9,-331.9,69.909,0.000,0.000,0.000,320.8,00:01:37,322.3,64.2,2,272,0,92,--.--,0000:16:39,46,0,0,1,1,15.30,-1.00,0,--.--,60,--.--,--:--:--,1,-15.30,15:05:20,13:05:20,02/10/2025,--.--,--.--,--.--,--.--,--.--,--.--,--.--,--.--,--.--,--.--,--.--,--.--,0,--.--,--.--,--.--,--.--,--.--,--.--,--.--,--.--,--.--,--.--,--.--,--.--,--.--,--.--,--.--,--.--,0,2778.000,2820.000,2772.000,2820.000,7.945,8.050,7.930,8.050,15.300,15.300,15.300,15.300,true,true,true,true,true,true,false,false,true,true,false,false,0.00,0.01,0.01,0.01,0.00,0.00,0.08,0.08,9223372036854775808,0,--.--,--.--,--.--,--.--,--.--,0,0,0,0,44.4369652,8.8800238,32TMQ 90451 20414,0.0,0.0,271.8,3,15,--.--,--.--,,--.--,--.--,--.--,0,0,--.--,--.--,0,10.1,-322.1,-69.9,0.2,-5.0,-0.0,10.1,-322.1,-69.9,0.1,-5.0,-0.0,--.--,--.--,--.--,--.--,-0.5,-0.4,271.8,-0.0,0.9,-0.0,0.00,--.--,--.--,0,0,0.0,0.0,0.0,0,0,0,--.--,--.--,--.--
2025-10-02 15:05:21.738,-0.5,-0.6,271,0.1,0.4,-0.0,5.0,0.0,0.000,0.0,69.9,-252.9,-331.9,69.912,0.000,0.000,0.000,327.0,00:01:38,327.3,65.2,2,272,0,92,--.--,0000:16:39,46,0,0,1,1,15.30,-1.00,0,--.--,60,--.--,--:--:--,1,-15.30,15:05:21,13:05:21,02/10/2025,--.--,--.--,--.--,--.--,--.--,--.--,--.--,--.--,--.--,--.--,--.--,--.--,0,--.--,--.--,--.--,--.--,--.--,--.--,--.--,--.--,--.--,--.--,--.--,--.--,--.--,--.--,--.--,--.--,0,2808.000,2790.000,2808.000,2790.000,8.020,7.975,8.020,7.975,15.300,15.300,15.300,15.300,true,true,true,true,true,true,false,false,true,true,false,false,0.00,0.01,0.00,0.01,0.00,0.00,0.08,0.08,9223372036854775808,0,--.--,--.--,--.--,--.--,--.--,0,0,0,0,44.4369666,8.8799603,32TMQ 90446 20414,0.0,0.0,271.8,3,15,--.--,--.--,,--.--,--.--,--.--,0,0,--.--,--.--,0,10.2,-327.1,-69.9,0.1,-5.0,-0.0,10.2,-327.1,-69.9,0.1,-5.0,-0.0,--.--,--.--,--.--,--.--,-0.5,-0.4,271.8,0.1,1.0,-0.1,0.00,--.--,--.--,0,0,0.0,0.0,0.0,0,0,0,--.--,--.--,--.--
2025-10-02 15:05:22.750,-0.4,-0.6,271,-0.0,-0.4,-0.0,5.0,0.0,0.000,0.0,69.9,-252.9,-331.9,69.923,0.000,0.000,0.000,331.1,00:01:39,332.3,66.2,2,272,0,92,--.--,0000:16:39,46,0,0,1,1,15.30,-1.00,0,--.--,60,--.--,--:--:--,1,-15.30,15:05:22,13:05:22,02/10/2025,--.--,--.--,--.--,--.--,--.--,--.--,--.--,--.--,--.--,--.--,--.--,--.--,0,--.--,--.--,--.--,--.--,--.--,--.--,--.--,--.--,--.--,--.--,--.--,--.--,--.--,--.--,--.--,--.--,0,2796.000,2796.000,2796.000,2796.000,7.990,7.990,7.990,7.990,15.300,15.300,15.300,15.300,true,true,true,true,true,true,false,false,true,true,false,false,0.00,0.01,0.00,0.01,0.00,0.00,0.08,0.08,9223372036854775808,0,--.--,--.--,--.--,--.--,--.--,0,0,0,0,44.4369680,8.8798982,32TMQ 90441 20414,0.0,0.0,271.7,3,15,--.--,--.--,,--.--,--.--,--.--,0,0,--.--,--.--,0,10.4,-332.1,-69.9,0.2,-5.0,-0.0,10.4,-332.2,-69.9,0.2,-5.0,-0.0,--.--,--.--,--.--,--.--,-0.4,-0.4,271.8,-0.1,0.8,0.0,0.00,--.--,--.--,0,0,0.0,0.0,0.0,0,0,0,--.--,--.--,--.--
2025-10-02 15:05:23.750,-0.5,-0.6,271,-0.1,-0.1,-0.0,5.0,0.0,0.000,0.0,69.9,-252.9,-331.9,69.933,0.000,0.000,0.000,337.3,00:01:40,337.2,67.2,2,272,0,92,--.--,0000:16:39,46,0,0,1,1,15.30,-1.00,0,--.--,60,--.--,--:--:--,1,-15.30,15:05:23,13:05:23,02/10/2025,--.--,--.--,--.--,--.--,--.--,--.--,--.--,--.--,--.--,--.--,--.--,--.--,0,--.--,--.--,--.--,--.--,--.--,--.--,--.--,--.--,--.--,--.--,--.--,--.--,--.--,--.--,--.--,--.--,0,2796.000,2790.000,2790.000,2790.000,7.990,7.975,7.975,7.975,15.300,15.300,15.300,15.300,true,true,true,true,true,true,false,false,true,true,false,false,0.00,0.00,0.01,0.00,0.00,0.00,0.08,0.08,9223372036854775808,0,--.--,--.--,--.--,--.--,--.--,0,0,0,0,44.4369694,8.8798347,32TMQ 90436 20414,0.0,0.0,271.8,3,15,--.--,--.--,,--.--,--.--,--.--,0,0,--.--,--.--,0,10.6,-337.1,-69.9,0.2,-5.0,-0.0,10.6,-337.2,-69.9,0.2,-5.0,-0.0,--.--,--.--,--.--,--.--,-0.5,-0.5,271.8,-0.1,1.0,0.0,0.00,--.--,--.--,0,0,0.0,0.0,0.0,0,0,0,--.--,--.--,--.--
2025-10-02 15:05:24.739,-0.6,-0.6,271,-0.0,-0.4,-0.0,5.0,0.0,0.000,0.0,69.9,-252.9,-331.9,69.937,0.000,0.000,0.000,341.4,00:01:41,342.3,68.2,2,272,0,92,--.--,0000:16:39,46,0,0,1,1,15.30,-1.00,0,--.--,60,--.--,--:--:--,1,-15.30,15:05:24,13:05:24,02/10/2025,--.--,--.--,--.--,--.--,--.--,--.--,--.--,--.--,--.--,--.--,--.--,--.--,0,--.--,--.--,--.--,--.--,--.--,--.--,--.--,--.--,--.--,--.--,--.--,--.--,--.--,--.--,--.--,--.--,0,2814.000,2772.000,2814.000,2772.000,8.035,7.930,8.035,7.930,15.300,15.300,15.300,15.300,true,true,true,true,true,true,false,false,true,true,false,false,0.00,0.00,0.01,0.00,0.00,0.00,0.08,0.08,9223372036854775808,0,--.--,--.--,--.--,--.--,--.--,0,0,0,0,44.4369708,8.8797713,32TMQ 90431 20415,0.0,0.0,271.9,3,15,--.--,--.--,,--.--,--.--,--.--,0,0,--.--,--.--,0,10.7,-342.1,-69.9,0.2,-5.0,-0.0,10.7,-342.2,-69.9,0.1,-5.0,-0.0,--.--,--.--,--.--,--.--,-0.5,-0.4,271.8,0.1,1.0,-0.0,0.00,--.--,--.--,0,0,0.0,0.0,0.0,0,0,0,--.--,--.--,--.--
2025-10-02 15:05:25.739,-0.5,-0.6,271,0.1,-0.2,-0.0,5.0,0.0,0.000,0.0,69.9,-252.9,-331.9,69.942,0.000,0.000,0.000,345.5,00:01:42,347.3,69.2,2,272,0,92,--.--,0000:16:39,46,0,0,1,1,15.30,-1.00,0,--.--,60,--.--,--:--:--,1,-15.30,15:05:25,13:05:25,02/10/2025,--.--,--.--,--.--,--.--,--.--,--.--,--.--,--.--,--.--,--.--,--.--,--.--,0,--.--,--.--,--.--,--.--,--.--,--.--,--.--,--.--,--.--,--.--,--.--,--.--,--.--,--.--,--.--,--.--,0,2814.000,2772.000,2814.000,2772.000,8.035,7.930,8.035,7.930,15.300,15.300,15.300,15.300,true,true,true,true,true,true,false,false,true,true,false,false,0.00,0.00,0.01,0.01,0.00,0.00,0.08,0.08,9223372036854775808,0,--.--,--.--,--.--,--.--,--.--,0,0,0,0,44.4369723,8.8797092,32TMQ 90426 20415,0.0,0.0,271.8,3,15,--.--,--.--,,--.--,--.--,--.--,0,0,--.--,--.--,0,10.9,-347.1,-69.9,0.1,-5.0,-0.0,10.9,-347.1,-69.9,0.2,-4.9,-0.0,--.--,--.--,--.--,--.--,-0.4,-0.4,271.8,0.1,1.1,0.0,0.00,--.--,--.--,0,0,0.0,0.0,0.0,0,0,0,--.--,--.--,--.--
2025-10-02 15:05:26.750,-0.4,-0.6,271,-0.1,-0.2,0.1,5.0,0.0,0.000,0.0,69.9,-252.9,-333.9,69.948,0.000,0.000,0.000,351.7,00:01:43,352.2,70.2,2,272,0,92,--.--,0000:16:39,46,0,0,1,1,15.30,-1.00,0,--.--,60,--.--,--:--:--,1,-15.30,15:05:26,13:05:26,02/10/2025,--.--,--.--,--.--,--.--,--.--,--.--,--.--,--.--,--.--,--.--,--.--,--.--,0,--.--,--.--,--.--,--.--,--.--,--.--,--.--,--.--,--.--,--.--,--.--,--.--,--.--,--.--,--.--,--.--,0,2814.000,2778.000,2808.000,2772.000,8.035,7.945,8.020,7.930,15.300,15.300,15.300,15.300,true,true,true,true,true,true,false,false,true,true,false,false,0.00,0.00,0.01,0.01,0.00,0.00,0.08,0.08,9223372036854775808,0,--.--,--.--,--.--,--.--,--.--,0,0,0,0,44.4369736,8.8796457,32TMQ 90421 20415,0.0,0.0,271.7,3,15,--.--,--.--,,--.--,--.--,--.--,0,0,--.--,--.--,0,11.0,-352.1,-69.9,0.2,-5.0,-0.0,11.0,-352.0,-69.9,0.2,-4.9,-0.0,--.--,--.--,--.--,--.--,-0.4,0.0,271.8,-0.0,1.1,0.0,0.00,--.--,--.--,0,0,0.0,0.0,0.0,0,0,0,--.--,--.--,--.--
2025-10-02 15:05:27.741,-0.5,-0.6,271,-0.1,0.4,-0.0,5.0,0.0,0.000,0.0,69.9,-252.9,-333.9,69.955,0.000,0.000,0.000,355.8,00:01:44,357.3,71.2,2,272,0,92,--.--,0000:16:39,46,0,0,1,1,15.30,-1.00,0,--.--,60,--.--,--:--:--,1,-15.30,15:05:27,13:05:27,02/10/2025,--.--,--.--,--.--,--.--,--.--,--.--,--.--,--.--,--.--,--.--,--.--,--.--,0,--.--,--.--,--.--,--.--,--.--,--.--,--.--,--.--,--.--,--.--,--.--,--.--,--.--,--.--,--.--,--.--,0,2808.000,2778.000,2808.000,2778.000,8.020,7.945,8.020,7.945,15.300,15.300,15.300,15.300,true,true,true,true,true,true,false,false,true,true,false,false,0.00,0.00,0.00,0.03,0.00,0.00,0.08,0.08,9223372036854775808,0,--.--,--.--,--.--,--.--,--.--,0,0,0,0,44.4369750,8.8795835,32TMQ 90416 20415,0.0,0.0,271.8,3,15,--.--,--.--,,--.--,--.--,--.--,0,0,--.--,--.--,0,11.2,-357.1,-70.0,0.2,-5.0,-0.0,11.2,-357.1,-70.0,0.2,-5.0,-0.0,--.--,--.--,--.--,--.--,-0.5,-0.5,271.8,-0.0,-1.9,-0.1,0.00,--.--,--.--,0,0,0.0,0.0,0.0,0,0,0,--.--,--.--,--.--
2025-10-02 15:05:28.740,-0.5,-0.7,271,0.1,0.3,-0.0,5.0,0.0,0.000,0.0,70.0,-252.9,-333.9,69.962,0.000,0.000,0.000,362.0,00:01:45,362.3,72.2,2,272,0,92,--.--,0000:16:39,46,0,0,1,1,15.30,-1.00,0,--.--,60,--.--,--:--:--,1,-15.30,15:05:28,13:05:28,02/10/2025,--.--,--.--,--.--,--.--,--.--,--.--,--.--,--.--,--.--,--.--,--.--,--.--,0,--.--,--.--,--.--,--.--,--.--,--.--,--.--,--.--,--.--,--.--,--.--,--.--,--.--,--.--,--.--,--.--,0,2802.000,2784.000,2802.000,2784.000,8.005,7.960,8.005,7.960,15.300,15.300,15.300,15.300,true,true,true,true,true,true,false,false,true,true,false,false,0.00,0.00,0.00,0.03,0.00,0.00,0.08,0.08,9223372036854775808,0,--.--,--.--,--.--,--.--,--.--,0,0,0,0,44.4369765,8.8795201,32TMQ 90411 20415,0.0,0.0,271.9,3,15,--.--,--.--,,--.--,--.--,--.--,0,0,--.--,--.--,0,11.3,-362.1,-70.0,0.2,-5.0,-0.0,11.3,-362.1,-70.0,0.1,-5.0,0.0,--.--,--.--,--.--,--.--,-0.5,-0.5,271.8,0.1,-1.8,0.0,0.00,--.--,--.--,0,0,0.0,0.0,0.0,0,0,0,--.--,--.--,--.--
2025-10-02 15:05:29.741,-0.4,-0.6,271,0.1,0.5,0.1,5.0,0.0,0.000,-0.0,70.0,-252.9,-333.9,69.968,0.000,0.000,0.000,366.1,00:01:46,367.2,73.1,2,272,0,92,--.--,0000:16:39,46,0,0,1,1,15.30,-1.00,0,--.--,60,--.--,--:--:--,1,-15.30,15:05:29,13:05:29,02/10/2025,--.--,--.--,--.--,--.--,--.--,--.--,--.--,--.--,--.--,--.--,--.--,--.--,0,--.--,--.--,--.--,--.--,--.--,--.--,--.--,--.--,--.--,--.--,--.--,--.--,--.--,--.--,--.--,--.--,0,2772.000,2814.000,2772.000,2814.000,7.930,8.035,7.930,8.035,15.300,15.300,15.300,15.300,true,true,true,true,true,true,false,false,true,true,false,false,0.00,0.01,0.01,0.03,0.00,0.00,0.08,0.08,9223372036854775808,0,--.--,--.--,--.--,--.--,--.--,0,0,0,0,44.4369779,8.8794567,32TMQ 90406 20415,0.0,0.0,271.7,3,15,--.--,--.--,,--.--,--.--,--.--,0,0,--.--,--.--,0,11.5,-367.1,-70.0,0.1,-5.0,0.0,11.5,-367.1,-70.0,0.2,-5.0,0.0,--.--,--.--,--.--,--.--,-0.4,-0.4,271.8,0.0,1.0,0.1,0.00,--.--,--.--,0,0,0.0,0.0,0.0,0,0,0,--.--,--.--,--.--
2025-10-02 15:05:30.738,-0.5,-0.6,271,-0.1,0.3,-0.0,5.0,0.0,0.000,-0.0,70.0,-252.9,-333.9,69.973,0.000,0.000,0.000,372.2,00:01:47,372.2,74.2,2,272,0,92,--.--,0000:16:39,46,0,0,1,1,15.30,-1.00,0,--.--,60,--.--,--:--:--,1,-15.30,15:05:30,13:05:30,02/10/2025,--.--,--.--,--.--,--.--,--.--,--.--,--.--,--.--,--.--,--.--,--.--,--.--,0,--.--,--.--,--.--,--.--,--.--,--.--,--.--,--.--,--.--,--.--,--.--,--.--,--.--,--.--,--.--,--.--,0,2802.000,2784.000,2802.000,2784.000,8.005,7.960,8.005,7.960,15.300,15.300,15.300,15.300,true,true,true,true,true,true,false,false,true,true,false,false,0.00,0.01,0.01,0.03,0.00,0.00,0.08,0.08,9223372036854775808,0,--.--,--.--,--.--,--.--,--.--,0,0,0,0,44.4369792,8.8793945,32TMQ 90401 20416,0.0,0.0,271.7,3,15,--.--,--.--,,--.--,--.--,--.--,0,0,--.--,--.--,0,11.6,-372.1,-70.0,0.2,-5.0,0.0,11.6,-372.1,-70.0,0.2,-5.0,0.0,--.--,--.--,--.--,--.--,-0.5,-0.4,271.8,-0.1,1.1,-0.0,0.00,--.--,--.--,0,0,0.0,0.0,0.0,0,0,0,--.--,--.--,--.--
2025-10-02 15:05:31.738,-0.5,-0.5,271,-0.1,0.6,-0.0,5.0,0.0,0.000,0.0,70.0,-252.8,-337.8,69.976,0.000,0.000,0.000,376.4,00:01:48,377.3,75.2,2,272,0,92,--.--,0000:16:39,46,0,0,1,1,15.30,-1.00,0,--.--,60,--.--,--:--:--,1,-15.30,15:05:31,13:05:31,02/10/2025,--.--,--.--,--.--,--.--,--.--,--.--,--.--,--.--,--.--,--.--,--.--,--.--,0,--.--,--.--,--.--,--.--,--.--,--.--,--.--,--.--,--.--,--.--,--.--,--.--,--.--,--.--,--.--,--.--,0,2796.000,2790.000,2796.000,2790.000,7.990,7.975,7.990,7.975,15.300,15.300,15.300,15.300,true,true,true,true,true,true,false,false,true,true,false,false,0.00,0.00,0.00,0.00,0.00,0.00,0.08,0.08,9223372036854775808,0,--.--,--.--,--.--,--.--,--.--,0,0,0,0,44.4369806,8.8793311,32TMQ 90396 20416,0.0,0.0,271.9,3,15,--.--,--.--,,--.--,--.--,--.--,0,0,--.--,--.--,0,11.8,-377.1,-70.0,0.2,-5.0,-0.0,11.8,-377.1,-70.0,0.2,-5.0,-0.0,--.--,--.--,--.--,--.--,-0.5,-0.4,271.8,-0.0,1.0,-0.0,0.00,--.--,--.--,0,0,0.0,0.0,0.0,0,0,0,--.--,--.--,--.--
2025-10-02 15:05:32.741,-0.5,-0.6,271,0.1,-0.2,-0.0,5.0,0.0,0.000,0.0,70.0,-252.8,-337.8,69.978,0.000,0.000,0.000,380.5,00:01:49,382.2,76.3,2,272,0,92,--.--,0000:16:39,46,0,0,1,1,15.30,-1.00,0,--.--,60,--.--,--:--:--,1,-15.30,15:05:32,13:05:32,02/10/2025,--.--,--.--,--.--,--.--,--.--,--.--,--.--,--.--,--.--,--.--,--.--,--.--,0,--.--,--.--,--.--,--.--,--.--,--.--,--.--,--.--,--.--,--.--,--.--,--.--,--.--,--.--,--.--,--.--,0,2796.000,2796.000,2796.000,2790.000,7.990,7.990,7.990,7.975,15.300,15.300,15.300,15.300,true,true,true,true,true,true,false,false,true,true,false,false,0.00,0.00,0.00,0.00,0.00,0.00,0.08,0.08,9223372036854775808,0,--.--,--.--,--.--,--.--,--.--,0,0,0,0,44.4369821,8.8792689,32TMQ 90391 20416,0.0,0.0,271.8,3,15,--.--,--.--,,--.--,--.--,--.--,0,0,--.--,--.--,0,12.0,-382.1,-70.0,0.1,-5.0,-0.0,12.0,-382.1,-70.0,0.2,-5.0,-0.0,--.--,--.--,--.--,--.--,-0.5,-0.5,271.8,0.0,1.0,0.1,0.00,--.--,--.--,0,0,0.0,0.0,0.0,0,0,0,--.--,--.--,--.--
2025-10-02 15:05:33.741,-0.4,-0.6,271,-0.0,-0.3,0.1,5.0,0.0,0.000,0.0,70.0,-252.8,-337.8,69.981,0.000,0.000,0.000,386.6,00:01:50,387.2,77.2,2,272,0,92,--.--,0000:16:39,46,0,0,1,1,15.30,-1.00,0,--.--,60,--.--,--:--:--,1,-15.30,15:05:33,13:05:33,02/10/2025,--.--,--.--,--.--,--.--,--.--,--.--,--.--,--.--,--.--,--.--,--.--,--.--,0,--.--,--.--,--.--,--.--,--.--,--.--,--.--,--.--,--.--,--.--,--.--,--.--,--.--,--.--,--.--,--.--,0,2820.000,2772.000,2814.000,2772.000,8.050,7.930,8.035,7.930,15.300,15.300,15.300,15.300,true,true,true,true,true,true,false,false,true,true,false,false,0.01,0.00,0.00,0.01,0.00,0.00,0.08,0.08,9223372036854775808,0,--.--,--.--,--.--,--.--,--.--,0,0,0,0,44.4369835,8.8792055,32TMQ 90386 20416,0.0,0.0,271.7,3,15,--.--,--.--,,--.--,--.--,--.--,0,0,--.--,--.--,0,12.1,-387.1,-70.0,0.2,-5.0,-0.0,12.1,-387.1,-70.0,0.2,-5.0,-0.0,--.--,--.--,--.--,--.--,-0.4,-0.5,271.8,-0.0,1.0,0.0,0.00,--.--,--.--,0,0,0.0,0.0,0.0,0,0,0,--.--,--.--,--.--
2025-10-02 15:05:34.750,-0.5,2.4,271,0.1,23.3,-0.0,5.0,0.0,0.000,0.0,70.0,-252.8,-337.8,69.986,0.000,0.000,0.000,390.8,00:01:51,392.2,78.2,2,272,0,92,--.--,0000:16:39,46,0,0,1,1,15.30,-1.00,0,--.--,60,--.--,--:--:--,1,-15.30,15:05:34,13:05:34,02/10/2025,--.--,--.--,--.--,--.--,--.--,--.--,--.--,--.--,--.--,--.--,--.--,--.--,0,--.--,--.--,--.--,--.--,--.--,--.--,--.--,--.--,--.--,--.--,--.--,--.--,--.--,--.--,--.--,--.--,0,2820.000,2778.000,2814.000,2778.000,8.050,7.945,8.035,7.945,15.300,15.300,15.300,15.300,true,true,true,true,true,true,false,false,true,true,false,false,0.01,0.00,0.00,0.01,0.00,0.00,0.08,0.08,9223372036854775808,0,--.--,--.--,--.--,--.--,--.--,0,0,0,0,44.4369848,8.8791421,32TMQ 90381 20416,0.0,0.0,271.8,3,15,--.--,--.--,,--.--,--.--,--.--,0,0,--.--,--.--,0,12.3,-392.1,-70.0,0.2,-5.0,-0.0,12.3,-392.0,-70.0,0.1,-4.8,-0.0,--.--,--.--,--.--,--.--,-0.5,6.4,271.8,0.3,24.8,0.0,0.00,--.--,--.--,0,0,0.0,0.0,0.0,0,0,0,--.--,--.--,--.--
2025-10-02 15:05:35.750,-0.6,10.6,271,-0.2,0.7,-0.2,3.8,0.0,0.000,0.0,70.0,-252.8,-337.8,70.000,0.000,0.000,0.000,394.9,00:01:52,396.6,105.3,2,272,0,92,--.--,0000:16:39,47,0,0,1,1,15.30,-1.00,0,--.--,60,--.--,--:--:--,1,-15.30,15:05:35,13:05:35,02/10/2025,--.--,--.--,--.--,--.--,--.--,--.--,--.--,--.--,--.--,--.--,--.--,--.--,0,--.--,--.--,--.--,--.--,--.--,--.--,--.--,--.--,--.--,--.--,--.--,--.--,--.--,--.--,--.--,--.--,0,2826.000,2814.000,2820.000,2814.000,8.065,8.035,8.050,8.035,15.300,15.300,15.300,15.300,true,true,true,true,true,true,false,false,true,true,false,false,0.02,0.01,0.00,0.01,0.00,0.00,0.08,0.08,9223372036854775808,0,--.--,--.--,--.--,--.--,--.--,0,0,0,0,44.4369863,8.8790799,32TMQ 90376 20416,0.0,0.0,271.9,3,15,--.--,--.--,,--.--,--.--,--.--,0,0,--.--,--.--,0,12.4,-396.5,-70.0,0.1,-3.5,-0.0,12.4,-396.1,-70.0,0.1,-3.0,0.0,--.--,--.--,--.--,--.--,-0.6,10.9,271.6,-0.1,1.5,-0.4,0.00,--.--,--.--,0,0,0.0,0.0,0.0,0,0,0,--.--,--.--,--.--
2025-10-02 15:05:36.751,-0.6,0.5,271,4.1,-2.6,-0.5,2.4,0.0,0.000,-0.0,70.0,-252.8,-337.8,69.998,0.000,0.000,0.000,398.9,00:01:53,399.4,168.8,3,315,0,92,--.--,0000:16:39,46,0,0,1,1,15.30,-1.00,0,--.--,60,--.--,--:--:--,1,-15.30,15:05:36,13:05:36,02/10/2025,--.--,--.--,--.--,--.--,--.--,--.--,--.--,--.--,--.--,--.--,--.--,--.--,0,--.--,--.--,--.--,--.--,--.--,--.--,--.--,--.--,--.--,--.--,--.--,--.--,--.--,--.--,--.--,--.--,0,2838.000,2826.000,2850.000,2838.000,8.095,8.065,8.125,8.095,15.300,15.300,15.300,15.300,true,true,true,true,true,true,false,false,true,true,false,false,0.02,0.01,0.00,0.01,0.00,0.00,0.08,0.08,9223372036854775808,0,--.--,--.--,--.--,--.--,--.--,0,0,0,0,44.4369877,8.8790235,32TMQ 90372 20417,0.0,0.0,272.2,3,15,--.--,--.--,,--.--,--.--,--.--,0,0,--.--,--.--,0,12.5,-399.2,-70.0,0.1,-2.3,0.0,12.5,-399.0,-70.0,0.1,-2.4,-0.0,--.--,--.--,--.--,--.--,1.0,1.4,274.5,9.4,4.4,23.6,0.00,--.--,--.--,0,0,0.0,0.0,0.0,0,0,0,--.--,--.--,--.--
2025-10-02 15:05:37.751,8.4,-5.9,315,-13.8,2.9,73.0,2.3,0.0,0.000,-0.0,70.0,-252.8,-337.8,69.990,0.000,0.000,0.000,401.0,00:01:54,401.4,174.6,3,315,0,92,--.--,0000:16:39,48,0,0,1,1,15.30,-1.00,0,--.--,60,--.--,--:--:--,1,-15.30,15:05:37,13:05:37,02/10/2025,--.--,--.--,--.--,--.--,--.--,--.--,--.--,--.--,--.--,--.--,--.--,--.--,0,--.--,--.--,--.--,--.--,--.--,--.--,--.--,--.--,--.--,--.--,--.--,--.--,--.--,--.--,--.--,--.--,0,3492.000,3528.000,2136.000,2082.000,9.730,9.820,6.340,6.205,15.300,15.300,15.300,15.300,true,true,true,true,true,true,false,false,true,true,false,false,0.11,0.00,0.00,0.03,0.00,0.00,0.08,0.08,9223372036854775808,0,--.--,--.--,--.--,--.--,--.--,0,0,0,0,44.4369886,8.8789889,32TMQ 90369 20417,0.0,0.0,271.7,3,15,--.--,--.--,,--.--,--.--,--.--,0,0,--.--,--.--,0,13.1,-401.2,-70.0,1.5,-1.9,0.0,13.2,-401.3,-70.0,1.9,-2.2,-0.0,--.--,--.--,--.--,--.--,7.6,-8.9,317.5,2.0,-13.8,41.7,0.00,--.--,--.--,0,0,0.0,0.0,0.0,0,0,0,--.--,--.--,--.--
2025-10-02 15:05:38.750,-4.9,-16.2,329,8.5,10.2,-35.5,4.0,0.0,0.000,-0.0,70.0,-252.8,-337.8,69.968,0.000,0.000,0.000,403.0,00:01:55,403.6,100.1,3,315,0,92,--.--,0000:16:39,50,0,0,1,1,15.30,-1.00,0,--.--,60,--.--,--:--:--,1,-15.30,15:05:38,13:05:38,02/10/2025,--.--,--.--,--.--,--.--,--.--,--.--,--.--,--.--,--.--,--.--,--.--,--.--,0,--.--,--.--,--.--,--.--,--.--,--.--,--.--,--.--,--.--,--.--,--.--,--.--,--.--,--.--,--.--,--.--,0,2100.000,2106.000,3660.000,3780.000,6.250,6.265,10.150,10.450,15.300,15.300,15.300,15.300,true,true,true,true,true,true,false,false,true,true,false,false,0.11,0.00,0.00,0.03,0.00,0.00,0.08,0.08,9223372036854775808,0,--.--,--.--,--.--,--.--,--.--,0,0,0,0,44.4369925,8.8789642,32TMQ 90367 20417,0.0,0.0,306.6,3,15,--.--,--.--,,--.--,--.--,--.--,0,0,--.--,--.--,0,15.4,-403.3,-70.0,3.4,-3.0,0.1,15.5,-403.4,-70.0,3.5,-3.2,-0.0,--.--,--.--,--.--,--.--,-1.5,-13.5,317.4,2.7,16.6,-30.4,0.00,--.--,--.--,0,0,0.0,0.0,0.0,0,0,0,--.--,--.--,--.--
2025-10-02 15:05:39.737,-2.3,1.6,310,-2.2,5.1,5.8,5.2,0.0,0.000,0.1,70.0,-252.9,-333.9,69.936,0.000,0.000,0.000,409.1,00:01:56,407.1,77.7,3,315,0,93,--.--,0000:16:39,47,0,0,1,1,15.30,-1.00,0,--.--,61,--.--,--:--:--,1,-15.30,15:05:39,13:05:39,02/10/2025,--.--,--.--,--.--,--.--,--.--,--.--,--.--,--.--,--.--,--.--,--.--,--.--,0,--.--,--.--,--.--,--.--,--.--,--.--,--.--,--.--,--.--,--.--,--.--,--.--,--.--,--.--,--.--,--.--,0,3120.000,3042.000,2952.000,2946.000,8.800,8.605,8.380,8.365,15.300,15.300,15.300,15.300,true,true,true,true,true,true,false,false,true,true,false,false,0.05,0.01,0.00,0.07,0.00,0.00,0.08,0.08,9223372036854775808,0,--.--,--.--,--.--,--.--,--.--,0,0,0,0,44.4370137,8.8789381,32TMQ 90365 20419,0.0,0.0,319.9,3,15,--.--,--.--,,--.--,--.--,--.--,0,0,--.--,--.--,0,19.3,-406.7,-69.9,3.9,-3.5,-0.1,19.1,-406.7,-70.0,3.5,-3.4,-0.1,--.--,--.--,--.--,--.--,-2.4,3.0,316.9,-3.1,7.0,18.7,0.00,--.--,--.--,0,0,0.0,0.0,0.0,0,0,0,--.--,--.--,--.--
2025-10-02 15:05:40.750,-0.5,3.0,318,2.9,-1.7,2.0,4.9,0.0,0.000,0.1,69.9,-252.9,-333.9,69.988,0.000,0.000,0.000,413.2,00:01:57,411.0,83.5,3,315,0,93,--.--,0000:16:39,46,0,0,1,1,15.30,-1.00,0,--.--,61,--.--,--:--:--,1,-15.30,15:05:40,13:05:40,02/10/2025,--.--,--.--,--.--,--.--,--.--,--.--,--.--,--.--,--.--,--.--,--.--,--.--,0,--.--,--.--,--.--,--.--,--.--,--.--,--.--,--.--,--.--,--.--,--.--,--.--,--.--,--.--,--.--,--.--,0,3006.000,3012.000,2646.000,2646.000,8.515,8.530,7.615,7.615,15.300,15.300,15.300,15.300,true,true,true,true,true,true,false,false,true,true,false,false,0.05,0.01,0.00,0.07,0.00,0.00,0.08,0.08,9223372036854775808,0,--.--,--.--,--.--,--.--,--.--,0,0,0,0,44.4370493,8.8788944,32TMQ 90362 20423,0.0,0.0,318.1,3,15,--.--,--.--,,--.--,--.--,--.--,0,0,--.--,--.--,0,23.1,-410.3,-70.0,3.5,-3.4,-0.1,22.7,-410.1,-70.0,3.3,-3.1,-0.0,--.--,--.--,--.--,--.--,0.2,2.8,317.0,4.7,-1.3,-5.1,0.00,--.--,--.--,0,0,0.0,0.0,0.0,0,0,0,--.--,--.--,--.--
2025-10-02 15:05:41.750,0.9,9.6,317,-0.3,-1.0,-1.1,4.0,0.0,0.000,0.0,70.0,-252.8,-333.8,70.032,0.000,0.000,0.000,419.4,00:01:58,414.4,102.5,3,315,0,94,--.--,0000:16:39,46,0,0,1,1,15.30,-1.00,0,--.--,60,--.--,--:--:--,1,-15.30,15:05:41,13:05:41,02/10/2025,--.--,--.--,--.--,--.--,--.--,--.--,--.--,--.--,--.--,--.--,--.--,--.--,0,--.--,--.--,--.--,--.--,--.--,--.--,--.--,--.--,--.--,--.--,--.--,--.--,--.--,--.--,--.--,--.--,0,2652.000,2652.000,2886.000,2892.000,7.630,7.630,8.215,8.230,15.300,15.300,15.300,15.300,true,true,true,true,true,true,false,false,true,true,false,false,0.04,0.02,0.01,0.03,0.00,0.00,0.08,0.08,9223372036854775808,0,--.--,--.--,--.--,--.--,--.--,0,0,0,0,44.4370842,8.8788485,32TMQ 90358 20427,0.0,0.0,315.4,3,15,--.--,--.--,,--.--,--.--,--.--,0,0,--.--,--.--,0,26.4,-413.5,-70.0,2.7,-2.6,0.0,26.2,-413.3,-70.0,2.7,-2.4,0.0,--.--,--.--,--.--,--.--,0.7,9.7,317.9,-1.7,0.5,2.6,0.00,--.--,--.--,0,0,0.0,0.0,0.0,0,0,0,--.--,--.--,--.--
2025-10-02 15:05:42.737,-0.8,1.9,318,-3.9,-37.4,0.3,2.6,0.0,0.000,-0.0,70.0,-252.8,-333.8,70.026,0.000,0.000,0.000,421.4,00:01:59,416.6,162.0,3,315,0,94,--.--,0000:16:39,46,0,0,1,1,15.30,-1.00,0,--.--,60,--.--,--:--:--,1,-15.30,15:05:42,13:05:42,02/10/2025,--.--,--.--,--.--,--.--,--.--,--.--,--.--,--.--,--.--,--.--,--.--,--.--,0,--.--,--.--,--.--,--.--,--.--,--.--,--.--,--.--,--.--,--.--,--.--,--.--,--.--,--.--,--.--,--.--,0,2898.000,2832.000,2772.000,2742.000,8.245,8.080,7.930,7.855,15.300,15.300,15.300,15.300,true,true,true,true,true,true,false,false,true,true,false,false,0.04,0.02,0.01,0.03,0.00,0.00,0.08,0.08,9223372036854775808,0,--.--,--.--,--.--,--.--,--.--,0,0,0,0,44.4371136,8.8788082,32TMQ 90355 20431,0.0,0.0,316.6,3,15,--.--,--.--,,--.--,--.--,--.--,0,0,--.--,--.--,0,28.7,-415.6,-70.0,1.8,-1.6,0.0,28.6,-415.5,-70.0,2.0,-1.8,0.0,--.--,--.--,--.--,--.--,-1.5,-3.3,317.7,-4.3,-31.3,-2.7,0.00,--.--,--.--,0,0,0.0,0.0,0.0,0,0,0,--.--,--.--,--.--
2025-10-02 15:05:43.750,-11.5,-2.0,306,-12.6,16.0,-44.6,2.6,0.0,0.000,-0.0,70.0,-252.8,-333.8,70.001,0.000,0.000,0.000,423.4,00:02:00,418.2,160.7,4,279,0,94,--.--,0000:16:39,47,0,0,1,1,15.30,-1.00,0,--.--,60,--.--,--:--:--,1,-15.30,15:05:43,13:05:43,02/10/2025,--.--,--.--,--.--,--.--,--.--,--.--,--.--,--.--,--.--,--.--,--.--,--.--,0,--.--,--.--,--.--,--.--,--.--,--.--,--.--,--.--,--.--,--.--,--.--,--.--,--.--,--.--,--.--,--.--,0,2856.000,2634.000,3006.000,2736.000,8.140,7.585,8.515,7.840,15.300,15.300,15.300,15.300,true,true,true,true,true,true,false,false,true,true,false,false,0.08,0.01,0.00,0.02,0.00,0.00,0.08,0.08,9223372036854775808,0,--.--,--.--,--.--,--.--,--.--,0,0,0,0,44.4371339,8.8787833,32TMQ 90353 20433,0.0,0.0,321.0,3,15,--.--,--.--,,--.--,--.--,--.--,0,0,--.--,--.--,0,30.5,-417.1,-70.0,1.6,-2.1,0.0,30.5,-417.3,-70.0,1.7,-2.4,-0.0,--.--,--.--,--.--,--.--,-11.2,-3.5,293.3,-2.3,15.0,-76.1,0.00,--.--,--.--,0,0,0.0,0.0,0.0,0,0,0,--.--,--.--,--.--
2025-10-02 15:05:44.750,2.9,-15.3,257,17.4,-14.0,-4.2,3.1,0.0,0.000,-0.0,70.0,-252.8,-333.8,69.984,0.000,0.000,0.000,427.5,00:02:01,420.7,137.0,4,279,0,94,--.--,0000:16:39,48,0,0,1,1,15.30,-1.00,0,--.--,60,--.--,--:--:--,1,-15.30,15:05:44,13:05:44,02/10/2025,--.--,--.--,--.--,--.--,--.--,--.--,--.--,--.--,--.--,--.--,--.--,--.--,0,--.--,--.--,--.--,--.--,--.--,--.--,--.--,--.--,--.--,--.--,--.--,--.--,--.--,--.--,--.--,--.--,0,2256.000,2286.000,3510.000,3522.000,6.640,6.715,9.775,9.805,15.300,15.300,15.300,15.300,true,true,true,true,true,true,false,false,true,true,false,false,0.08,0.01,0.00,0.02,0.00,0.00,0.08,0.08,9223372036854775808,0,--.--,--.--,--.--,--.--,--.--,0,0,0,0,44.4371494,8.8787644,32TMQ 90351 20435,0.0,0.0,312.5,3,15,--.--,--.--,,--.--,--.--,--.--,0,0,--.--,--.--,0,31.3,-419.5,-70.0,0.3,-3.4,0.0,31.2,-419.8,-70.0,0.3,-3.7,-0.0,--.--,--.--,--.--,--.--,-1.7,-17.5,276.1,4.8,-11.5,48.3,0.00,--.--,--.--,0,0,0.0,0.0,0.0,0,0,0,--.--,--.--,--.--
2025-10-02 15:05:45.739,2.0,-1.9,280,2.6,23.2,17.6,5.2,0.0,0.000,-0.0,70.0,-252.8,-333.8,69.946,0.000,0.000,0.000,431.6,00:02:02,425.1,82.2,4,279,0,94,--.--,0000:16:39,48,0,0,1,1,15.30,-1.00,0,--.--,61,--.--,--:--:--,1,-15.30,15:05:45,13:05:45,02/10/2025,--.--,--.--,--.--,--.--,--.--,--.--,--.--,--.--,--.--,--.--,--.--,--.--,0,--.--,--.--,--.--,--.--,--.--,--.--,--.--,--.--,--.--,--.--,--.--,--.--,--.--,--.--,--.--,--.--,0,3984.000,3804.000,2136.000,2106.000,10.960,10.510,6.340,6.265,15.300,15.300,15.300,15.300,true,true,true,true,true,true,false,false,true,true,false,false,0.15,0.02,0.01,0.01,0.00,0.00,0.08,0.08,9223372036854775808,0,--.--,--.--,--.--,--.--,--.--,0,0,0,0,44.4371569,8.8787344,32TMQ 90349 20435,0.0,0.0,272.4,3,15,--.--,--.--,,--.--,--.--,--.--,0,0,--.--,--.--,0,31.5,-424.0,-69.9,0.4,-5.2,-0.0,31.6,-424.0,-70.0,0.7,-5.0,-0.1,--.--,--.--,--.--,--.--,3.2,1.0,276.8,7.5,13.1,-10.8,0.00,--.--,--.--,0,0,0.0,0.0,0.0,0,0,0,--.--,--.--,--.--
2025-10-02 15:05:46.739,2.5,2.7,278,-3.1,1.4,-8.8,5.1,0.0,0.000,0.1,69.9,-252.9,-333.9,69.979,0.000,0.000,0.000,435.7,00:02:03,430.4,83.5,4,279,0,94,--.--,0000:16:39,46,0,0,1,1,15.30,-1.00,0,--.--,61,--.--,--:--:--,1,-15.30,15:05:46,13:05:46,02/10/2025,--.--,--.--,--.--,--.--,--.--,--.--,--.--,--.--,--.--,--.--,--.--,--.--,0,--.--,--.--,--.--,--.--,--.--,--.--,--.--,--.--,--.--,--.--,--.--,--.--,--.--,--.--,--.--,--.--,0,2406.000,2472.000,3288.000,3330.000,7.015,7.180,9.220,9.325,15.300,15.300,15.300,15.300,true,true,true,true,true,true,false,false,true,true,false,false,0.15,0.02,0.01,0.01,0.00,0.00,0.08,0.08,9223372036854775808,0,--.--,--.--,--.--,--.--,--.--,0,0,0,0,44.4371583,8.8786781,32TMQ 90344 20436,0.0,0.0,272.9,3,15,--.--,--.--,,--.--,--.--,--.--,0,0,--.--,--.--,0,31.9,-429.2,-70.0,0.7,-5.0,-0.1,32.2,-428.8,-70.0,0.8,-4.6,-0.0,--.--,--.--,--.--,--.--,1.4,3.1,277.5,-6.1,-0.4,-2.9,0.00,--.--,--.--,0,0,0.0,0.0,0.0,0,0,0,--.--,--.--,--.--
2025-10-02 15:05:47.750,-1.8,1.3,275,-3.2,-3.0,1.3,4.8,0.0,0.000,0.0,70.0,-252.8,-333.8,70.026,0.000,0.000,0.000,441.8,00:02:04,435.5,90.5,4,279,0,94,--.--,0000:16:39,46,0,0,1,1,15.30,-1.00,0,--.--,60,--.--,--:--:--,1,-15.30,15:05:47,13:05:47,02/10/2025,--.--,--.--,--.--,--.--,--.--,--.--,--.--,--.--,--.--,--.--,--.--,--.--,0,--.--,--.--,--.--,--.--,--.--,--.--,--.--,--.--,--.--,--.--,--.--,--.--,--.--,--.--,--.--,--.--,0,2862.000,2910.000,2652.000,2706.000,8.155,8.275,7.630,7.765,15.300,15.300,15.300,15.300,true,true,true,true,true,true,false,false,true,true,false,false,0.09,0.01,0.00,0.07,0.00,0.00,0.08,0.08,9223372036854775808,0,--.--,--.--,--.--,--.--,--.--,0,0,0,0,44.4371628,8.8786092,32TMQ 90339 20436,0.0,0.0,278.1,3,15,--.--,--.--,,--.--,--.--,--.--,0,0,--.--,--.--,0,32.7,-434.2,-70.0,0.8,-4.7,-0.0,32.7,-433.8,-70.0,0.5,-4.6,0.0,--.--,--.--,--.--,--.--,-2.2,0.9,276.5,-2.2,-5.0,0.1,0.00,--.--,--.--,0,0,0.0,0.0,0.0,0,0,0,--.--,--.--,--.--
2025-10-02 15:05:48.738,-2.5,8.7,274,0.2,0.2,-2.9,4.1,0.0,0.000,-0.0,70.0,-252.8,-329.8,70.036,0.000,0.000,0.000,446.0,00:02:05,440.0,106.3,4,279,0,94,--.--,0000:16:39,46,0,0,1,1,15.30,-1.00,0,--.--,60,--.--,--:--:--,1,-15.30,15:05:48,13:05:48,02/10/2025,--.--,--.--,--.--,--.--,--.--,--.--,--.--,--.--,--.--,--.--,--.--,--.--,0,--.--,--.--,--.--,--.--,--.--,--.--,--.--,--.--,--.--,--.--,--.--,--.--,--.--,--.--,--.--,--.--,0,2766.000,2742.000,2808.000,2784.000,7.915,7.855,8.020,7.960,15.300,15.300,15.300,15.300,true,true,true,true,true,true,false,false,true,true,false,false,0.09,0.01,0.00,0.07,0.00,0.00,0.08,0.08,9223372036854775808,0,--.--,--.--,--.--,--.--,--.--,0,0,0,0,44.4371707,8.8785479,32TMQ 90334 20437,0.0,0.0,281.1,3,15,--.--,--.--,,--.--,--.--,--.--,0,0,--.--,--.--,0,33.5,-438.6,-70.0,0.5,-3.9,0.0,33.3,-438.4,-70.0,0.2,-3.8,0.0,--.--,--.--,--.--,--.--,-2.6,8.8,274.1,0.5,0.4,-4.0,0.00,--.--,--.--,0,0,0.0,0.0,0.0,0,0,0,--.--,--.--,--.--
2025-10-02 15:05:49.737,-1.7,2.6,271,0.9,-25.6,-2.0,2.7,0.0,0.000,-0.0,70.0,-252.8,-329.8,70.019,0.000,0.000,0.000,450.0,00:02:06,443.2,162.9,4,279,0,94,--.--,0000:16:39,46,0,0,1,1,15.30,-1.00,0,--.--,60,--.--,--:--:--,1,-15.30,15:05:49,13:05:49,02/10/2025,--.--,--.--,--.--,--.--,--.--,--.--,--.--,--.--,--.--,--.--,--.--,--.--,0,--.--,--.--,--.--,--.--,--.--,--.--,--.--,--.--,--.--,--.--,--.--,--.--,--.--,--.--,--.--,--.--,0,2790.000,2802.000,2832.000,2838.000,7.975,8.005,8.080,8.095,15.300,15.300,15.300,15.300,true,true,true,true,true,true,false,false,true,true,false,false,0.03,0.01,0.01,0.01,0.00,0.00,0.08,0.08,9223372036854775808,0,--.--,--.--,--.--,--.--,--.--,0,0,0,0,44.4371775,8.8784916,32TMQ 90329 20438,0.0,0.0,277.6,3,15,--.--,--.--,,--.--,--.--,--.--,0,0,--.--,--.--,0,33.8,-441.9,-70.0,0.1,-2.6,0.0,33.6,-441.7,-70.0,0.1,-2.6,0.0,--.--,--.--,--.--,--.--,-0.7,-0.8,272.2,6.4,-20.3,-0.3,0.00,--.--,--.--,0,0,0.0,0.0,0.0,0,0,0,--.--,--.--,--.--
2025-10-02 15:05:50.750,-11.4,-2.0,256,-16.0,-0.4,-55.5,2.6,0.0,0.000,-0.0,70.0,-252.8,-346.8,69.993,0.000,0.000,0.000,452.1,00:02:07,445.6,173.4,5,237,0,94,--.--,0000:16:39,47,0,0,1,1,15.30,-1.00,0,--.--,60,--.--,--:--:--,1,-15.30,15:05:50,13:05:50,02/10/2025,--.--,--.--,--.--,--.--,--.--,--.--,--.--,--.--,--.--,--.--,--.--,--.--,0,--.--,--.--,--.--,--.--,--.--,--.--,--.--,--.--,--.--,--.--,--.--,--.--,--.--,--.--,--.--,--.--,0,2934.000,2766.000,2826.000,2724.000,8.335,7.915,8.065,7.810,15.300,15.300,15.300,15.300,true,true,true,true,true,true,false,false,true,true,false,false,0.03,0.01,0.01,0.01,0.00,0.00,0.08,0.08,9223372036854775808,0,--.--,--.--,--.--,--.--,--.--,0,0,0,0,44.4371802,8.8784513,32TMQ 90326 20438,0.0,0.0,272.3,3,15,--.--,--.--,,--.--,--.--,--.--,0,0,--.--,--.--,0,33.8,-444.3,-70.0,-0.4,-2.5,0.0,33.8,-444.4,-70.0,-0.5,-2.7,-0.0,--.--,--.--,--.--,--.--,-12.0,-6.6,242.6,-12.2,-2.2,-80.6,0.00,--.--,--.--,0,0,0.0,0.0,0.0,0,0,0,--.--,--.--,--.--
2025-10-02 15:05:51.739,0.9,-14.8,216,9.9,-11.8,13.9,3.3,0.0,0.000,0.0,70.0,-252.8,-329.8,69.982,0.000,0.000,0.000,454.1,00:02:08,447.9,134.9,5,237,0,94,--.--,0000:16:39,48,0,0,1,1,15.30,-1.00,0,--.--,61,--.--,--:--:--,1,-15.30,15:05:51,13:05:51,02/10/2025,--.--,--.--,--.--,--.--,--.--,--.--,--.--,--.--,--.--,--.--,--.--,--.--,0,--.--,--.--,--.--,--.--,--.--,--.--,--.--,--.--,--.--,--.--,--.--,--.--,--.--,--.--,--.--,--.--,0,2376.000,2430.000,3480.000,3324.000,6.940,7.075,9.700,9.310,15.300,15.300,15.300,15.300,true,true,true,true,true,true,false,false,true,true,false,false,0.11,0.01,0.01,0.06,0.00,0.00,0.08,0.08,9223372036854775808,0,--.--,--.--,--.--,--.--,--.--,0,0,0,0,44.4371803,8.8784218,32TMQ 90324 20438,0.0,0.0,263.9,3,15,--.--,--.--,,--.--,--.--,--.--,0,0,--.--,--.--,0,32.6,-446.7,-70.0,-2.2,-2.9,0.0,32.4,-446.8,-70.0,-2.5,-3.0,-0.0,--.--,--.--,--.--,--.--,-2.9,-16.3,234.0,5.4,-9.8,44.4,0.00,--.--,--.--,0,0,0.0,0.0,0.0,0,0,0,--.--,--.--,--.--
2025-10-02 15:05:52.738,0.9,-0.3,240,-4.0,5.5,7.7,5.2,0.0,0.000,0.0,70.0,-252.8,-329.8,69.953,0.000,0.000,0.000,458.2,00:02:09,451.3,86.4,5,237,0,94,--.--,0000:16:39,48,0,0,1,1,15.30,-1.00,0,--.--,61,--.--,--:--:--,1,-15.30,15:05:52,13:05:52,02/10/2025,--.--,--.--,--.--,--.--,--.--,--.--,--.--,--.--,--.--,--.--,--.--,--.--,0,--.--,--.--,--.--,--.--,--.--,--.--,--.--,--.--,--.--,--.--,--.--,--.--,--.--,--.--,--.--,--.--,0,3546.000,3480.000,2502.000,2460.000,9.865,9.700,7.255,7.150,15.300,15.300,15.300,15.300,true,true,true,true,true,true,false,false,true,true,false,false,0.11,0.01,0.01,0.06,0.00,0.00,0.08,0.08,9223372036854775808,0,--.--,--.--,--.--,--.--,--.--,0,0,0,0,44.4371692,8.8783911,32TMQ 90321 20437,0.0,0.0,231.9,3,15,--.--,--.--,,--.--,--.--,--.--,0,0,--.--,--.--,0,29.8,-450.2,-70.0,-3.2,-4.1,-0.0,29.8,-450.4,-70.0,-2.9,-4.2,-0.0,--.--,--.--,--.--,--.--,2.0,0.6,234.8,6.7,4.9,-15.2,0.00,--.--,--.--,0,0,0.0,0.0,0.0,0,0,0,--.--,--.--,--.--
2025-10-02 15:05:53.750,1.5,2.5,235,-2.5,0.4,-6.0,5.1,0.0,0.000,0.1,70.0,-252.9,-329.9,69.994,0.000,0.000,0.000,464.3,00:02:10,455.3,88.8,5,237,0,93,--.--,0000:16:39,46,0,0,1,1,15.30,-1.00,0,--.--,61,--.--,--:--:--,1,-15.30,15:05:53,13:05:53,02/10/2025,--.--,--.--,--.--,--.--,--.--,--.--,--.--,--.--,--.--,--.--,--.--,--.--,0,--.--,--.--,--.--,--.--,--.--,--.--,--.--,--.--,--.--,--.--,--.--,--.--,--.--,--.--,--.--,--.--,0,2502.000,2496.000,3228.000,3168.000,7.255,7.240,9.070,8.920,15.300,15.300,15.300,15.300,true,true,true,true,true,true,false,false,true,true,false,false,0.09,0.02,0.01,0.04,0.00,0.00,0.08,0.08,9223372036854775808,0,--.--,--.--,--.--,--.--,--.--,0,0,0,0,44.4371431,8.8783463,32TMQ 90318 20434,0.0,0.0,232.0,3,15,--.--,--.--,,--.--,--.--,--.--,0,0,--.--,--.--,0,26.6,-454.5,-70.0,-2.9,-4.2,-0.0,26.9,-454.4,-70.0,-2.6,-4.0,0.0,--.--,--.--,--.--,--.--,0.8,2.7,235.6,-5.1,1.7,0.8,0.00,--.--,--.--,0,0,0.0,0.0,0.0,0,0,0,--.--,--.--,--.--
2025-10-02 15:05:54.750,-0.9,11.5,234,-1.4,-0.1,1.8,4.0,0.0,0.000,0.0,70.0,-252.8,-329.8,70.036,0.000,0.000,0.000,468.4,00:02:11,459.1,113.3,5,237,0,93,--.--,0000:16:39,46,0,0,1,1,15.30,-1.00,0,--.--,61,--.--,--:--:--,1,-15.30,15:05:54,13:05:54,02/10/2025,--.--,--.--,--.--,--.--,--.--,--.--,--.--,--.--,--.--,--.--,--.--,--.--,0,--.--,--.--,--.--,--.--,--.--,--.--,--.--,--.--,--.--,--.--,--.--,--.--,--.--,--.--,--.--,--.--,0,2970.000,2838.000,2736.000,2574.000,8.425,8.095,7.840,7.435,15.300,15.300,15.300,15.300,true,true,true,true,true,true,false,false,true,true,false,false,0.09,0.02,0.01,0.04,0.00,0.00,0.08,0.08,9223372036854775808,0,--.--,--.--,--.--,--.--,--.--,0,0,0,0,44.4371140,8.8782913,32TMQ 90314 20431,0.0,0.0,235.5,3,15,--.--,--.--,,--.--,--.--,--.--,0,0,--.--,--.--,0,23.9,-458.5,-70.0,-2.1,-3.1,0.0,24.2,-458.1,-70.0,-1.9,-2.7,0.0,--.--,--.--,--.--,--.--,-1.0,11.6,235.0,-0.6,1.1,-0.5,0.00,--.--,--.--,0,0,0.0,0.0,0.0,0,0,0,--.--,--.--,--.--
2025-10-02 15:05:55.750,-1.7,3.2,234,0.1,-34.7,-3.4,2.3,0.0,0.000,-0.0,70.0,-252.8,-329.8,70.025,0.000,0.000,0.000,472.5,00:02:12,461.5,197.7,5,237,0,93,--.--,0000:16:39,46,0,0,1,1,15.30,-1.00,0,--.--,60,--.--,--:--:--,1,-15.30,15:05:55,13:05:55,02/10/2025,--.--,--.--,--.--,--.--,--.--,--.--,--.--,--.--,--.--,--.--,--.--,--.--,0,--.--,--.--,--.--,--.--,--.--,--.--,--.--,--.--,--.--,--.--,--.--,--.--,--.--,--.--,--.--,--.--,0,2784.000,2778.000,2868.000,2856.000,7.960,7.945,8.170,8.140,15.300,15.300,15.300,15.300,true,true,true,true,true,true,false,false,true,true,false,false,0.05,0.01,0.00,0.02,0.00,0.00,0.08,0.08,9223372036854775808,0,--.--,--.--,--.--,--.--,--.--,0,0,0,0,44.4370904,8.8782412,32TMQ 90310 20428,0.0,0.0,236.9,3,15,--.--,--.--,,--.--,--.--,--.--,0,0,--.--,--.--,0,22.3,-461.0,-70.0,-1.2,-1.8,0.0,22.5,-460.6,-70.0,-1.3,-1.8,0.0,--.--,--.--,--.--,--.--,-0.9,-1.0,233.4,5.0,-29.9,-3.8,0.00,--.--,--.--,0,0,0.0,0.0,0.0,0,0,0,--.--,--.--,--.--
2025-10-02 15:05:56.738,-13.2,-1.3,215,-9.4,14.9,-55.9,2.2,0.0,0.000,-0.0,70.0,-252.8,-329.8,69.995,0.000,0.000,0.000,474.6,00:02:13,463.0,205.8,6,191,0,93,--.--,0000:16:39,48,0,0,1,1,15.30,-1.00,0,--.--,60,--.--,--:--:--,1,-15.30,15:05:56,13:05:56,02/10/2025,--.--,--.--,--.--,--.--,--.--,--.--,--.--,--.--,--.--,--.--,--.--,--.--,0,--.--,--.--,--.--,--.--,--.--,--.--,--.--,--.--,--.--,--.--,--.--,--.--,--.--,--.--,--.--,--.--,0,2904.000,2736.000,2916.000,2712.000,8.260,7.840,8.290,7.780,15.300,15.300,15.300,15.300,true,true,true,true,true,true,false,false,true,true,false,false,0.05,0.01,0.00,0.02,0.00,0.00,0.08,0.08,9223372036854775808,0,--.--,--.--,--.--,--.--,--.--,0,0,0,0,44.4370760,8.8782113,32TMQ 90307 20426,0.0,0.0,234.9,3,15,--.--,--.--,,--.--,--.--,--.--,0,0,--.--,--.--,0,21.0,-462.5,-70.0,-1.8,-1.3,0.0,20.9,-462.6,-70.0,-2.2,-1.5,-0.0,--.--,--.--,--.--,--.--,-13.3,-3.5,204.4,-5.9,12.7,-76.0,0.00,--.--,--.--,0,0,0.0,0.0,0.0,0,0,0,--.--,--.--,--.--
2025-10-02 15:05:57.750,6.7,-17.5,168,-1.7,-1.7,5.8,3.3,0.0,0.000,-0.0,70.0,-252.8,-336.8,69.978,0.000,0.000,0.000,476.6,00:02:14,463.6,141.3,6,191,0,92,--.--,0000:16:39,50,0,0,1,1,15.30,-1.00,0,--.--,61,--.--,--:--:--,1,-15.30,15:05:57,13:05:57,02/10/2025,--.--,--.--,--.--,--.--,--.--,--.--,--.--,--.--,--.--,--.--,--.--,--.--,0,--.--,--.--,--.--,--.--,--.--,--.--,--.--,--.--,--.--,--.--,--.--,--.--,--.--,--.--,--.--,--.--,0,2370.000,2562.000,3336.000,3378.000,6.925,7.405,9.340,9.445,15.300,15.300,15.300,15.300,true,true,true,true,true,true,false,false,true,true,false,false,0.13,0.00,0.01,0.06,0.00,0.00,0.08,0.08,9223372036854775808,0,--.--,--.--,--.--,--.--,--.--,0,0,0,0,44.4370651,8.8781921,32TMQ 90306 20425,0.0,0.0,220.4,3,15,--.--,--.--,,--.--,--.--,--.--,0,0,--.--,--.--,0,18.6,-463.2,-70.0,-3.7,-0.6,0.0,18.4,-463.2,-70.0,-4.0,-0.6,-0.0,--.--,--.--,--.--,--.--,-1.7,-17.9,188.3,-14.6,-2.3,51.4,0.00,--.--,--.--,0,0,0.0,0.0,0.0,0,0,0,--.--,--.--,--.--
2025-10-02 15:05:58.750,-0.4,0.4,194,-0.0,8.9,12.5,5.3,0.0,0.000,0.0,70.0,-252.9,-336.9,69.943,0.000,0.000,0.000,480.7,00:02:15,464.0,88.2,6,191,0,92,--.--,0000:16:39,48,0,0,1,1,15.30,-1.00,0,--.--,61,--.--,--:--:--,1,-15.30,15:05:58,13:05:58,02/10/2025,--.--,--.--,--.--,--.--,--.--,--.--,--.--,--.--,--.--,--.--,--.--,--.--,0,--.--,--.--,--.--,--.--,--.--,--.--,--.--,--.--,--.--,--.--,--.--,--.--,--.--,--.--,--.--,--.--,0,3876.000,3738.000,2316.000,2226.000,10.690,10.345,6.790,6.565,15.300,15.300,15.300,15.300,true,true,true,true,true,true,false,false,true,true,false,false,0.13,0.00,0.01,0.06,0.00,0.00,0.08,0.08,9223372036854775808,0,--.--,--.--,--.--,--.--,--.--,0,0,0,0,44.4370433,8.8781834,32TMQ 90305 20423,0.0,0.0,187.3,3,15,--.--,--.--,,--.--,--.--,--.--,0,0,--.--,--.--,0,14.0,-463.8,-69.9,-5.2,-0.7,-0.1,14.0,-463.8,-70.0,-5.0,-0.8,-0.1,--.--,--.--,--.--,--.--,1.0,1.4,188.5,9.6,3.2,-15.9,0.00,--.--,--.--,0,0,0.0,0.0,0.0,0,0,0,--.--,--.--,--.--
2025-10-02 15:05:59.749,0.6,2.9,188,-1.2,0.9,-9.1,5.1,0.0,0.000,0.1,70.0,-252.9,-336.9,69.998,0.000,0.000,0.000,486.9,00:02:16,464.6,91.2,6,191,0,91,--.--,0000:16:39,46,0,0,1,1,15.30,-1.00,0,--.--,61,--.--,--:--:--,1,-15.30,15:05:59,13:05:59,02/10/2025,--.--,--.--,--.--,--.--,--.--,--.--,--.--,--.--,--.--,--.--,--.--,--.--,0,--.--,--.--,--.--,--.--,--.--,--.--,--.--,--.--,--.--,--.--,--.--,--.--,--.--,--.--,--.--,--.--,0,2382.000,2412.000,3282.000,3288.000,6.955,7.030,9.205,9.220,15.300,15.300,15.300,15.300,true,true,true,true,true,true,false,false,true,true,false,false,0.13,0.01,0.00,0.05,0.00,0.00,0.08,0.08,9223372036854775808,0,--.--,--.--,--.--,--.--,--.--,0,0,0,0,44.4370011,8.8781751,32TMQ 90304 20418,0.0,0.0,188.0,3,15,--.--,--.--,,--.--,--.--,--.--,0,0,--.--,--.--,0,8.7,-464.6,-70.0,-5.0,-0.8,-0.1,9.1,-464.6,-70.0,-4.6,-0.7,0.0,--.--,--.--,--.--,--.--,-0.1,3.1,188.6,-4.7,1.0,-1.2,0.00,--.--,--.--,0,0,0.0,0.0,0.0,0,0,0,--.--,--.--,--.--
2025-10-02 15:06:00.739,-0.8,0.6,187,-0.4,-0.9,3.2,4.7,0.0,0.000,-0.0,70.0,-252.8,-336.8,70.038,0.000,0.000,0.000,491.0,00:02:17,465.4,98.0,6,191,0,90,--.--,0000:16:39,46,0,0,1,1,15.30,-1.00,0,--.--,61,--.--,--:--:--,1,-15.30,15:06:00,13:06:00,02/10/2025,--.--,--.--,--.--,--.--,--.--,--.--,--.--,--.--,--.--,--.--,--.--,--.--,0,--.--,--.--,--.--,--.--,--.--,--.--,--.--,--.--,--.--,--.--,--.--,--.--,--.--,--.--,--.--,--.--,0,2916.000,2916.000,2616.000,2622.000,8.290,8.290,7.540,7.555,15.300,15.300,15.300,15.300,true,true,true,true,true,true,false,false,true,true,false,false,0.13,0.01,0.00,0.05,0.00,0.00,0.08,0.08,9223372036854775808,0,--.--,--.--,--.--,--.--,--.--,0,0,0,0,44.4369525,8.8781654,32TMQ 90303 20413,0.0,0.0,188.7,3,15,--.--,--.--,,--.--,--.--,--.--,0,0,--.--,--.--,0,3.8,-465.3,-70.0,-4.7,-0.7,0.0,4.1,-465.3,-70.0,-4.6,-0.7,0.0,--.--,--.--,--.--,--.--,-0.7,1.3,188.3,0.2,4.7,1.6,0.00,--.--,--.--,0,0,0.0,0.0,0.0,0,0,0,--.--,--.--,--.--
2025-10-02 15:06:01.738,-0.3,8.6,188,0.4,0.1,-1.3,3.8,0.0,0.000,-0.0,70.0,-252.8,-333.8,70.036,0.000,0.000,0.000,495.1,00:02:18,466.0,121.1,6,191,0,90,--.--,0000:16:39,46,0,0,1,1,15.30,-1.00,0,--.--,60,--.--,--:--:--,1,-15.30,15:06:01,13:06:01,02/10/2025,--.--,--.--,--.--,--.--,--.--,--.--,--.--,--.--,--.--,--.--,--.--,--.--,0,--.--,--.--,--.--,--.--,--.--,--.--,--.--,--.--,--.--,--.--,--.--,--.--,--.--,--.--,--.--,--.--,0,2808.000,2706.000,2856.000,2748.000,8.020,7.765,8.140,7.870,15.300,15.300,15.300,15.300,true,true,true,true,true,true,false,false,true,true,false,false,0.03,0.00,0.01,0.05,0.00,0.00,0.08,0.08,9223372036854775808,0,--.--,--.--,--.--,--.--,--.--,0,0,0,0,44.4369087,8.8781556,32TMQ 90303 20408,0.0,0.0,189.1,3,15,--.--,--.--,,--.--,--.--,--.--,0,0,--.--,--.--,0,-0.5,-466.0,-70.0,-3.6,-0.5,0.0,-0.3,-466.0,-70.0,-3.5,-0.5,0.0,--.--,--.--,--.--,--.--,-0.3,8.9,188.0,0.7,1.9,-2.3,0.00,--.--,--.--,0,0,0.0,0.0,0.0,0,0,0,--.--,--.--,--.--
2025-10-02 15:06:02.738,0.4,-0.7,188,-0.0,-2.3,1.3,2.9,0.0,0.000,-0.0,70.0,-252.8,-333.8,70.010,0.000,0.000,0.000,499.2,00:02:19,466.4,161.4,6,191,0,90,--.--,0000:16:39,46,0,0,1,1,15.30,-1.00,0,--.--,60,--.--,--:--:--,1,-15.30,15:06:02,13:06:02,02/10/2025,--.--,--.--,--.--,--.--,--.--,--.--,--.--,--.--,--.--,--.--,--.--,--.--,0,--.--,--.--,--.--,--.--,--.--,--.--,--.--,--.--,--.--,--.--,--.--,--.--,--.--,--.--,--.--,--.--,0,2832.000,2796.000,2856.000,2808.000,8.080,7.990,8.140,8.020,15.300,15.300,15.300,15.300,true,true,true,true,true,true,false,false,true,true,false,false,0.03,0.00,0.01,0.05,0.00,0.00,0.08,0.08,9223372036854775808,0,--.--,--.--,--.--,--.--,--.--,0,0,0,0,44.4368708,8.8781477,32TMQ 90302 20404,0.0,0.0,187.9,3,15,--.--,--.--,,--.--,--.--,--.--,0,0,--.--,--.--,0,-3.6,-466.4,-70.0,-2.9,-0.4,0.0,-3.5,-466.4,-70.0,-3.0,-0.5,0.0,--.--,--.--,--.--,--.--,0.2,-1.1,188.9,-1.1,-2.5,3.9,0.00,--.--,--.--,0,0,0.0,0.0,0.0,0,0,0,--.--,--.--,--.--
2025-10-02 15:06:03.740,-9.0,-6.5,150,21.6,-10.9,-60.8,2.9,0.0,0.000,-0.0,70.0,-252.8,-333.8,69.990,0.000,0.000,0.000,501.2,00:02:20,466.4,160.1,7,157,0,89,--.--,0000:16:39,48,0,0,1,1,15.30,-1.00,0,--.--,60,--.--,--:--:--,1,-15.30,15:06:03,13:06:03,02/10/2025,--.--,--.--,--.--,--.--,--.--,--.--,--.--,--.--,--.--,--.--,--.--,--.--,0,--.--,--.--,--.--,--.--,--.--,--.--,--.--,--.--,--.--,--.--,--.--,--.--,--.--,--.--,--.--,--.--,0,2394.000,2262.000,3270.000,3324.000,6.985,6.655,9.175,9.310,15.300,15.300,15.300,15.300,true,true,true,true,true,true,false,false,true,true,false,false,0.10,0.01,0.00,0.02,0.00,0.00,0.08,0.08,9223372036854775808,0,--.--,--.--,--.--,--.--,--.--,0,0,0,0,44.4368437,8.8781430,32TMQ 90302 20401,0.0,0.0,186.6,3,15,--.--,--.--,,--.--,--.--,--.--,0,0,--.--,--.--,0,-6.3,-466.3,-70.0,-2.8,0.9,0.0,-6.4,-466.3,-70.0,-3.1,1.2,-0.0,--.--,--.--,--.--,--.--,-9.5,-8.4,153.4,-0.5,-13.5,-11.1,0.00,--.--,--.--,0,0,0.0,0.0,0.0,0,0,0,--.--,--.--,--.--
2025-10-02 15:06:04.750,2.4,-8.9,146,2.6,30.9,29.2,4.7,0.0,0.000,-0.1,70.0,-252.8,-333.8,69.967,0.000,0.000,0.000,505.3,00:02:21,464.9,99.7,7,157,0,89,--.--,0000:16:39,49,0,0,1,1,15.30,-1.00,0,--.--,60,--.--,--:--:--,1,-15.30,15:06:04,13:06:04,02/10/2025,--.--,--.--,--.--,--.--,--.--,--.--,--.--,--.--,--.--,--.--,--.--,--.--,0,--.--,--.--,--.--,--.--,--.--,--.--,--.--,--.--,--.--,--.--,--.--,--.--,--.--,--.--,--.--,--.--,0,3948.000,3876.000,1914.000,1920.000,10.870,10.690,5.785,5.800,15.300,15.300,15.300,15.300,true,true,true,true,true,true,false,false,true,true,false,false,0.10,0.01,0.00,0.02,0.00,0.00,0.08,0.08,9223372036854775808,0,--.--,--.--,--.--,--.--,--.--,0,0,0,0,44.4368194,8.8781423,32TMQ 90302 20398,0.0,0.0,165.1,3,15,--.--,--.--,,--.--,--.--,--.--,0,0,--.--,--.--,0,-9.6,-464.7,-70.0,-4.3,2.4,0.1,-9.6,-464.6,-70.0,-4.3,2.4,-0.0,--.--,--.--,--.--,--.--,3.0,-5.3,153.1,8.4,28.0,19.7,0.00,--.--,--.--,0,0,0.0,0.0,0.0,0,0,0,--.--,--.--,--.--
2025-10-02 15:06:05.740,1.7,2.6,159,3.9,20.9,-5.6,5.2,0.0,0.000,0.1,70.0,-252.9,-333.9,69.970,0.000,0.000,0.000,509.4,00:02:22,462.5,89.6,7,157,0,88,--.--,0000:16:39,46,0,0,1,1,15.30,-1.00,0,--.--,61,--.--,--:--:--,1,-15.30,15:06:05,13:06:05,02/10/2025,--.--,--.--,--.--,--.--,--.--,--.--,--.--,--.--,--.--,--.--,--.--,--.--,0,--.--,--.--,--.--,--.--,--.--,--.--,--.--,--.--,--.--,--.--,--.--,--.--,--.--,--.--,--.--,--.--,0,2766.000,2784.000,3066.000,3120.000,7.915,7.960,8.665,8.800,15.300,15.300,15.300,15.300,true,true,true,true,true,true,false,false,true,true,false,false,0.03,0.01,0.01,0.05,0.00,0.00,0.08,0.08,9223372036854775808,0,--.--,--.--,--.--,--.--,--.--,0,0,0,0,44.4367895,8.8781635,32TMQ 90303 20395,0.0,0.0,149.8,3,15,--.--,--.--,,--.--,--.--,--.--,0,0,--.--,--.--,0,-14.1,-462.2,-70.0,-4.5,2.4,-0.1,-14.0,-462.4,-70.0,-4.3,2.0,-0.0,--.--,--.--,--.--,--.--,1.7,6.8,154.2,3.1,24.7,-13.4,0.00,--.--,--.--,0,0,0.0,0.0,0.0,0,0,0,--.--,--.--,--.--
2025-10-02 15:06:06.739,0.9,12.9,154,-1.3,0.3,1.0,3.8,0.0,0.000,0.0,70.0,-252.8,-333.8,70.021,0.000,0.000,0.000,515.6,00:02:23,460.5,120.7,7,157,0,88,--.--,0000:16:39,47,0,0,1,1,15.30,-1.00,0,--.--,61,--.--,--:--:--,1,-15.30,15:06:06,13:06:06,02/10/2025,--.--,--.--,--.--,--.--,--.--,--.--,--.--,--.--,--.--,--.--,--.--,--.--,0,--.--,--.--,--.--,--.--,--.--,--.--,--.--,--.--,--.--,--.--,--.--,--.--,--.--,--.--,--.--,--.--,0,2730.000,2712.000,2898.000,2934.000,7.825,7.780,8.245,8.335,15.300,15.300,15.300,15.300,true,true,true,true,true,true,false,false,true,true,false,false,0.03,0.01,0.01,0.05,0.00,0.00,0.08,0.08,9223372036854775808,0,--.--,--.--,--.--,--.--,--.--,0,0,0,0,44.4367481,8.8781954,32TMQ 90306 20390,0.0,0.0,151.7,3,15,--.--,--.--,,--.--,--.--,--.--,0,0,--.--,--.--,0,-18.3,-460.1,-70.0,-3.2,1.5,-0.0,-17.8,-460.5,-70.0,-2.7,1.2,0.0,--.--,--.--,--.--,--.--,1.0,12.8,155.8,-2.0,-1.5,6.6,0.00,--.--,--.--,0,0,0.0,0.0,0.0,0,0,0,--.--,--.--,--.--
2025-10-02 15:06:07.750,-0.4,0.6,158,-12.6,-1.3,1.6,2.3,0.0,0.000,-0.0,70.0,-252.8,-329.8,70.022,0.000,0.000,0.000,517.6,00:02:24,459.4,200.0,8,116,0,87,--.--,0000:16:39,46,0,0,1,1,15.30,-1.00,0,--.--,60,--.--,--:--:--,1,-15.30,15:06:07,13:06:07,02/10/2025,--.--,--.--,--.--,--.--,--.--,--.--,--.--,--.--,--.--,--.--,--.--,--.--,0,--.--,--.--,--.--,--.--,--.--,--.--,--.--,--.--,--.--,--.--,--.--,--.--,--.--,--.--,--.--,--.--,0,2916.000,2946.000,2724.000,2736.000,8.290,8.365,7.810,7.840,15.300,15.300,15.300,15.300,true,true,true,true,true,true,false,false,true,true,false,false,0.07,0.02,0.01,0.05,0.00,0.00,0.08,0.08,9223372036854775808,0,--.--,--.--,--.--,--.--,--.--,0,0,0,0,44.4367103,8.8782229,32TMQ 90308 20386,0.0,0.0,153.2,3,15,--.--,--.--,,--.--,--.--,--.--,0,0,--.--,--.--,0,-20.8,-458.9,-70.0,-2.1,0.9,0.0,-20.5,-459.2,-70.0,-2.2,1.0,0.0,--.--,--.--,--.--,--.--,-3.1,0.6,152.1,-16.3,1.3,-36.7,0.00,--.--,--.--,0,0,0.0,0.0,0.0,0,0,0,--.--,--.--,--.--
2025-10-02 15:06:08.739,-5.7,-10.8,111,19.4,-31.4,-71.3,2.4,0.0,0.000,-0.0,70.0,-252.8,-329.8,69.996,0.000,0.000,0.000,519.6,00:02:25,458.1,191.8,8,116,0,87,--.--,0000:16:39,48,0,0,1,1,15.30,-1.00,0,--.--,60,--.--,--:--:--,1,-15.30,15:06:08,13:06:08,02/10/2025,--.--,--.--,--.--,--.--,--.--,--.--,--.--,--.--,--.--,--.--,--.--,--.--,0,--.--,--.--,--.--,--.--,--.--,--.--,--.--,--.--,--.--,--.--,--.--,--.--,--.--,--.--,--.--,--.--,0,1908.000,1830.000,3762.000,3792.000,5.770,5.575,10.405,10.480,15.300,15.300,15.300,15.300,true,true,true,true,true,true,false,false,true,true,false,false,0.07,0.02,0.01,0.05,0.00,0.00,0.08,0.08,9223372036854775808,0,--.--,--.--,--.--,--.--,--.--,0,0,0,0,44.4366887,8.8782375,32TMQ 90309 20383,0.0,0.0,155.7,3,15,--.--,--.--,,--.--,--.--,--.--,0,0,--.--,--.--,0,-22.3,-457.5,-70.0,-1.1,2.3,0.0,-22.4,-457.3,-70.0,-1.4,2.9,-0.0,--.--,--.--,--.--,--.--,-5.3,-15.8,113.7,1.7,-30.1,-15.4,0.00,--.--,--.--,0,0,0.0,0.0,0.0,0,0,0,--.--,--.--,--.--
2025-10-02 15:06:09.750,2.4,-8.3,105,2.1,22.8,35.8,4.9,0.0,0.000,-0.1,70.0,-252.8,-329.8,69.943,0.000,0.000,0.000,523.7,00:02:26,454.8,93.1,8,116,0,87,--.--,0000:16:39,50,0,0,1,1,15.30,-1.00,0,--.--,61,--.--,--:--:--,1,-15.30,15:06:09,13:06:09,02/10/2025,--.--,--.--,--.--,--.--,--.--,--.--,--.--,--.--,--.--,--.--,--.--,--.--,0,--.--,--.--,--.--,--.--,--.--,--.--,--.--,--.--,--.--,--.--,--.--,--.--,--.--,--.--,--.--,--.--,0,4164.000,4122.000,1872.000,1812.000,11.410,11.305,5.680,5.530,15.300,15.300,15.300,15.300,true,true,true,true,true,true,false,false,true,true,false,false,0.10,0.01,0.01,0.11,0.00,0.00,0.08,0.08,9223372036854775808,0,--.--,--.--,--.--,--.--,--.--,0,0,0,0,44.4366752,8.8782532,32TMQ 90310 20382,0.0,0.0,115.2,3,15,--.--,--.--,,--.--,--.--,--.--,0,0,--.--,--.--,0,-23.7,-454.1,-69.9,-2.0,4.7,0.0,-23.8,-454.0,-70.0,-2.1,4.7,-0.1,--.--,--.--,--.--,--.--,2.8,-4.7,114.0,7.3,24.3,21.9,0.00,--.--,--.--,0,0,0.0,0.0,0.0,0,0,0,--.--,--.--,--.--
2025-10-02 15:06:10.750,0.6,2.2,120,1.6,3.8,-8.9,5.2,0.0,0.000,0.1,69.9,-252.9,-322.9,69.968,0.000,0.000,0.000,529.9,00:02:27,450.0,86.2,8,116,0,87,--.--,0000:16:39,46,0,0,1,1,15.30,-1.00,0,--.--,61,--.--,--:--:--,1,-15.30,15:06:10,13:06:10,02/10/2025,--.--,--.--,--.--,--.--,--.--,--.--,--.--,--.--,--.--,--.--,--.--,--.--,0,--.--,--.--,--.--,--.--,--.--,--.--,--.--,--.--,--.--,--.--,--.--,--.--,--.--,--.--,--.--,--.--,0,2754.000,2664.000,3210.000,3180.000,7.885,7.660,9.025,8.950,15.300,15.300,15.300,15.300,true,true,true,true,true,true,false,false,true,true,false,false,0.10,0.01,0.01,0.11,0.00,0.00,0.08,0.08,9223372036854775808,0,--.--,--.--,--.--,--.--,--.--,0,0,0,0,44.4366629,8.8782969,32TMQ 90314 20381,0.0,0.0,112.9,3,15,--.--,--.--,,--.--,--.--,--.--,0,0,--.--,--.--,0,-25.8,-449.2,-70.0,-2.1,4.8,-0.1,-25.8,-449.4,-70.0,-2.0,4.4,-0.0,--.--,--.--,--.--,--.--,0.6,2.9,114.1,1.6,3.9,-17.6,0.00,--.--,--.--,0,0,0.0,0.0,0.0,0,0,0,--.--,--.--,--.--
2025-10-02 15:06:11.739,-0.4,1.9,111,-1.3,-2.2,-0.9,4.9,0.0,0.000,0.0,70.0,-252.8,-322.8,70.034,0.000,0.000,0.000,533.9,00:02:28,445.4,91.2,8,116,0,86,--.--,0000:16:39,46,0,0,1,1,15.30,-1.00,0,--.--,60,--.--,--:--:--,1,-15.30,15:06:11,13:06:11,02/10/2025,--.--,--.--,--.--,--.--,--.--,--.--,--.--,--.--,--.--,--.--,--.--,--.--,0,--.--,--.--,--.--,--.--,--.--,--.--,--.--,--.--,--.--,--.--,--.--,--.--,--.--,--.--,--.--,--.--,0,2694.000,2658.000,2898.000,2862.000,7.735,7.645,8.245,8.155,15.300,15.300,15.300,15.300,true,true,true,true,true,true,false,false,true,true,false,false,0.08,0.01,0.00,0.15,0.00,0.00,0.08,0.08,9223372036854775808,0,--.--,--.--,--.--,--.--,--.--,0,0,0,0,44.4366429,8.8783604,32TMQ 90319 20378,0.0,0.0,113.6,3,15,--.--,--.--,,--.--,--.--,--.--,0,0,--.--,--.--,0,-27.9,-444.5,-70.0,-2.0,4.4,-0.0,-27.8,-444.8,-70.0,-1.9,4.3,0.0,--.--,--.--,--.--,--.--,-0.7,1.7,114.0,-2.7,-1.5,5.5,0.00,--.--,--.--,0,0,0.0,0.0,0.0,0,0,0,--.--,--.--,--.--
2025-10-02 15:06:12.737,-0.5,9.6,114,-0.2,-0.6,1.5,3.9,0.0,0.000,-0.0,70.0,-252.8,-322.8,70.046,0.000,0.000,0.000,538.0,00:02:29,441.5,112.1,8,116,0,86,--.--,0000:16:39,46,0,0,1,1,15.30,-1.00,0,--.--,60,--.--,--:--:--,1,-15.30,15:06:12,13:06:12,02/10/2025,--.--,--.--,--.--,--.--,--.--,--.--,--.--,--.--,--.--,--.--,--.--,--.--,0,--.--,--.--,--.--,--.--,--.--,--.--,--.--,--.--,--.--,--.--,--.--,--.--,--.--,--.--,--.--,--.--,0,2934.000,2814.000,2712.000,2598.000,8.335,8.035,7.780,7.495,15.300,15.300,15.300,15.300,true,true,true,true,true,true,false,false,true,true,false,false,0.08,0.01,0.00,0.15,0.00,0.00,0.08,0.08,9223372036854775808,0,--.--,--.--,--.--,--.--,--.--,0,0,0,0,44.4366243,8.8784186,32TMQ 90324 20376,0.0,0.0,114.4,3,15,--.--,--.--,,--.--,--.--,--.--,0,0,--.--,--.--,0,-29.8,-440.5,-70.0,-1.5,3.4,0.0,-29.7,-440.7,-70.0,-1.5,3.2,0.0,--.--,--.--,--.--,--.--,-0.3,9.8,113.8,1.7,1.2,-2.3,0.00,--.--,--.--,0,0,0.0,0.0,0.0,0,0,0,--.--,--.--,--.--
2025-10-02 15:06:13.737,0.4,0.5,114,6.6,-17.9,-0.0,2.5,0.0,0.000,-0.0,70.0,-252.8,-322.8,70.020,0.000,0.000,0.000,542.0,00:02:30,438.8,174.9,8,116,0,86,--.--,0000:16:39,46,0,0,1,1,15.30,-1.00,0,--.--,60,--.--,--:--:--,1,-15.30,15:06:13,13:06:13,02/10/2025,--.--,--.--,--.--,--.--,--.--,--.--,--.--,--.--,--.--,--.--,--.--,--.--,0,--.--,--.--,--.--,--.--,--.--,--.--,--.--,--.--,--.--,--.--,--.--,--.--,--.--,--.--,--.--,--.--,0,2772.000,2766.000,2880.000,2868.000,7.930,7.915,8.200,8.170,15.300,15.300,15.300,15.300,true,true,true,true,true,true,false,false,true,true,false,false,0.04,0.01,0.01,0.07,0.00,0.00,0.08,0.08,9223372036854775808,0,--.--,--.--,--.--,--.--,--.--,0,0,0,0,44.4366078,8.8784703,32TMQ 90328 20374,0.0,0.0,113.7,3,15,--.--,--.--,,--.--,--.--,--.--,0,0,--.--,--.--,0,-30.9,-437.7,-70.0,-1.0,2.3,0.0,-30.9,-437.9,-70.0,-1.1,2.3,0.0,--.--,--.--,--.--,--.--,0.6,-0.7,114.7,0.9,-6.5,3.0,0.00,--.--,--.--,0,0,0.0,0.0,0.0,0,0,0,--.--,--.--,--.--
2025-10-02 15:06:14.750,-13.2,-1.3,94,-16.0,6.8,-63.6,2.5,0.0,0.000,-0.0,70.0,-252.8,-322.8,69.992,0.000,0.000,0.000,544.1,00:02:31,436.6,173.5,9,74,0,86,--.--,0000:16:39,48,0,0,1,1,15.30,-1.00,0,--.--,60,--.--,--:--:--,1,-15.30,15:06:14,13:06:14,02/10/2025,--.--,--.--,--.--,--.--,--.--,--.--,--.--,--.--,--.--,--.--,--.--,--.--,0,--.--,--.--,--.--,--.--,--.--,--.--,--.--,--.--,--.--,--.--,--.--,--.--,--.--,--.--,--.--,--.--,0,2916.000,2856.000,2760.000,2730.000,8.290,8.140,7.900,7.825,15.300,15.300,15.300,15.300,true,true,true,true,true,true,false,false,true,true,false,false,0.04,0.01,0.01,0.07,0.00,0.00,0.08,0.08,9223372036854775808,0,--.--,--.--,--.--,--.--,--.--,0,0,0,0,44.4365977,8.8785042,32TMQ 90330 20373,0.0,0.0,110.7,3,15,--.--,--.--,,--.--,--.--,--.--,0,0,--.--,--.--,0,-31.7,-435.5,-70.0,-0.2,2.5,-0.0,-31.7,-435.4,-70.0,-0.1,2.8,-0.0,--.--,--.--,--.--,--.--,-13.2,-4.1,81.7,-5.8,9.2,-76.9,0.00,--.--,--.--,0,0,0.0,0.0,0.0,0,0,0,--.--,--.--,--.--
2025-10-02 15:06:15.750,2.2,-16.6,51,22.0,-2.0,14.1,3.5,0.0,0.000,-0.0,70.0,-252.8,-322.8,69.981,0.000,0.000,0.000,546.1,00:02:32,433.9,125.4,9,74,0,86,--.--,0000:16:39,49,0,0,1,1,15.30,-1.00,0,--.--,61,--.--,--:--:--,1,-15.30,15:06:15,13:06:15,02/10/2025,--.--,--.--,--.--,--.--,--.--,--.--,--.--,--.--,--.--,--.--,--.--,--.--,0,--.--,--.--,--.--,--.--,--.--,--.--,--.--,--.--,--.--,--.--,--.--,--.--,--.--,--.--,--.--,--.--,0,2532.000,2670.000,3204.000,3162.000,7.330,7.675,9.010,8.905,15.300,15.300,15.300,15.300,true,true,true,true,true,true,false,false,true,true,false,false,0.11,0.01,0.01,0.05,0.00,0.00,0.08,0.08,9223372036854775808,0,--.--,--.--,--.--,--.--,--.--,0,0,0,0,44.4365907,8.8785316,32TMQ 90333 20373,0.0,0.0,99.8,3,15,--.--,--.--,,--.--,--.--,--.--,0,0,--.--,--.--,0,-31.1,-432.8,-70.0,1.5,3.6,0.0,-30.9,-432.6,-70.0,1.8,3.8,-0.0,--.--,--.--,--.--,--.--,-0.4,-17.3,70.6,17.8,-4.2,48.6,0.00,--.--,--.--,0,0,0.0,0.0,0.0,0,0,0,--.--,--.--,--.--
2025-10-02 15:06:16.750,-0.6,0.6,77,2.6,5.0,8.2,5.2,0.0,0.000,0.0,70.0,-252.8,-322.8,69.956,0.000,0.000,0.000,552.3,00:02:33,429.5,82.6,9,74,0,86,--.--,0000:16:39,47,0,0,1,1,15.30,-1.00,0,--.--,61,--.--,--:--:--,1,-15.30,15:06:16,13:06:16,02/10/2025,--.--,--.--,--.--,--.--,--.--,--.--,--.--,--.--,--.--,--.--,--.--,--.--,0,--.--,--.--,--.--,--.--,--.--,--.--,--.--,--.--,--.--,--.--,--.--,--.--,--.--,--.--,--.--,--.--,0,3654.000,3432.000,2502.000,2424.000,10.135,9.580,7.255,7.060,15.300,15.300,15.300,15.300,true,true,true,true,true,true,false,false,true,true,false,false,0.11,0.01,0.01,0.05,0.00,0.00,0.08,0.08,9223372036854775808,0,--.--,--.--,--.--,--.--,--.--,0,0,0,0,44.4365957,8.8785660,32TMQ 90335 20373,0.0,0.0,67.5,3,15,--.--,--.--,,--.--,--.--,--.--,0,0,--.--,--.--,0,-29.4,-428.5,-70.0,1.9,4.9,-0.0,-29.4,-428.6,-70.0,1.6,4.7,-0.0,--.--,--.--,--.--,--.--,1.1,1.2,71.1,10.9,0.3,-17.7,0.00,--.--,--.--,0,0,0.0,0.0,0.0,0,0,0,--.--,--.--,--.--
2025-10-02 15:06:17.750,0.9,2.4,71,-1.2,0.4,-7.3,5.1,0.0,0.000,0.0,70.0,-252.9,-322.9,70.005,0.000,0.000,0.000,556.4,00:02:34,424.4,84.0,9,74,0,86,--.--,0000:16:39,46,0,0,1,1,15.30,-1.00,0,--.--,60,--.--,--:--:--,1,-15.30,15:06:17,13:06:17,02/10/2025,--.--,--.--,--.--,--.--,--.--,--.--,--.--,--.--,--.--,--.--,--.--,--.--,0,--.--,--.--,--.--,--.--,--.--,--.--,--.--,--.--,--.--,--.--,--.--,--.--,--.--,--.--,--.--,--.--,0,2442.000,2448.000,3210.000,3204.000,7.105,7.120,9.025,9.010,15.300,15.300,15.300,15.300,true,true,true,true,true,true,false,false,true,true,false,false,0.13,0.00,0.00,0.07,0.00,0.00,0.08,0.08,9223372036854775808,0,--.--,--.--,--.--,--.--,--.--,0,0,0,0,44.4366114,8.8786219,32TMQ 90340 20375,0.0,0.0,69.7,3,15,--.--,--.--,,--.--,--.--,--.--,0,0,--.--,--.--,0,-27.6,-423.5,-70.0,1.6,4.7,-0.0,-27.8,-423.8,-70.0,1.4,4.5,0.0,--.--,--.--,--.--,--.--,0.2,2.6,71.6,-4.4,0.9,1.3,0.00,--.--,--.--,0,0,0.0,0.0,0.0,0,0,0,--.--,--.--,--.--
2025-10-02 15:06:18.739,-0.7,10.7,71,1.5,-0.1,3.5,4.3,0.0,0.000,0.0,70.0,-252.8,-322.8,70.038,0.000,0.000,0.000,560.4,00:02:35,419.7,98.7,9,74,0,86,--.--,0000:16:39,46,0,0,1,1,15.30,-1.00,0,--.--,60,--.--,--:--:--,1,-15.30,15:06:18,13:06:18,02/10/2025,--.--,--.--,--.--,--.--,--.--,--.--,--.--,--.--,--.--,--.--,--.--,--.--,0,--.--,--.--,--.--,--.--,--.--,--.--,--.--,--.--,--.--,--.--,--.--,--.--,--.--,--.--,--.--,--.--,0,2922.000,2922.000,2616.000,2622.000,8.305,8.305,7.540,7.555,15.300,15.300,15.300,15.300,true,true,true,true,true,true,false,false,true,true,false,false,0.13,0.00,0.00,0.07,0.00,0.00,0.08,0.08,9223372036854775808,0,--.--,--.--,--.--,--.--,--.--,0,0,0,0,44.4366279,8.8786854,32TMQ 90345 20377,0.0,0.0,70.8,3,15,--.--,--.--,,--.--,--.--,--.--,0,0,--.--,--.--,0,-26.1,-419.0,-70.0,1.3,3.8,0.0,-26.3,-419.3,-70.0,1.2,3.5,0.0,--.--,--.--,--.--,--.--,-0.3,10.7,71.8,2.2,-0.0,1.3,0.00,--.--,--.--,0,0,0.0,0.0,0.0,0,0,0,--.--,--.--,--.--
2025-10-02 15:06:19.749,1.8,5.7,73,4.8,-25.4,1.5,2.6,0.0,0.000,-0.0,70.0,-252.8,-322.8,70.027,0.000,0.000,0.000,564.5,00:02:36,416.6,158.8,9,74,0,87,--.--,0000:16:39,46,0,0,1,1,15.30,-1.00,0,--.--,60,--.--,--:--:--,1,-15.30,15:06:19,13:06:19,02/10/2025,--.--,--.--,--.--,--.--,--.--,--.--,--.--,--.--,--.--,--.--,--.--,--.--,0,--.--,--.--,--.--,--.--,--.--,--.--,--.--,--.--,--.--,--.--,--.--,--.--,--.--,--.--,--.--,--.--,0,2820.000,2760.000,2868.000,2820.000,8.050,7.900,8.170,8.050,15.300,15.300,15.300,15.300,true,true,true,true,true,true,false,false,true,true,false,false,0.05,0.01,0.00,0.06,0.00,0.00,0.08,0.08,9223372036854775808,0,--.--,--.--,--.--,--.--,--.--,0,0,0,0,44.4366417,8.8787427,32TMQ 90349 20378,0.0,0.0,71.0,3,15,--.--,--.--,,--.--,--.--,--.--,0,0,--.--,--.--,0,-25.0,-415.9,-70.0,0.8,2.3,0.0,-25.2,-416.2,-70.0,0.7,2.3,0.0,--.--,--.--,--.--,--.--,1.2,1.1,73.5,-3.9,-28.3,3.0,0.00,--.--,--.--,0,0,0.0,0.0,0.0,0,0,0,--.--,--.--,--.--
2025-10-02 15:06:20.749,-12.7,-0.5,63,-17.4,-3.8,-51.7,2.3,0.0,0.000,-0.0,70.0,-252.8,-322.8,69.997,0.000,0.000,0.000,566.5,00:02:37,414.4,176.6,10,32,0,87,--.--,0000:16:39,47,0,0,1,1,15.30,-1.00,0,--.--,60,--.--,--:--:--,1,-15.30,15:06:20,13:06:20,02/10/2025,--.--,--.--,--.--,--.--,--.--,--.--,--.--,--.--,--.--,--.--,--.--,--.--,0,--.--,--.--,--.--,--.--,--.--,--.--,--.--,--.--,--.--,--.--,--.--,--.--,--.--,--.--,--.--,--.--,0,2922.000,2784.000,2820.000,2730.000,8.305,7.960,8.050,7.825,15.300,15.300,15.300,15.300,true,true,true,true,true,true,false,false,true,true,false,false,0.05,0.01,0.00,0.06,0.00,0.00,0.08,0.08,9223372036854775808,0,--.--,--.--,--.--,--.--,--.--,0,0,0,0,44.4366515,8.8787800,32TMQ 90352 20379,0.0,0.0,68.9,3,15,--.--,--.--,,--.--,--.--,--.--,0,0,--.--,--.--,0,-24.2,-413.8,-70.0,1.2,2.0,0.0,-24.2,-413.7,-70.0,1.4,2.3,-0.0,--.--,--.--,--.--,--.--,-13.2,-6.5,47.8,-10.0,-4.9,-85.9,0.00,--.--,--.--,0,0,0.0,0.0,0.0,0,0,0,--.--,--.--,--.--
2025-10-02 15:06:21.749,2.9,-14.0,8,10.8,-1.3,-4.9,3.2,0.0,0.000,-0.0,70.0,-252.8,-322.8,69.978,0.000,0.000,0.000,568.6,00:02:38,412.8,127.3,10,32,0,87,--.--,0000:16:39,49,0,0,1,1,15.30,-1.00,0,--.--,61,--.--,--:--:--,1,-15.30,15:06:21,13:06:21,02/10/2025,--.--,--.--,--.--,--.--,--.--,--.--,--.--,--.--,--.--,--.--,--.--,--.--,0,--.--,--.--,--.--,--.--,--.--,--.--,--.--,--.--,--.--,--.--,--.--,--.--,--.--,--.--,--.--,--.--,0,2304.000,2328.000,3600.000,3408.000,6.760,6.820,10.000,9.520,15.300,15.300,15.300,15.300,true,true,true,true,true,true,false,false,true,true,false,false,0.13,0.00,0.01,0.07,0.00,0.00,0.08,0.08,9223372036854775808,0,--.--,--.--,--.--,--.--,--.--,0,0,0,0,44.4366582,8.8788058,32TMQ 90354 20380,0.0,0.0,63.7,3,15,--.--,--.--,,--.--,--.--,--.--,0,0,--.--,--.--,0,-22.2,-412.2,-70.0,3.2,1.6,0.0,-22.0,-412.1,-70.0,3.5,1.6,-0.0,--.--,--.--,--.--,--.--,-2.5,-14.1,29.4,-3.6,-0.0,53.0,0.00,--.--,--.--,0,0,0.0,0.0,0.0,0,0,0,--.--,--.--,--.--
2025-10-02 15:06:22.750,-1.1,0.9,34,1.2,11.7,17.8,5.3,0.0,0.000,0.0,70.0,-252.8,-325.8,69.948,0.000,0.000,0.000,574.7,00:02:39,410.5,78.2,10,32,0,87,--.--,0000:16:39,48,0,0,1,1,15.30,-1.00,0,--.--,61,--.--,--:--:--,1,-15.30,15:06:22,13:06:22,02/10/2025,--.--,--.--,--.--,--.--,--.--,--.--,--.--,--.--,--.--,--.--,--.--,--.--,0,--.--,--.--,--.--,--.--,--.--,--.--,--.--,--.--,--.--,--.--,--.--,--.--,--.--,--.--,--.--,--.--,0,3948.000,3900.000,2058.000,2028.000,10.870,10.750,6.145,6.070,15.300,15.300,15.300,15.300,true,true,true,true,true,true,false,false,true,true,false,false,0.13,0.00,0.01,0.07,0.00,0.00,0.08,0.08,9223372036854775808,0,--.--,--.--,--.--,--.--,--.--,0,0,0,0,44.4366759,8.8788257,32TMQ 90356 20382,0.0,0.0,26.0,3,15,--.--,--.--,,--.--,--.--,--.--,0,0,--.--,--.--,0,-18.2,-410.1,-70.0,4.6,2.5,-0.0,-18.2,-410.0,-70.0,4.4,2.5,-0.0,--.--,--.--,--.--,--.--,0.8,1.0,29.9,12.8,0.4,-13.8,0.00,--.--,--.--,0,0,0.0,0.0,0.0,0,0,0,--.--,--.--,--.--
2025-10-02 15:06:23.750,0.6,4.2,31,-0.0,20.1,-10.6,5.1,0.0,0.000,0.1,70.0,-252.9,-325.9,69.996,0.000,0.000,0.000,578.8,00:02:40,407.7,79.6,10,32,0,88,--.--,0000:16:39,46,0,0,1,1,15.30,-1.00,0,--.--,61,--.--,--:--:--,1,-15.30,15:06:23,13:06:23,02/10/2025,--.--,--.--,--.--,--.--,--.--,--.--,--.--,--.--,--.--,--.--,--.--,--.--,0,--.--,--.--,--.--,--.--,--.--,--.--,--.--,--.--,--.--,--.--,--.--,--.--,--.--,--.--,--.--,--.--,0,2376.000,2364.000,3342.000,3324.000,6.940,6.910,9.355,9.310,15.300,15.300,15.300,15.300,true,true,true,true,true,true,false,false,true,true,false,false,0.11,0.01,0.00,0.10,0.00,0.00,0.08,0.08,9223372036854775808,0,--.--,--.--,--.--,--.--,--.--,0,0,0,0,44.4367129,8.8788529,32TMQ 90358 20386,0.0,0.0,29.5,3,15,--.--,--.--,,--.--,--.--,--.--,0,0,--.--,--.--,0,-13.6,-407.5,-70.0,4.4,2.5,-0.1,-13.8,-407.6,-70.0,4.0,2.4,0.0,--.--,--.--,--.--,--.--,0.2,8.2,30.2,-1.9,24.8,-3.0,0.00,--.--,--.--,0,0,0.0,0.0,0.0,0,0,0,--.--,--.--,--.--
2025-10-02 15:06:24.750,-1.0,12.1,28,-0.7,-1.4,3.1,3.7,0.0,0.000,0.0,70.0,-252.8,-325.8,70.040,0.000,0.000,0.000,583.0,00:02:41,405.3,110.6,10,32,0,89,--.--,0000:16:39,47,0,0,1,1,15.30,-1.00,0,--.--,61,--.--,--:--:--,1,-15.30,15:06:24,13:06:24,02/10/2025,--.--,--.--,--.--,--.--,--.--,--.--,--.--,--.--,--.--,--.--,--.--,--.--,0,--.--,--.--,--.--,--.--,--.--,--.--,--.--,--.--,--.--,--.--,--.--,--.--,--.--,--.--,--.--,--.--,0,2928.000,2970.000,2664.000,2670.000,8.320,8.425,7.660,7.675,15.300,15.300,15.300,15.300,true,true,true,true,true,true,false,false,true,true,false,false,0.11,0.01,0.00,0.10,0.00,0.00,0.08,0.08,9223372036854775808,0,--.--,--.--,--.--,--.--,--.--,0,0,0,0,44.4367557,8.8788865,32TMQ 90361 20391,0.0,0.0,29.8,3,15,--.--,--.--,,--.--,--.--,--.--,0,0,--.--,--.--,0,-9.7,-405.2,-70.0,2.9,1.8,0.0,-10.2,-405.5,-70.0,2.5,1.5,0.0,--.--,--.--,--.--,--.--,-0.8,12.1,29.9,0.2,-0.4,2.5,0.00,--.--,--.--,0,0,0.0,0.0,0.0,0,0,0,--.--,--.--,--.--
2025-10-02 15:06:25.749,0.4,7.3,31,3.2,-7.0,0.6,2.0,0.0,0.000,-0.0,70.0,-252.8,-325.8,70.024,0.000,0.000,0.000,587.0,00:02:42,404.0,206.8,10,32,0,89,--.--,0000:16:39,47,0,0,1,1,15.30,-1.00,0,--.--,60,--.--,--:--:--,1,-15.30,15:06:25,13:06:25,02/10/2025,--.--,--.--,--.--,--.--,--.--,--.--,--.--,--.--,--.--,--.--,--.--,--.--,0,--.--,--.--,--.--,--.--,--.--,--.--,--.--,--.--,--.--,--.--,--.--,--.--,--.--,--.--,--.--,--.--,0,2802.000,2826.000,2814.000,2856.000,8.005,8.065,8.035,8.140,15.300,15.300,15.300,15.300,true,true,true,true,true,true,false,false,true,true,false,false,0.05,0.01,0.01,0.07,0.00,0.00,0.08,0.08,9223372036854775808,0,--.--,--.--,--.--,--.--,--.--,0,0,0,0,44.4367900,8.8789147,32TMQ 90363 20395,0.0,0.0,30.4,3,15,--.--,--.--,,--.--,--.--,--.--,0,0,--.--,--.--,0,-7.4,-403.9,-70.0,1.6,0.8,0.0,-7.8,-404.1,-70.0,1.5,0.9,0.0,--.--,--.--,--.--,--.--,0.6,6.5,30.7,1.4,-5.7,1.0,0.00,--.--,--.--,0,0,0.0,0.0,0.0,0,0,0,--.--,--.--,--.--
2025-10-02 15:06:26.749,0.6,2.0,33,-1.2,-2.5,4.2,1.1,0.0,0.000,-0.0,70.0,-252.8,-327.8,69.990,0.000,0.000,0.000,587.0,00:02:43,403.4,378.2,10,32,0,89,--.--,0000:16:39,47,0,0,1,1,15.30,-1.00,0,--.--,60,--.--,--:--:--,1,-15.30,15:06:26,13:06:26,02/10/2025,--.--,--.--,--.--,--.--,--.--,--.--,--.--,--.--,--.--,--.--,--.--,--.--,0,--.--,--.--,--.--,--.--,--.--,--.--,--.--,--.--,--.--,--.--,--.--,--.--,--.--,--.--,--.--,--.--,0,2826.000,2892.000,2796.000,2808.000,8.065,8.230,7.990,8.020,15.300,15.300,15.300,15.300,true,true,true,true,true,true,false,false,true,true,false,false,0.05,0.01,0.01,0.07,0.00,0.00,0.08,0.08,9223372036854775808,0,--.--,--.--,--.--,--.--,--.--,0,0,0,0,44.4368098,8.8789296,32TMQ 90364 20397,0.0,0.0,24.8,3,15,--.--,--.--,,--.--,--.--,--.--,0,0,--.--,--.--,0,-6.3,-403.4,-70.0,0.8,0.5,-0.0,-6.3,-403.2,-70.0,1.1,0.8,-0.0,--.--,--.--,--.--,--.--,0.4,1.6,33.9,-1.3,-3.4,3.0,0.00,--.--,--.--,0,0,0.0,0.0,0.0,0,0,0,--.--,--.--,--.--
2025-10-02 15:06:27.750,6.5,-5.6,65,-13.0,-26.9,68.6,1.0,0.0,0.000,-0.0,70.0,-252.8,-327.8,69.980,0.000,0.000,0.000,589.0,00:02:44,402.8,387.6,11,--.--,0,89,--.--,0000:16:39,47,0,0,1,1,15.30,-1.00,0,--.--,60,--.--,--:--:--,1,-15.30,15:06:27,13:06:27,02/10/2025,--.--,--.--,--.--,--.--,--.--,--.--,--.--,--.--,--.--,--.--,--.--,--.--,0,--.--,--.--,--.--,--.--,--.--,--.--,--.--,--.--,--.--,--.--,--.--,--.--,--.--,--.--,--.--,--.--,0,2784.000,2772.000,2844.000,2856.000,7.960,7.930,8.110,8.140,15.300,15.300,15.300,15.300,true,true,true,true,true,true,false,false,true,true,false,false,0.07,0.01,0.00,0.06,0.00,0.00,0.08,0.08,9223372036854775808,0,--.--,--.--,--.--,--.--,--.--,0,0,0,0,44.4368188,8.8789357,32TMQ 90365 20398,0.0,0.0,30.3,3,15,--.--,--.--,,--.--,--.--,--.--,0,0,--.--,--.--,0,-5.9,-402.8,-70.0,-0.2,1.2,-0.0,-5.8,-402.6,-70.0,0.1,1.4,-0.0,--.--,--.--,--.--,--.--,3.3,-10.7,73.8,-8.1,-27.7,69.7,0.00,--.--,--.--,0,0,0.0,0.0,0.0,0,0,0,--.--,--.--,--.--
2025-10-02 15:06:28.737,-8.4,-14.4,109,9.7,2.4,-16.5,3.3,0.0,0.000,-0.1,70.0,-252.8,-327.8,69.963,0.000,0.000,0.000,591.1,00:02:45,400.7,121.5,11,--.--,0,89,--.--,0000:16:39,50,0,0,1,1,15.30,-1.00,0,--.--,60,--.--,--:--:--,1,-15.30,15:06:28,13:06:28,02/10/2025,--.--,--.--,--.--,--.--,--.--,--.--,--.--,--.--,--.--,--.--,--.--,--.--,0,--.--,--.--,--.--,--.--,--.--,--.--,--.--,--.--,--.--,--.--,--.--,--.--,--.--,--.--,--.--,--.--,0,2994.000,2892.000,2886.000,2856.000,8.485,8.230,8.215,8.140,15.300,15.300,15.300,15.300,true,true,true,true,true,true,false,false,true,true,false,false,0.07,0.01,0.00,0.06,0.00,0.00,0.08,0.08,9223372036854775808,0,--.--,--.--,--.--,--.--,--.--,0,0,0,0,44.4368226,8.8789431,32TMQ 90365 20398,0.0,0.0,100.2,3,15,--.--,--.--,,--.--,--.--,--.--,0,0,--.--,--.--,0,-6.1,-400.7,-70.0,0.1,3.6,0.1,-5.9,-400.6,-70.0,0.2,3.7,-0.0,--.--,--.--,--.--,--.--,-1.2,-15.5,89.1,13.7,-1.1,-53.0,0.00,--.--,--.--,0,0,0.0,0.0,0.0,0,0,0,--.--,--.--,--.--
2025-10-02 15:06:29.750,-0.2,2.0,81,-1.3,16.5,-7.4,5.2,0.0,0.000,0.1,69.9,-252.9,-327.9,69.906,0.000,0.000,0.000,595.2,00:02:46,395.9,76.0,11,--.--,0,89,--.--,0000:16:39,48,0,0,1,1,15.30,-1.00,0,--.--,61,--.--,--:--:--,1,-15.30,15:06:29,13:06:29,02/10/2025,--.--,--.--,--.--,--.--,--.--,--.--,--.--,--.--,--.--,--.--,--.--,--.--,0,--.--,--.--,--.--,--.--,--.--,--.--,--.--,--.--,--.--,--.--,--.--,--.--,--.--,--.--,--.--,--.--,0,2550.000,2466.000,3666.000,3576.000,7.375,7.165,10.165,9.940,15.300,15.300,15.300,15.300,true,true,true,true,true,true,false,false,true,true,false,false,0.02,0.02,0.00,0.01,0.00,0.00,0.08,0.08,9223372036854775808,0,--.--,--.--,--.--,--.--,--.--,0,0,0,0,44.4368206,8.8789709,32TMQ 90368 20398,0.0,0.0,89.0,3,15,--.--,--.--,,--.--,--.--,--.--,0,0,--.--,--.--,0,-6.0,-396.0,-69.9,0.1,5.2,-0.1,-5.8,-396.1,-70.0,0.2,4.9,-0.1,--.--,--.--,--.--,--.--,-1.0,3.8,89.1,-8.4,11.7,19.9,0.00,--.--,--.--,0,0,0.0,0.0,0.0,0,0,0,--.--,--.--,--.--
2025-10-02 15:06:30.750,0.9,4.9,89,2.9,-1.7,7.7,4.9,0.0,0.000,0.1,69.9,-252.9,-327.9,69.949,0.000,0.000,0.000,601.3,00:02:47,390.5,79.3,11,--.--,0,89,--.--,0000:16:39,46,0,0,1,1,15.30,-1.00,0,--.--,61,--.--,--:--:--,1,-15.30,15:06:30,13:06:30,02/10/2025,--.--,--.--,--.--,--.--,--.--,--.--,--.--,--.--,--.--,--.--,--.--,--.--,0,--.--,--.--,--.--,--.--,--.--,--.--,--.--,--.--,--.--,--.--,--.--,--.--,--.--,--.--,--.--,--.--,0,3288.000,3282.000,2478.000,2472.000,9.220,9.205,7.195,7.180,15.300,15.300,15.300,15.300,true,true,true,true,true,true,false,false,true,true,false,false,0.02,0.02,0.00,0.01,0.00,0.00,0.08,0.08,9223372036854775808,0,--.--,--.--,--.--,--.--,--.--,0,0,0,0,44.4368227,8.8790328,32TMQ 90373 20398,0.0,0.0,87.1,3,15,--.--,--.--,,--.--,--.--,--.--,0,0,--.--,--.--,0,-5.7,-390.5,-70.0,0.2,4.9,-0.1,-5.8,-391.1,-70.0,-0.0,4.4,-0.0,--.--,--.--,--.--,--.--,1.8,4.9,89.1,6.4,-0.3,-1.4,0.00,--.--,--.--,0,0,0.0,0.0,0.0,0,0,0,--.--,--.--,--.--
2025-10-02 15:06:31.738,2.5,0.5,89,-0.3,-5.8,-4.1,4.5,0.0,0.000,0.0,70.0,-252.8,-327.8,70.028,0.000,0.000,0.000,605.4,00:02:48,385.7,85.7,11,--.--,0,89,--.--,0000:16:39,45,0,0,1,1,15.30,-1.00,0,--.--,60,--.--,--:--:--,1,-15.30,15:06:31,13:06:31,02/10/2025,--.--,--.--,--.--,--.--,--.--,--.--,--.--,--.--,--.--,--.--,--.--,--.--,0,--.--,--.--,--.--,--.--,--.--,--.--,--.--,--.--,--.--,--.--,--.--,--.--,--.--,--.--,--.--,--.--,0,2622.000,2592.000,2964.000,2934.000,7.555,7.480,8.410,8.335,15.300,15.300,15.300,15.300,true,true,true,true,true,true,false,false,true,true,false,false,0.09,0.01,0.01,0.04,0.00,0.00,0.08,0.08,9223372036854775808,0,--.--,--.--,--.--,--.--,--.--,0,0,0,0,44.4368257,8.8791019,32TMQ 90378 20399,0.0,0.0,86.0,3,15,--.--,--.--,,--.--,--.--,--.--,0,0,--.--,--.--,0,-5.4,-385.7,-70.0,-0.0,4.5,-0.0,-5.7,-386.1,-70.0,-0.2,4.7,0.0,--.--,--.--,--.--,--.--,2.3,-0.1,89.1,-1.5,-4.3,-1.3,0.00,--.--,--.--,0,0,0.0,0.0,0.0,0,0,0,--.--,--.--,--.--
2025-10-02 15:06:32.737,0.6,-3.2,88,-2.2,0.7,1.2,4.7,0.0,0.000,-0.0,70.0,-252.8,-327.8,70.045,0.000,0.000,0.000,609.5,00:02:49,381.3,82.0,11,--.--,0,89,--.--,0000:16:39,46,0,0,1,1,15.30,-1.00,0,--.--,60,--.--,--:--:--,1,-15.30,15:06:32,13:06:32,02/10/2025,--.--,--.--,--.--,--.--,--.--,--.--,--.--,--.--,--.--,--.--,--.--,--.--,0,--.--,--.--,--.--,--.--,--.--,--.--,--.--,--.--,--.--,--.--,--.--,--.--,--.--,--.--,--.--,--.--,0,2820.000,2784.000,2730.000,2700.000,8.050,7.960,7.825,7.750,15.300,15.300,15.300,15.300,true,true,true,true,true,true,false,false,true,true,false,false,0.09,0.01,0.01,0.04,0.00,0.00,0.08,0.08,9223372036854775808,0,--.--,--.--,--.--,--.--,--.--,0,0,0,0,44.4368281,8.8791610,32TMQ 90383 20399,0.0,0.0,88.4,3,15,--.--,--.--,,--.--,--.--,--.--,0,0,--.--,--.--,0,-5.4,-381.2,-70.0,-0.2,4.7,0.0,-5.6,-381.1,-70.0,-0.2,5.1,0.0,--.--,--.--,--.--,--.--,0.3,-2.7,89.1,-2.0,3.0,2.0,0.00,--.--,--.--,0,0,0.0,0.0,0.0,0,0,0,--.--,--.--,--.--
2025-10-02 15:06:33.737,-1.0,-1.5,89,-0.7,0.4,0.0,4.9,0.0,0.000,-0.0,70.0,-252.8,-327.8,70.025,0.000,0.000,0.000,615.6,00:02:50,376.5,76.6,11,--.--,0,89,--.--,0000:16:39,46,0,0,1,1,15.30,-1.00,0,--.--,60,--.--,--:--:--,1,-15.30,15:06:33,13:06:33,02/10/2025,--.--,--.--,--.--,--.--,--.--,--.--,--.--,--.--,--.--,--.--,--.--,--.--,0,--.--,--.--,--.--,--.--,--.--,--.--,--.--,--.--,--.--,--.--,--.--,--.--,--.--,--.--,--.--,--.--,0,2766.000,2832.000,2760.000,2820.000,7.915,8.080,7.900,8.050,15.300,15.300,15.300,15.300,true,true,true,true,true,true,false,false,true,true,false,false,0.06,0.01,0.00,0.05,0.00,0.00,0.08,0.08,9223372036854775808,0,--.--,--.--,--.--,--.--,--.--,0,0,0,0,44.4368277,8.8792159,32TMQ 90387 20399,0.0,0.0,92.1,3,15,--.--,--.--,,--.--,--.--,--.--,0,0,--.--,--.--,0,-5.5,-376.5,-70.0,-0.1,4.9,0.0,-5.5,-376.5,-70.0,0.0,5.0,0.0,--.--,--.--,--.--,--.--,-1.0,-1.2,89.1,-0.5,1.9,-0.5,0.00,--.--,--.--,0,0,0.0,0.0,0.0,0,0,0,--.--,--.--,--.--
2025-10-02 15:06:34.750,-0.9,-0.4,88,0.7,0.4,-0.1,5.0,0.0,0.000,-0.0,70.0,-252.8,-328.8,70.008,0.000,0.000,0.000,619.7,00:02:51,371.5,73.9,11,--.--,0,89,--.--,0000:16:39,46,0,0,1,1,15.30,-1.00,0,--.--,60,--.--,--:--:--,1,-15.30,15:06:34,13:06:34,02/10/2025,--.--,--.--,--.--,--.--,--.--,--.--,--.--,--.--,--.--,--.--,--.--,--.--,0,--.--,--.--,--.--,--.--,--.--,--.--,--.--,--.--,--.--,--.--,--.--,--.--,--.--,--.--,--.--,--.--,0,2778.000,2814.000,2796.000,2838.000,7.945,8.035,7.990,8.095,15.300,15.300,15.300,15.300,true,true,true,true,true,true,false,false,true,true,false,false,0.06,0.01,0.00,0.05,0.00,0.00,0.08,0.08,9223372036854775808,0,--.--,--.--,--.--,--.--,--.--,0,0,0,0,44.4368262,8.8792765,32TMQ 90392 20399,0.0,0.0,91.5,3,15,--.--,--.--,,--.--,--.--,--.--,0,0,--.--,--.--,0,-5.5,-371.5,-70.0,0.1,5.0,0.0,-5.5,-371.5,-70.0,0.1,5.0,0.0,--.--,--.--,--.--,--.--,-0.8,-0.1,89.1,0.6,1.5,0.4,0.00,--.--,--.--,0,0,0.0,0.0,0.0,0,0,0,--.--,--.--,--.--
2025-10-02 15:06:35.749,0.0,0.0,89,0.9,0.3,0.1,5.0,0.0,0.000,-0.0,70.0,-252.8,-328.8,70.004,0.000,0.000,0.000,623.8,00:02:52,366.6,72.9,11,--.--,0,89,--.--,0000:16:39,46,0,0,1,1,15.30,-1.00,0,--.--,60,--.--,--:--:--,1,-15.30,15:06:35,13:06:35,02/10/2025,--.--,--.--,--.--,--.--,--.--,--.--,--.--,--.--,--.--,--.--,--.--,--.--,0,--.--,--.--,--.--,--.--,--.--,--.--,--.--,--.--,--.--,--.--,--.--,--.--,--.--,--.--,--.--,--.--,0,2802.000,2808.000,2796.000,2790.000,8.005,8.020,7.990,7.975,15.300,15.300,15.300,15.300,true,true,true,true,true,true,false,false,true,true,false,false,0.01,0.00,0.01,0.00,0.00,0.00,0.08,0.08,9223372036854775808,0,--.--,--.--,--.--,--.--,--.--,0,0,0,0,44.4368259,8.8793387,32TMQ 90397 20399,0.0,0.0,89.2,3,15,--.--,--.--,,--.--,--.--,--.--,0,0,--.--,--.--,0,-5.4,-366.5,-70.0,0.1,5.0,0.0,-5.4,-366.5,-70.0,0.1,5.0,0.0,--.--,--.--,--.--,--.--,0.2,0.2,89.1,0.9,-1.7,0.1,0.00,--.--,--.--,0,0,0.0,0.0,0.0,0,0,0,--.--,--.--,--.--
2025-10-02 15:06:36.740,0.5,-0.2,89,0.1,-0.0,-0.0,5.0,0.0,0.000,-0.0,70.0,-252.8,-328.8,70.001,0.000,0.000,0.000,629.9,00:02:53,361.6,72.5,11,--.--,0,89,--.--,0000:16:39,46,0,0,1,1,15.30,-1.00,0,--.--,60,--.--,--:--:--,1,-15.30,15:06:36,13:06:36,02/10/2025,--.--,--.--,--.--,--.--,--.--,--.--,--.--,--.--,--.--,--.--,--.--,--.--,0,--.--,--.--,--.--,--.--,--.--,--.--,--.--,--.--,--.--,--.--,--.--,--.--,--.--,--.--,--.--,--.--,0,2790.000,2790.000,2796.000,2796.000,7.975,7.975,7.990,7.990,15.300,15.300,15.300,15.300,true,true,true,true,true,true,false,false,true,true,false,false,0.01,0.00,0.01,0.00,0.00,0.00,0.08,0.08,9223372036854775808,0,--.--,--.--,--.--,--.--,--.--,0,0,0,0,44.4368271,8.8794028,32TMQ 90402 20399,0.0,0.0,88.1,3,15,--.--,--.--,,--.--,--.--,--.--,0,0,--.--,--.--,0,-5.3,-361.5,-70.0,0.1,5.0,0.0,-5.3,-361.5,-70.0,0.0,5.0,0.0,--.--,--.--,--.--,--.--,0.5,-0.1,89.1,0.1,-2.2,-0.0,0.00,--.--,--.--,0,0,0.0,0.0,0.0,0,0,0,--.--,--.--,--.--
2025-10-02 15:06:37.739,0.2,-0.4,89,-0.5,0.3,0.0,5.0,0.0,0.000,0.0,70.0,-252.8,-328.8,70.000,0.000,0.000,0.000,633.9,00:02:54,356.5,71.6,11,--.--,0,89,--.--,0000:16:39,46,0,0,1,1,15.30,-1.00,0,--.--,60,--.--,--:--:--,1,-15.30,15:06:37,13:06:37,02/10/2025,--.--,--.--,--.--,--.--,--.--,--.--,--.--,--.--,--.--,--.--,--.--,--.--,0,--.--,--.--,--.--,--.--,--.--,--.--,--.--,--.--,--.--,--.--,--.--,--.--,--.--,--.--,--.--,--.--,0,2814.000,2772.000,2814.000,2772.000,8.035,7.930,8.035,7.930,15.300,15.300,15.300,15.300,true,true,true,true,true,true,false,false,true,true,false,false,0.01,0.01,0.01,0.02,0.00,0.00,0.08,0.08,9223372036854775808,0,--.--,--.--,--.--,--.--,--.--,0,0,0,0,44.4368285,8.8794663,32TMQ 90407 20399,0.0,0.0,88.6,3,15,--.--,--.--,,--.--,--.--,--.--,0,0,--.--,--.--,0,-5.2,-356.5,-70.0,0.0,5.0,-0.0,-5.2,-356.5,-70.0,0.0,5.0,0.0,--.--,--.--,--.--,--.--,0.1,-0.3,89.1,-0.5,-2.1,0.1,0.00,--.--,--.--,0,0,0.0,0.0,0.0,0,0,0,--.--,--.--,--.--
2025-10-02 15:06:38.749,-0.3,-0.4,89,-0.2,0.7,0.0,5.0,0.0,0.000,0.0,70.0,-252.8,-328.8,70.000,0.000,0.000,0.000,640.1,00:02:55,351.6,70.3,11,--.--,0,89,--.--,0000:16:39,46,0,0,1,1,15.30,-1.00,0,--.--,60,--.--,--:--:--,1,-15.30,15:06:38,13:06:38,02/10/2025,--.--,--.--,--.--,--.--,--.--,--.--,--.--,--.--,--.--,--.--,--.--,--.--,0,--.--,--.--,--.--,--.--,--.--,--.--,--.--,--.--,--.--,--.--,--.--,--.--,--.--,--.--,--.--,--.--,0,2814.000,2778.000,2814.000,2772.000,8.035,7.945,8.035,7.930,15.300,15.300,15.300,15.300,true,true,true,true,true,true,false,false,true,true,false,false,0.01,0.01,0.01,0.02,0.00,0.00,0.08,0.08,9223372036854775808,0,--.--,--.--,--.--,--.--,--.--,0,0,0,0,44.4368291,8.8795281,32TMQ 90412 20399,0.0,0.0,89.6,3,15,--.--,--.--,,--.--,--.--,--.--,0,0,--.--,--.--,0,-5.2,-351.5,-70.0,0.0,5.0,-0.0,-5.2,-351.5,-70.0,0.1,5.0,0.0,--.--,--.--,--.--,--.--,-0.3,-0.2,89.1,-0.2,1.2,0.1,0.00,--.--,--.--,0,0,0.0,0.0,0.0,0,0,0,--.--,--.--,--.--
2025-10-02 15:06:39.738,-0.3,-0.2,89,0.3,-0.0,0.0,5.0,0.0,0.000,-0.0,70.0,-252.8,-328.8,70.001,0.000,0.000,0.000,644.2,00:02:56,346.6,69.2,11,--.--,0,89,--.--,0000:16:39,46,0,0,1,1,15.30,-1.00,0,--.--,60,--.--,--:--:--,1,-15.30,15:06:39,13:06:39,02/10/2025,--.--,--.--,--.--,--.--,--.--,--.--,--.--,--.--,--.--,--.--,--.--,--.--,0,--.--,--.--,--.--,--.--,--.--,--.--,--.--,--.--,--.--,--.--,--.--,--.--,--.--,--.--,--.--,--.--,0,2808.000,2778.000,2808.000,2778.000,8.020,7.945,8.020,7.945,15.300,15.300,15.300,15.300,true,true,true,true,true,true,false,false,true,true,false,false,0.01,0.01,0.00,0.01,0.00,0.00,0.08,0.08,9223372036854775808,0,--.--,--.--,--.--,--.--,--.--,0,0,0,0,44.4368294,8.8795916,32TMQ 90417 20399,0.0,0.0,89.7,3,15,--.--,--.--,,--.--,--.--,--.--,0,0,--.--,--.--,0,-5.1,-346.5,-70.0,0.1,5.0,0.0,-5.1,-346.5,-70.0,0.1,5.0,0.0,--.--,--.--,--.--,--.--,-0.2,-0.0,89.1,0.3,1.2,0.0,0.00,--.--,--.--,0,0,0.0,0.0,0.0,0,0,0,--.--,--.--,--.--
2025-10-02 15:06:40.737,0.0,-0.1,89,0.3,-0.3,-0.0,5.0,0.0,0.000,-0.0,70.0,-252.8,-329.8,70.002,0.000,0.000,0.000,650.4,00:02:57,341.5,68.4,11,--.--,0,89,--.--,0000:16:39,46,0,0,1,1,15.30,-1.00,0,--.--,60,--.--,--:--:--,1,-15.30,15:06:40,13:06:40,02/10/2025,--.--,--.--,--.--,--.--,--.--,--.--,--.--,--.--,--.--,--.--,--.--,--.--,0,--.--,--.--,--.--,--.--,--.--,--.--,--.--,--.--,--.--,--.--,--.--,--.--,--.--,--.--,--.--,--.--,0,2808.000,2772.000,2814.000,2778.000,8.020,7.930,8.035,7.945,15.300,15.300,15.300,15.300,true,true,true,true,true,true,false,false,true,true,false,false,0.01,0.01,0.00,0.01,0.00,0.00,0.08,0.08,9223372036854775808,0,--.--,--.--,--.--,--.--,--.--,0,0,0,0,44.4368298,8.8796540,32TMQ 90422 20399,0.0,0.0,89.1,3,15,--.--,--.--,,--.--,--.--,--.--,0,0,--.--,--.--,0,-5.0,-341.5,-70.0,0.1,5.0,0.0,-5.0,-341.4,-70.0,0.1,5.0,0.0,--.--,--.--,--.--,--.--,0.1,0.0,89.1,0.3,1.0,-0.0,0.00,--.--,--.--,0,0,0.0,0.0,0.0,0,0,0,--.--,--.--,--.--
2025-10-02 15:06:41.737,0.1,-0.2,89,-0.1,-0.3,0.0,5.0,0.0,0.000,-0.0,70.0,-252.8,-329.8,70.004,0.000,0.000,0.000,654.6,00:02:58,336.5,67.5,11,--.--,0,89,--.--,0000:16:39,46,0,0,1,1,15.30,-1.00,0,--.--,60,--.--,--:--:--,1,-15.30,15:06:41,13:06:41,02/10/2025,--.--,--.--,--.--,--.--,--.--,--.--,--.--,--.--,--.--,--.--,--.--,--.--,0,--.--,--.--,--.--,--.--,--.--,--.--,--.--,--.--,--.--,--.--,--.--,--.--,--.--,--.--,--.--,--.--,0,2802.000,2784.000,2802.000,2778.000,8.005,7.960,8.005,7.945,15.300,15.300,15.300,15.300,true,true,true,true,true,true,false,false,true,true,false,false,0.01,0.01,0.00,0.02,0.00,0.00,0.08,0.08,9223372036854775808,0,--.--,--.--,--.--,--.--,--.--,0,0,0,0,44.4368307,8.8797177,32TMQ 90427 20399,0.0,0.0,88.8,3,15,--.--,--.--,,--.--,--.--,--.--,0,0,--.--,--.--,0,-4.9,-336.5,-70.0,0.1,5.0,0.0,-5.0,-336.4,-70.0,0.1,5.0,0.0,--.--,--.--,--.--,--.--,0.1,-0.1,89.1,-0.1,0.9,0.0,0.00,--.--,--.--,0,0,0.0,0.0,0.0,0,0,0,--.--,--.--,--.--
2025-10-02 15:06:42.740,-0.1,-0.3,89,-0.2,-0.3,0.0,5.0,0.0,0.000,-0.0,70.0,-252.8,-329.8,70.003,0.000,0.000,0.000,660.7,00:02:59,331.6,66.5,11,--.--,0,89,--.--,0000:16:39,46,0,0,1,1,15.30,-1.00,0,--.--,60,--.--,--:--:--,1,-15.30,15:06:42,13:06:42,02/10/2025,--.--,--.--,--.--,--.--,--.--,--.--,--.--,--.--,--.--,--.--,--.--,--.--,0,--.--,--.--,--.--,--.--,--.--,--.--,--.--,--.--,--.--,--.--,--.--,--.--,--.--,--.--,--.--,--.--,0,2808.000,2784.000,2802.000,2784.000,8.020,7.960,8.005,7.960,15.300,15.300,15.300,15.300,true,true,true,true,true,true,false,false,true,true,false,false,0.01,0.01,0.00,0.02,0.00,0.00,0.08,0.08,9223372036854775808,0,--.--,--.--,--.--,--.--,--.--,0,0,0,0,44.4368315,8.8797811,32TMQ 90432 20399,0.0,0.0,89.1,3,15,--.--,--.--,,--.--,--.--,--.--,0,0,--.--,--.--,0,-4.9,-331.5,-70.0,0.1,5.0,0.0,-4.9,-331.4,-70.0,0.1,5.0,0.0,--.--,--.--,--.--,--.--,-0.1,-0.1,89.1,-0.2,1.1,0.0,0.00,--.--,--.--,0,0,0.0,0.0,0.0,0,0,0,--.--,--.--,--.--
2025-10-02 15:06:43.749,-0.2,-0.2,89,0.1,-0.2,0.0,5.0,0.0,0.000,-0.0,70.0,-252.8,-329.8,70.003,0.000,0.000,0.000,664.8,00:03:00,326.6,65.5,11,--.--,0,89,--.--,0000:16:39,46,0,0,1,1,15.30,-1.00,0,--.--,60,--.--,--:--:--,1,-15.30,15:06:43,13:06:43,02/10/2025,--.--,--.--,--.--,--.--,--.--,--.--,--.--,--.--,--.--,--.--,--.--,--.--,0,--.--,--.--,--.--,--.--,--.--,--.--,--.--,--.--,--.--,--.--,--.--,--.--,--.--,--.--,--.--,--.--,0,2772.000,2814.000,2766.000,2814.000,7.930,8.035,7.915,8.035,15.300,15.300,15.300,15.300,true,true,true,true,true,true,false,false,true,true,false,false,0.01,0.00,0.00,0.03,0.00,0.00,0.08,0.08,9223372036854775808,0,--.--,--.--,--.--,--.--,--.--,0,0,0,0,44.4368321,8.8798432,32TMQ 90437 20399,0.0,0.0,89.3,3,15,--.--,--.--,,--.--,--.--,--.--,0,0,--.--,--.--,0,-4.8,-326.5,-70.0,0.1,5.0,0.0,-4.8,-326.5,-70.0,0.1,4.9,0.0,--.--,--.--,--.--,--.--,-0.2,-0.1,89.1,0.1,1.1,0.0,0.00,--.--,--.--,0,0,0.0,0.0,0.0,0,0,0,--.--,--.--,--.--
2025-10-02 15:06:44.739,-0.0,-0.2,89,0.1,-0.1,-0.0,5.0,0.0,0.000,-0.0,70.0,-252.8,-329.8,70.000,0.000,0.000,0.000,669.0,00:03:01,321.6,64.4,11,--.--,0,89,--.--,0000:16:39,46,0,0,1,1,15.30,-1.00,0,--.--,60,--.--,--:--:--,1,-15.30,15:06:44,13:06:44,02/10/2025,--.--,--.--,--.--,--.--,--.--,--.--,--.--,--.--,--.--,--.--,--.--,--.--,0,--.--,--.--,--.--,--.--,--.--,--.--,--.--,--.--,--.--,--.--,--.--,--.--,--.--,--.--,--.--,--.--,0,2802.000,2784.000,2802.000,2784.000,8.005,7.960,8.005,7.960,15.300,15.300,15.300,15.300,true,true,true,true,true,true,false,false,true,true,false,false,0.01,0.00,0.00,0.03,0.00,0.00,0.08,0.08,9223372036854775808,0,--.--,--.--,--.--,--.--,--.--,0,0,0,0,44.4368327,8.8799067,32TMQ 90442 20399,0.0,0.0,89.2,3,15,--.--,--.--,,--.--,--.--,--.--,0,0,--.--,--.--,0,-4.7,-321.5,-70.0,0.1,5.0,0.0,-4.7,-321.5,-70.0,0.1,4.9,0.0,--.--,--.--,--.--,--.--,-0.0,0.5,89.1,0.2,1.1,0.0,0.00,--.--,--.--,0,0,0.0,0.0,0.0,0,0,0,--.--,--.--,--.--
2025-10-02 15:06:45.738,0.0,-0.2,89,0.0,-0.4,0.0,5.0,0.0,0.000,0.0,70.0,-252.8,-329.8,69.996,0.000,0.000,0.000,675.1,00:03:02,316.6,63.5,11,--.--,0,89,--.--,0000:16:39,46,0,0,1,1,15.30,-1.00,0,--.--,60,--.--,--:--:--,1,-15.30,15:06:45,13:06:45,02/10/2025,--.--,--.--,--.--,--.--,--.--,--.--,--.--,--.--,--.--,--.--,--.--,--.--,0,--.--,--.--,--.--,--.--,--.--,--.--,--.--,--.--,--.--,--.--,--.--,--.--,--.--,--.--,--.--,--.--,0,2796.000,2796.000,2796.000,2796.000,7.990,7.990,7.990,7.990,15.300,15.300,15.300,15.300,true,true,true,true,true,true,false,false,true,true,false,false,0.01,0.01,0.00,0.01,0.00,0.00,0.08,0.08,9223372036854775808,0,--.--,--.--,--.--,--.--,--.--,0,0,0,0,44.4368334,8.8799702,32TMQ 90447 20399,0.0,0.0,89.0,3,15,--.--,--.--,,--.--,--.--,--.--,0,0,--.--,--.--,0,-4.6,-316.5,-70.0,0.1,5.0,-0.0,-4.7,-316.5,-70.0,0.1,5.0,-0.0,--.--,--.--,--.--,--.--,-0.0,-0.0,89.1,-0.1,-1.8,0.0,0.00,--.--,--.--,0,0,0.0,0.0,0.0,0,0,0,--.--,--.--,--.--
2025-10-02 15:06:46.750,-0.1,-0.3,89,-0.1,-0.3,0.0,5.0,0.0,0.000,0.0,70.0,-252.8,-329.8,69.992,0.000,0.000,0.000,679.2,00:03:03,311.6,62.6,11,--.--,0,89,--.--,0000:16:39,46,0,0,1,1,15.30,-1.00,0,--.--,60,--.--,--:--:--,1,-15.30,15:06:46,13:06:46,02/10/2025,--.--,--.--,--.--,--.--,--.--,--.--,--.--,--.--,--.--,--.--,--.--,--.--,0,--.--,--.--,--.--,--.--,--.--,--.--,--.--,--.--,--.--,--.--,--.--,--.--,--.--,--.--,--.--,--.--,0,2796.000,2796.000,2796.000,2796.000,7.990,7.990,7.990,7.990,15.300,15.300,15.300,15.300,true,true,true,true,true,true,false,false,true,true,false,false,0.01,0.01,0.00,0.01,0.00,0.00,0.08,0.08,9223372036854775808,0,--.--,--.--,--.--,--.--,--.--,0,0,0,0,44.4368341,8.8800324,32TMQ 90452 20399,0.0,0.0,89.1,3,15,--.--,--.--,,--.--,--.--,--.--,0,0,--.--,--.--,0,-4.6,-311.5,-70.0,0.1,5.0,-0.0,-4.6,-311.5,-70.0,0.1,5.0,-0.0,--.--,--.--,--.--,--.--,-0.1,-0.1,89.1,-0.1,-1.9,0.0,0.00,--.--,--.--,0,0,0.0,0.0,0.0,0,0,0,--.--,--.--,--.--
2025-10-02 15:06:47.749,-0.1,-0.3,89,-0.1,0.6,0.0,5.0,0.0,0.000,0.0,70.0,-252.8,-329.8,69.990,0.000,0.000,0.000,685.4,00:03:04,306.6,61.5,11,--.--,0,89,--.--,0000:16:39,46,0,0,1,1,15.30,-1.00,0,--.--,60,--.--,--:--:--,1,-15.30,15:06:47,13:06:47,02/10/2025,--.--,--.--,--.--,--.--,--.--,--.--,--.--,--.--,--.--,--.--,--.--,--.--,0,--.--,--.--,--.--,--.--,--.--,--.--,--.--,--.--,--.--,--.--,--.--,--.--,--.--,--.--,--.--,--.--,0,2820.000,2778.000,2820.000,2778.000,8.050,7.945,8.050,7.945,15.300,15.300,15.300,15.300,true,true,true,true,true,true,false,false,true,true,false,false,0.01,0.00,0.01,0.03,0.00,0.00,0.08,0.08,9223372036854775808,0,--.--,--.--,--.--,--.--,--.--,0,0,0,0,44.4368347,8.8800958,32TMQ 90457 20399,0.0,0.0,89.3,3,15,--.--,--.--,,--.--,--.--,--.--,0,0,--.--,--.--,0,-4.5,-306.5,-70.0,0.1,5.0,-0.0,-4.5,-306.5,-70.0,0.1,5.0,-0.0,--.--,--.--,--.--,--.--,-0.1,-0.1,89.1,-0.0,1.2,0.0,0.00,--.--,--.--,0,0,0.0,0.0,0.0,0,0,0,--.--,--.--,--.--
2025-10-02 15:06:48.737,-0.1,-0.3,89,0.2,0.5,0.0,5.0,0.0,0.000,0.0,70.0,-252.8,-329.8,69.995,0.000,0.000,0.000,689.5,00:03:05,301.6,60.4,11,--.--,0,89,--.--,0000:16:39,46,0,0,1,1,15.30,-1.00,0,--.--,60,--.--,--:--:--,1,-15.30,15:06:48,13:06:48,02/10/2025,--.--,--.--,--.--,--.--,--.--,--.--,--.--,--.--,--.--,--.--,--.--,--.--,0,--.--,--.--,--.--,--.--,--.--,--.--,--.--,--.--,--.--,--.--,--.--,--.--,--.--,--.--,--.--,--.--,0,2820.000,2778.000,2820.000,2778.000,8.050,7.945,8.050,7.945,15.300,15.300,15.300,15.300,true,true,true,true,true,true,false,false,true,true,false,false,0.01,0.00,0.01,0.03,0.00,0.00,0.08,0.08,9223372036854775808,0,--.--,--.--,--.--,--.--,--.--,0,0,0,0,44.4368353,8.8801579,32TMQ 90462 20400,0.0,0.0,89.2,3,15,--.--,--.--,,--.--,--.--,--.--,0,0,--.--,--.--,0,-4.4,-301.5,-70.0,0.1,5.0,-0.0,-4.4,-301.5,-70.0,0.1,5.0,-0.0,--.--,--.--,--.--,--.--,-0.0,-0.1,89.1,0.1,1.0,0.0,0.00,--.--,--.--,0,0,0.0,0.0,0.0,0,0,0,--.--,--.--,--.--
2025-10-02 15:06:49.737,0.0,-0.2,89,0.0,0.6,0.0,5.0,0.0,0.000,-0.0,70.0,-252.8,-329.8,70.002,0.000,0.000,0.000,695.7,00:03:06,296.6,59.5,11,--.--,0,89,--.--,0000:16:39,46,0,0,1,1,15.30,-1.00,0,--.--,60,--.--,--:--:--,1,-15.30,15:06:49,13:06:49,02/10/2025,--.--,--.--,--.--,--.--,--.--,--.--,--.--,--.--,--.--,--.--,--.--,--.--,0,--.--,--.--,--.--,--.--,--.--,--.--,--.--,--.--,--.--,--.--,--.--,--.--,--.--,--.--,--.--,--.--,0,2808.000,2772.000,2808.000,2772.000,8.020,7.930,8.020,7.930,15.300,15.300,15.300,15.300,true,true,true,true,true,true,false,false,true,true,false,false,0.01,0.01,0.00,0.01,0.00,0.00,0.08,0.08,9223372036854775808,0,--.--,--.--,--.--,--.--,--.--,0,0,0,0,44.4368361,8.8802214,32TMQ 90467 20400,0.0,0.0,89.0,3,15,--.--,--.--,,--.--,--.--,--.--,0,0,--.--,--.--,0,-4.4,-296.5,-70.0,0.1,5.0,0.0,-4.4,-296.4,-70.0,0.1,5.0,0.0,--.--,--.--,--.--,--.--,-0.0,-0.1,89.1,-0.1,1.0,0.0,0.00,--.--,--.--,0,0,0.0,0.0,0.0,0,0,0,--.--,--.--,--.--
2025-10-02 15:06:50.737,-0.1,-0.2,89,-0.1,0.5,0.0,5.0,0.0,0.000,-0.0,70.0,-252.8,-329.8,70.003,0.000,0.000,0.000,699.8,00:03:07,291.5,58.5,11,--.--,0,89,--.--,0000:16:39,46,0,0,1,1,15.30,-1.00,0,--.--,60,--.--,--:--:--,1,-15.30,15:06:50,13:06:50,02/10/2025,--.--,--.--,--.--,--.--,--.--,--.--,--.--,--.--,--.--,--.--,--.--,--.--,0,--.--,--.--,--.--,--.--,--.--,--.--,--.--,--.--,--.--,--.--,--.--,--.--,--.--,--.--,--.--,--.--,0,2808.000,2778.000,2808.000,2778.000,8.020,7.945,8.020,7.945,15.300,15.300,15.300,15.300,true,true,true,true,true,true,false,false,true,true,false,false,0.01,0.01,0.00,0.01,0.00,0.00,0.08,0.08,9223372036854775808,0,--.--,--.--,--.--,--.--,--.--,0,0,0,0,44.4368368,8.8802849,32TMQ 90472 20400,0.0,0.0,89.1,3,15,--.--,--.--,,--.--,--.--,--.--,0,0,--.--,--.--,0,-4.3,-291.5,-70.0,0.1,5.0,0.0,-4.3,-291.4,-70.0,0.1,5.0,0.0,--.--,--.--,--.--,--.--,-0.1,-0.1,89.1,-0.1,1.0,-0.0,0.00,--.--,--.--,0,0,0.0,0.0,0.0,0,0,0,--.--,--.--,--.--
2025-10-02 15:06:51.749,-0.1,-0.3,89,0.1,-0.4,0.0,5.0,0.0,0.000,-0.0,70.0,-252.8,-329.8,70.005,0.000,0.000,0.000,703.9,00:03:08,286.6,57.5,11,--.--,0,89,--.--,0000:16:39,46,0,0,1,1,15.30,-1.00,0,--.--,60,--.--,--:--:--,1,-15.30,15:06:51,13:06:51,02/10/2025,--.--,--.--,--.--,--.--,--.--,--.--,--.--,--.--,--.--,--.--,--.--,--.--,0,--.--,--.--,--.--,--.--,--.--,--.--,--.--,--.--,--.--,--.--,--.--,--.--,--.--,--.--,--.--,--.--,0,2808.000,2772.000,2808.000,2772.000,8.020,7.930,8.020,7.930,15.300,15.300,15.300,15.300,true,true,true,true,true,true,false,false,true,true,false,false,0.01,0.00,0.01,0.01,0.00,0.00,0.08,0.08,9223372036854775808,0,--.--,--.--,--.--,--.--,--.--,0,0,0,0,44.4368374,8.8803471,32TMQ 90477 20400,0.0,0.0,89.2,3,15,--.--,--.--,,--.--,--.--,--.--,0,0,--.--,--.--,0,-4.2,-286.5,-70.0,0.1,5.0,0.0,-4.2,-286.5,-70.0,0.1,5.0,0.0,--.--,--.--,--.--,--.--,-0.1,-0.1,89.1,0.1,0.9,-0.0,0.00,--.--,--.--,0,0,0.0,0.0,0.0,0,0,0,--.--,--.--,--.--
2025-10-02 15:06:52.737,-0.0,-0.3,89,0.1,-0.2,0.0,5.0,0.0,0.000,-0.0,70.0,-252.8,-330.8,70.006,0.000,0.000,0.000,710.1,00:03:09,281.6,56.4,11,--.--,0,89,--.--,0000:16:39,46,0,0,1,1,15.30,-1.00,0,--.--,60,--.--,--:--:--,1,-15.30,15:06:52,13:06:52,02/10/2025,--.--,--.--,--.--,--.--,--.--,--.--,--.--,--.--,--.--,--.--,--.--,--.--,0,--.--,--.--,--.--,--.--,--.--,--.--,--.--,--.--,--.--,--.--,--.--,--.--,--.--,--.--,--.--,--.--,0,2802.000,2778.000,2802.000,2784.000,8.005,7.945,8.005,7.960,15.300,15.300,15.300,15.300,true,true,true,true,true,true,false,false,true,true,false,false,0.01,0.00,0.01,0.01,0.00,0.00,0.08,0.08,9223372036854775808,0,--.--,--.--,--.--,--.--,--.--,0,0,0,0,44.4368380,8.8804104,32TMQ 90482 20400,0.0,0.0,89.1,3,15,--.--,--.--,,--.--,--.--,--.--,0,0,--.--,--.--,0,-4.1,-281.6,-70.0,0.1,5.0,0.0,-4.1,-281.5,-70.0,0.1,5.0,0.0,--.--,--.--,--.--,--.--,-0.0,-0.1,89.1,0.1,1.1,0.0,0.00,--.--,--.--,0,0,0.0,0.0,0.0,0,0,0,--.--,--.--,--.--
2025-10-02 15:06:53.749,-0.0,-0.3,89,-0.1,-0.3,0.0,5.0,0.0,0.000,-0.0,70.0,-252.8,-330.8,70.003,0.000,0.000,0.000,714.2,00:03:10,276.6,55.4,11,--.--,0,89,--.--,0000:16:39,46,0,0,1,1,15.30,-1.00,0,--.--,60,--.--,--:--:--,1,-15.30,15:06:53,13:06:53,02/10/2025,--.--,--.--,--.--,--.--,--.--,--.--,--.--,--.--,--.--,--.--,--.--,--.--,0,--.--,--.--,--.--,--.--,--.--,--.--,--.--,--.--,--.--,--.--,--.--,--.--,--.--,--.--,--.--,--.--,0,2802.000,2784.000,2802.000,2784.000,8.005,7.960,8.005,7.960,15.300,15.300,15.300,15.300,true,true,true,true,true,true,false,false,true,true,false,false,0.01,0.01,0.01,0.03,0.00,0.00,0.08,0.08,9223372036854775808,0,--.--,--.--,--.--,--.--,--.--,0,0,0,0,44.4368388,8.8804739,32TMQ 90487 20400,0.0,0.0,89.0,3,15,--.--,--.--,,--.--,--.--,--.--,0,0,--.--,--.--,0,-4.1,-276.6,-70.0,0.1,5.0,0.0,-4.1,-276.6,-70.0,0.1,5.0,0.0,--.--,--.--,--.--,--.--,-0.0,0.4,89.1,-0.0,1.2,0.0,0.00,--.--,--.--,0,0,0.0,0.0,0.0,0,0,0,--.--,--.--,--.--
2025-10-02 15:06:54.737,-0.1,-0.3,89,-0.1,-0.3,0.0,5.0,0.0,0.000,0.0,70.0,-252.8,-330.8,69.996,0.000,0.000,0.000,720.4,00:03:11,271.6,54.4,11,--.--,0,89,--.--,0000:16:39,46,0,0,1,1,15.30,-1.00,0,--.--,60,--.--,--:--:--,1,-15.30,15:06:54,13:06:54,02/10/2025,--.--,--.--,--.--,--.--,--.--,--.--,--.--,--.--,--.--,--.--,--.--,--.--,0,--.--,--.--,--.--,--.--,--.--,--.--,--.--,--.--,--.--,--.--,--.--,--.--,--.--,--.--,--.--,--.--,0,2796.000,2796.000,2796.000,2796.000,7.990,7.990,7.990,7.990,15.300,15.300,15.300,15.300,true,true,true,true,true,true,false,false,true,true,false,false,0.01,0.01,0.01,0.03,0.00,0.00,0.08,0.08,9223372036854775808,0,--.--,--.--,--.--,--.--,--.--,0,0,0,0,44.4368394,8.8805361,32TMQ 90492 20400,0.0,0.0,89.2,3,15,--.--,--.--,,--.--,--.--,--.--,0,0,--.--,--.--,0,-4.0,-271.6,-70.0,0.1,5.0,-0.0,-4.0,-271.6,-70.0,0.1,4.9,-0.0,--.--,--.--,--.--,--.--,-0.1,-0.1,89.1,-0.0,-1.9,0.0,0.00,--.--,--.--,0,0,0.0,0.0,0.0,0,0,0,--.--,--.--,--.--
2025-10-02 15:06:55.749,-0.1,-0.3,89,0.0,-0.4,0.0,5.0,0.0,0.000,0.0,70.0,-252.8,-330.8,69.994,0.000,0.000,0.000,724.5,00:03:12,266.6,53.5,11,--.--,0,89,--.--,0000:16:39,46,0,0,1,1,15.30,-1.00,0,--.--,60,--.--,--:--:--,1,-15.30,15:06:55,13:06:55,02/10/2025,--.--,--.--,--.--,--.--,--.--,--.--,--.--,--.--,--.--,--.--,--.--,--.--,0,--.--,--.--,--.--,--.--,--.--,--.--,--.--,--.--,--.--,--.--,--.--,--.--,--.--,--.--,--.--,--.--,0,2796.000,2796.000,2796.000,2796.000,7.990,7.990,7.990,7.990,15.300,15.300,15.300,15.300,true,true,true,true,true,true,false,false,true,true,false,false,0.01,0.01,0.01,0.02,0.00,0.00,0.08,0.08,9223372036854775808,0,--.--,--.--,--.--,--.--,--.--,0,0,0,0,44.4368400,8.8805996,32TMQ 90497 20400,0.0,0.0,89.2,3,15,--.--,--.--,,--.--,--.--,--.--,0,0,--.--,--.--,0,-3.9,-266.6,-70.0,0.1,5.0,-0.0,-3.9,-266.7,-70.0,0.1,4.9,-0.0,--.--,--.--,--.--,--.--,-0.1,-0.1,89.1,0.1,-2.0,-0.0,0.00,--.--,--.--,0,0,0.0,0.0,0.0,0,0,0,--.--,--.--,--.--
2025-10-02 15:06:56.749,0.0,-0.3,89,0.1,0.5,0.0,5.0,0.0,0.000,0.0,70.0,-252.8,-330.8,69.993,0.000,0.000,0.000,730.7,00:03:13,261.6,52.4,11,--.--,0,89,--.--,0000:16:39,46,0,0,1,1,15.30,-1.00,0,--.--,60,--.--,--:--:--,1,-15.30,15:06:56,13:06:56,02/10/2025,--.--,--.--,--.--,--.--,--.--,--.--,--.--,--.--,--.--,--.--,--.--,--.--,0,--.--,--.--,--.--,--.--,--.--,--.--,--.--,--.--,--.--,--.--,--.--,--.--,--.--,--.--,--.--,--.--,0,2820.000,2772.000,2820.000,2772.000,8.050,7.930,8.050,7.930,15.300,15.300,15.300,15.300,true,true,true,true,true,true,false,false,true,true,false,false,0.01,0.01,0.01,0.02,0.00,0.00,0.08,0.08,9223372036854775808,0,--.--,--.--,--.--,--.--,--.--,0,0,0,0,44.4368407,8.8806630,32TMQ 90502 20400,0.0,0.0,89.0,3,15,--.--,--.--,,--.--,--.--,--.--,0,0,--.--,--.--,0,-3.8,-261.6,-70.0,0.1,5.0,-0.0,-3.8,-261.6,-70.0,0.1,5.0,-0.0,--.--,--.--,--.--,--.--,0.0,-0.2,89.1,0.0,-1.8,0.0,0.00,--.--,--.--,0,0,0.0,0.0,0.0,0,0,0,--.--,--.--,--.--
2025-10-02 15:06:57.737,-0.1,-0.3,89,-0.1,0.4,0.0,5.0,0.0,0.000,0.0,70.0,-252.8,-331.8,69.996,0.000,0.000,0.000,734.7,00:03:14,256.6,51.4,11,--.--,0,89,--.--,0000:16:39,46,0,0,1,1,15.30,-1.00,0,--.--,60,--.--,--:--:--,1,-15.30,15:06:57,13:06:57,02/10/2025,--.--,--.--,--.--,--.--,--.--,--.--,--.--,--.--,--.--,--.--,--.--,--.--,0,--.--,--.--,--.--,--.--,--.--,--.--,--.--,--.--,--.--,--.--,--.--,--.--,--.--,--.--,--.--,--.--,0,2814.000,2778.000,2814.000,2778.000,8.035,7.945,8.035,7.945,15.300,15.300,15.300,15.300,true,true,true,true,true,true,false,false,true,true,false,false,0.01,0.01,0.02,0.00,0.00,0.00,0.08,0.08,9223372036854775808,0,--.--,--.--,--.--,--.--,--.--,0,0,0,0,44.4368415,8.8807251,32TMQ 90507 20400,0.0,0.0,89.1,3,15,--.--,--.--,,--.--,--.--,--.--,0,0,--.--,--.--,0,-3.8,-256.6,-70.0,0.1,5.0,-0.0,-3.8,-256.6,-70.0,0.1,5.0,-0.0,--.--,--.--,--.--,--.--,-0.1,-0.1,89.1,-0.1,1.1,-0.0,0.00,--.--,--.--,0,0,0.0,0.0,0.0,0,0,0,--.--,--.--,--.--
2025-10-02 15:06:58.737,-0.1,-0.3,89,-0.1,0.5,0.0,5.0,0.0,0.000,-0.0,70.0,-252.8,-331.8,70.004,0.000,0.000,0.000,738.9,00:03:15,251.6,50.4,11,--.--,0,89,--.--,0000:16:39,46,0,0,1,1,15.30,-1.00,0,--.--,60,--.--,--:--:--,1,-15.30,15:06:58,13:06:58,02/10/2025,--.--,--.--,--.--,--.--,--.--,--.--,--.--,--.--,--.--,--.--,--.--,--.--,0,--.--,--.--,--.--,--.--,--.--,--.--,--.--,--.--,--.--,--.--,--.--,--.--,--.--,--.--,--.--,--.--,0,2808.000,2772.000,2808.000,2772.000,8.020,7.930,8.020,7.930,15.300,15.300,15.300,15.300,true,true,true,true,true,true,false,false,true,true,false,false,0.01,0.01,0.02,0.00,0.00,0.00,0.08,0.08,9223372036854775808,0,--.--,--.--,--.--,--.--,--.--,0,0,0,0,44.4368421,8.8807886,32TMQ 90512 20400,0.0,0.0,89.3,3,15,--.--,--.--,,--.--,--.--,--.--,0,0,--.--,--.--,0,-3.7,-251.6,-70.0,0.1,5.0,0.0,-3.7,-251.6,-70.0,0.1,5.0,0.0,--.--,--.--,--.--,--.--,-0.1,-0.1,89.1,-0.0,0.9,0.0,0.00,--.--,--.--,0,0,0.0,0.0,0.0,0,0,0,--.--,--.--,--.--
2025-10-02 15:06:59.749,-0.1,-0.3,89,0.2,0.4,0.0,5.0,0.0,0.000,-0.0,70.0,-252.8,-331.8,70.005,0.000,0.000,0.000,745.1,00:03:16,246.6,49.4,11,--.--,0,89,--.--,0000:16:39,46,0,0,1,1,15.30,-1.00,0,--.--,60,--.--,--:--:--,1,-15.30,15:06:59,13:06:59,02/10/2025,--.--,--.--,--.--,--.--,--.--,--.--,--.--,--.--,--.--,--.--,--.--,--.--,0,--.--,--.--,--.--,--.--,--.--,--.--,--.--,--.--,--.--,--.--,--.--,--.--,--.--,--.--,--.--,--.--,0,2808.000,2778.000,2808.000,2772.000,8.020,7.945,8.020,7.930,15.300,15.300,15.300,15.300,true,true,true,true,true,true,false,false,true,true,false,false,0.01,0.00,0.00,0.00,0.00,0.00,0.08,0.08,9223372036854775808,0,--.--,--.--,--.--,--.--,--.--,0,0,0,0,44.4368427,8.8808508,32TMQ 90517 20400,0.0,0.0,89.2,3,15,--.--,--.--,,--.--,--.--,--.--,0,0,--.--,--.--,0,-3.6,-246.6,-70.0,0.1,5.0,0.0,-3.6,-246.6,-70.0,0.1,5.0,0.0,--.--,--.--,--.--,--.--,-0.0,-0.1,89.1,0.1,1.0,0.0,0.00,--.--,--.--,0,0,0.0,0.0,0.0,0,0,0,--.--,--.--,--.--
2025-10-02 15:07:00.749,0.0,-0.3,89,-0.1,-0.5,0.0,5.0,0.0,0.000,-0.0,70.0,-252.8,-331.8,70.006,0.000,0.000,0.000,749.2,00:03:17,241.6,48.4,11,--.--,0,89,--.--,0000:16:39,46,0,0,1,1,15.30,-1.00,0,--.--,60,--.--,--:--:--,1,-15.30,15:07:00,13:07:00,02/10/2025,--.--,--.--,--.--,--.--,--.--,--.--,--.--,--.--,--.--,--.--,--.--,--.--,0,--.--,--.--,--.--,--.--,--.--,--.--,--.--,--.--,--.--,--.--,--.--,--.--,--.--,--.--,--.--,--.--,0,2802.000,2784.000,2802.000,2778.000,8.005,7.960,8.005,7.945,15.300,15.300,15.300,15.300,true,true,true,true,true,true,false,false,true,true,false,false,0.01,0.00,0.00,0.00,0.00,0.00,0.08,0.08,9223372036854775808,0,--.--,--.--,--.--,--.--,--.--,0,0,0,0,44.4368434,8.8809142,32TMQ 90522 20400,0.0,0.0,89.0,3,15,--.--,--.--,,--.--,--.--,--.--,0,0,--.--,--.--,0,-3.5,-241.6,-70.0,0.1,5.0,0.0,-3.6,-241.5,-70.0,0.1,5.0,0.0,--.--,--.--,--.--,--.--,-0.0,-0.2,89.1,-0.1,0.8,0.0,0.00,--.--,--.--,0,0,0.0,0.0,0.0,0,0,0,--.--,--.--,--.--
2025-10-02 15:07:01.749,-0.1,-0.3,89,-0.1,-0.1,0.0,5.0,0.0,0.000,-0.0,70.0,-252.8,-331.8,70.004,0.000,0.000,0.000,755.4,00:03:18,236.6,47.4,11,--.--,0,89,--.--,0000:16:39,46,0,0,1,1,15.30,-1.00,0,--.--,60,--.--,--:--:--,1,-15.30,15:07:01,13:07:01,02/10/2025,--.--,--.--,--.--,--.--,--.--,--.--,--.--,--.--,--.--,--.--,--.--,--.--,0,--.--,--.--,--.--,--.--,--.--,--.--,--.--,--.--,--.--,--.--,--.--,--.--,--.--,--.--,--.--,--.--,0,2766.000,2814.000,2772.000,2814.000,7.915,8.035,7.930,8.035,15.300,15.300,15.300,15.300,true,true,true,true,true,true,false,false,true,true,false,false,0.00,0.01,0.00,0.00,0.00,0.00,0.08,0.08,9223372036854775808,0,--.--,--.--,--.--,--.--,--.--,0,0,0,0,44.4368441,8.8809763,32TMQ 90527 20400,0.0,0.0,89.1,3,15,--.--,--.--,,--.--,--.--,--.--,0,0,--.--,--.--,0,-3.5,-236.6,-70.0,0.1,5.0,0.0,-3.5,-236.6,-70.0,0.1,5.0,0.0,--.--,--.--,--.--,--.--,-0.1,-0.1,89.1,-0.1,1.1,-0.0,0.00,--.--,--.--,0,0,0.0,0.0,0.0,0,0,0,--.--,--.--,--.--
2025-10-02 15:07:02.738,-0.1,-0.3,89,0.1,-0.3,0.0,5.0,0.0,0.000,-0.0,70.0,-252.8,-320.8,70.000,0.000,0.000,0.000,759.5,00:03:19,231.6,46.4,11,--.--,0,89,--.--,0000:16:39,46,0,0,1,1,15.30,-1.00,0,--.--,60,--.--,--:--:--,1,-15.30,15:07:02,13:07:02,02/10/2025,--.--,--.--,--.--,--.--,--.--,--.--,--.--,--.--,--.--,--.--,--.--,--.--,0,--.--,--.--,--.--,--.--,--.--,--.--,--.--,--.--,--.--,--.--,--.--,--.--,--.--,--.--,--.--,--.--,0,2802.000,2784.000,2802.000,2784.000,8.005,7.960,8.005,7.960,15.300,15.300,15.300,15.300,true,true,true,true,true,true,false,false,true,true,false,false,0.00,0.01,0.00,0.00,0.00,0.00,0.08,0.08,9223372036854775808,0,--.--,--.--,--.--,--.--,--.--,0,0,0,0,44.4368447,8.8810398,32TMQ 90532 20400,0.0,0.0,89.3,3,15,--.--,--.--,,--.--,--.--,--.--,0,0,--.--,--.--,0,-3.4,-231.6,-70.0,0.1,5.0,0.0,-3.4,-231.6,-70.0,0.1,5.0,-0.0,--.--,--.--,--.--,--.--,-0.1,-0.1,89.1,0.1,0.9,0.0,0.00,--.--,--.--,0,0,0.0,0.0,0.0,0,0,0,--.--,--.--,--.--
2025-10-02 15:07:03.749,-0.0,-0.3,89,0.1,-0.2,0.0,5.0,0.0,0.000,0.0,70.0,-252.8,-320.8,69.995,0.000,0.000,0.000,765.6,00:03:20,226.6,45.4,11,--.--,0,89,--.--,0000:16:39,46,0,0,1,1,15.30,-1.00,0,--.--,60,--.--,--:--:--,1,-15.30,15:07:03,13:07:03,02/10/2025,--.--,--.--,--.--,--.--,--.--,--.--,--.--,--.--,--.--,--.--,--.--,--.--,0,--.--,--.--,--.--,--.--,--.--,--.--,--.--,--.--,--.--,--.--,--.--,--.--,--.--,--.--,--.--,--.--,0,2808.000,2784.000,2808.000,2784.000,8.020,7.960,8.020,7.960,15.300,15.300,15.300,15.300,true,true,true,true,true,true,false,false,true,true,false,false,0.00,0.01,0.00,0.04,0.00,0.00,0.08,0.08,9223372036854775808,0,--.--,--.--,--.--,--.--,--.--,0,0,0,0,44.4368453,8.8811033,32TMQ 90537 20401,0.0,0.0,89.1,3,15,--.--,--.--,,--.--,--.--,--.--,0,0,--.--,--.--,0,-3.3,-226.6,-70.0,0.1,5.0,-0.0,-3.3,-226.7,-70.0,0.1,4.9,-0.0,--.--,--.--,--.--,--.--,-0.0,-0.1,89.1,0.1,1.1,0.0,0.00,--.--,--.--,0,0,0.0,0.0,0.0,0,0,0,--.--,--.--,--.--
2025-10-02 15:07:04.749,-0.0,-0.3,89,-0.1,-0.1,0.0,5.0,0.0,0.000,0.0,70.0,-252.8,-320.8,69.991,0.000,0.000,0.000,769.8,00:03:21,221.6,44.4,11,--.--,0,89,--.--,0000:16:39,46,0,0,1,1,15.30,-1.00,0,--.--,60,--.--,--:--:--,1,-15.30,15:07:04,13:07:04,02/10/2025,--.--,--.--,--.--,--.--,--.--,--.--,--.--,--.--,--.--,--.--,--.--,--.--,0,--.--,--.--,--.--,--.--,--.--,--.--,--.--,--.--,--.--,--.--,--.--,--.--,--.--,--.--,--.--,--.--,0,2796.000,2796.000,2796.000,2796.000,7.990,7.990,7.990,7.990,15.300,15.300,15.300,15.300,true,true,true,true,true,true,false,false,true,true,false,false,0.00,0.01,0.00,0.04,0.00,0.00,0.08,0.08,9223372036854775808,0,--.--,--.--,--.--,--.--,--.--,0,0,0,0,44.4368461,8.8811655,32TMQ 90542 20401,0.0,0.0,89.0,3,15,--.--,--.--,,--.--,--.--,--.--,0,0,--.--,--.--,0,-3.2,-221.6,-70.0,0.1,5.0,-0.0,-3.3,-221.7,-70.0,0.1,4.9,-0.0,--.--,--.--,--.--,--.--,-0.0,0.3,89.1,-0.1,1.1,0.0,0.00,--.--,--.--,0,0,0.0,0.0,0.0,0,0,0,--.--,--.--,--.--
2025-10-02 15:07:05.737,-0.1,-0.3,89,-0.1,0.5,0.0,5.0,0.0,0.000,0.0,70.0,-252.8,-320.8,69.990,0.000,0.000,0.000,773.9,00:03:22,216.6,43.4,11,--.--,0,89,--.--,0000:16:39,46,0,0,1,1,15.30,-1.00,0,--.--,60,--.--,--:--:--,1,-15.30,15:07:05,13:07:05,02/10/2025,--.--,--.--,--.--,--.--,--.--,--.--,--.--,--.--,--.--,--.--,--.--,--.--,0,--.--,--.--,--.--,--.--,--.--,--.--,--.--,--.--,--.--,--.--,--.--,--.--,--.--,--.--,--.--,--.--,0,2820.000,2778.000,2820.000,2778.000,8.050,7.945,8.050,7.945,15.300,15.300,15.300,15.300,true,true,true,true,true,true,false,false,true,true,false,false,0.00,0.01,0.00,0.01,0.00,0.00,0.08,0.08,9223372036854775808,0,--.--,--.--,--.--,--.--,--.--,0,0,0,0,44.4368468,8.8812290,32TMQ 90547 20401,0.0,0.0,89.2,3,15,--.--,--.--,,--.--,--.--,--.--,0,0,--.--,--.--,0,-3.2,-216.6,-70.0,0.1,5.0,-0.0,-3.2,-216.6,-70.0,0.1,5.0,-0.0,--.--,--.--,--.--,--.--,-0.1,-0.1,89.1,-0.0,-1.8,-0.0,0.00,--.--,--.--,0,0,0.0,0.0,0.0,0,0,0,--.--,--.--,--.--
2025-10-02 15:07:06.737,-0.1,-0.3,89,0.1,0.3,0.0,5.0,0.0,0.000,0.0,70.0,-252.8,-320.8,69.998,0.000,0.000,0.000,780.0,00:03:23,211.6,42.4,11,--.--,0,89,--.--,0000:16:39,46,0,0,1,1,15.30,-1.00,0,--.--,60,--.--,--:--:--,1,-15.30,15:07:06,13:07:06,02/10/2025,--.--,--.--,--.--,--.--,--.--,--.--,--.--,--.--,--.--,--.--,--.--,--.--,0,--.--,--.--,--.--,--.--,--.--,--.--,--.--,--.--,--.--,--.--,--.--,--.--,--.--,--.--,--.--,--.--,0,2814.000,2772.000,2814.000,2778.000,8.035,7.930,8.035,7.945,15.300,15.300,15.300,15.300,true,true,true,true,true,true,false,false,true,true,false,false,0.00,0.01,0.00,0.01,0.00,0.00,0.08,0.08,9223372036854775808,0,--.--,--.--,--.--,--.--,--.--,0,0,0,0,44.4368474,8.8812924,32TMQ 90552 20401,0.0,0.0,89.2,3,15,--.--,--.--,,--.--,--.--,--.--,0,0,--.--,--.--,0,-3.1,-211.6,-70.0,0.1,5.0,-0.0,-3.1,-211.6,-70.0,0.1,5.0,-0.0,--.--,--.--,--.--,--.--,-0.1,-0.2,89.1,0.1,-1.8,0.0,0.00,--.--,--.--,0,0,0.0,0.0,0.0,0,0,0,--.--,--.--,--.--
2025-10-02 15:07:07.738,-0.0,-0.3,89,0.1,0.6,0.0,5.0,0.0,0.000,-0.0,70.0,-252.8,-320.8,70.004,0.000,0.000,0.000,784.2,00:03:24,206.6,41.4,11,--.--,0,89,--.--,0000:16:39,46,0,0,1,1,15.30,-1.00,0,--.--,60,--.--,--:--:--,1,-15.30,15:07:07,13:07:07,02/10/2025,--.--,--.--,--.--,--.--,--.--,--.--,--.--,--.--,--.--,--.--,--.--,--.--,0,--.--,--.--,--.--,--.--,--.--,--.--,--.--,--.--,--.--,--.--,--.--,--.--,--.--,--.--,--.--,--.--,0,2808.000,2772.000,2808.000,2772.000,8.020,7.930,8.020,7.930,15.300,15.300,15.300,15.300,true,true,true,true,true,true,false,false,true,true,false,false,0.00,0.00,0.01,0.03,0.00,0.00,0.08,0.08,9223372036854775808,0,--.--,--.--,--.--,--.--,--.--,0,0,0,0,44.4368480,8.8813545,32TMQ 90557 20401,0.0,0.0,89.1,3,15,--.--,--.--,,--.--,--.--,--.--,0,0,--.--,--.--,0,-3.0,-206.6,-70.0,0.1,5.0,0.0,-3.0,-206.6,-70.0,0.1,5.0,0.0,--.--,--.--,--.--,--.--,0.0,-0.1,89.1,0.1,-1.8,0.0,0.00,--.--,--.--,0,0,0.0,0.0,0.0,0,0,0,--.--,--.--,--.--
2025-10-02 15:07:08.739,-0.0,-0.3,89,-0.1,0.5,0.0,5.0,0.0,0.000,-0.0,70.0,-252.8,-320.8,70.006,0.000,0.000,0.000,790.3,00:03:25,201.6,40.4,11,--.--,0,89,--.--,0000:16:39,46,0,0,1,1,15.30,-1.00,0,--.--,60,--.--,--:--:--,1,-15.30,15:07:08,13:07:08,02/10/2025,--.--,--.--,--.--,--.--,--.--,--.--,--.--,--.--,--.--,--.--,--.--,--.--,0,--.--,--.--,--.--,--.--,--.--,--.--,--.--,--.--,--.--,--.--,--.--,--.--,--.--,--.--,--.--,--.--,0,2808.000,2772.000,2808.000,2772.000,8.020,7.930,8.020,7.930,15.300,15.300,15.300,15.300,true,true,true,true,true,true,false,false,true,true,false,false,0.00,0.00,0.01,0.03,0.00,0.00,0.08,0.08,9223372036854775808,0,--.--,--.--,--.--,--.--,--.--,0,0,0,0,44.4368487,8.8814180,32TMQ 90562 20401,0.0,0.0,89.1,3,15,--.--,--.--,,--.--,--.--,--.--,0,0,--.--,--.--,0,-3.0,-201.6,-70.0,0.1,5.0,0.0,-3.0,-201.6,-70.0,0.1,5.0,0.0,--.--,--.--,--.--,--.--,-0.1,-0.1,89.1,-0.1,1.0,0.0,0.00,--.--,--.--,0,0,0.0,0.0,0.0,0,0,0,--.--,--.--,--.--
2025-10-02 15:07:09.739,-0.1,-0.3,89,-0.1,-0.3,0.0,5.0,0.0,0.000,-0.0,70.0,-252.8,-314.8,70.008,0.000,0.000,0.000,794.4,00:03:26,196.6,39.4,11,--.--,0,89,--.--,0000:16:39,46,0,0,1,1,15.30,-1.00,0,--.--,60,--.--,--:--:--,1,-15.30,15:07:09,13:07:09,02/10/2025,--.--,--.--,--.--,--.--,--.--,--.--,--.--,--.--,--.--,--.--,--.--,--.--,0,--.--,--.--,--.--,--.--,--.--,--.--,--.--,--.--,--.--,--.--,--.--,--.--,--.--,--.--,--.--,--.--,0,2802.000,2784.000,2802.000,2784.000,8.005,7.960,8.005,7.960,15.300,15.300,15.300,15.300,true,true,true,true,true,true,false,false,true,true,false,false,0.00,0.01,0.00,0.02,0.00,0.00,0.08,0.08,9223372036854775808,0,--.--,--.--,--.--,--.--,--.--,0,0,0,0,44.4368494,8.8814802,32TMQ 90567 20401,0.0,0.0,89.2,3,15,--.--,--.--,,--.--,--.--,--.--,0,0,--.--,--.--,0,-2.9,-196.6,-70.0,0.1,5.0,0.0,-2.9,-196.6,-70.0,0.1,5.0,0.0,--.--,--.--,--.--,--.--,-0.1,-0.1,89.1,-0.0,0.9,0.0,0.00,--.--,--.--,0,0,0.0,0.0,0.0,0,0,0,--.--,--.--,--.--
2025-10-02 15:07:10.738,-0.1,-0.3,89,0.0,-0.3,0.0,5.0,0.0,0.000,-0.0,70.0,-252.8,-314.8,70.006,0.000,0.000,0.000,800.6,00:03:27,191.7,38.4,11,--.--,0,89,--.--,0000:16:39,46,0,0,1,1,15.30,-1.00,0,--.--,60,--.--,--:--:--,1,-15.30,15:07:10,13:07:10,02/10/2025,--.--,--.--,--.--,--.--,--.--,--.--,--.--,--.--,--.--,--.--,--.--,--.--,0,--.--,--.--,--.--,--.--,--.--,--.--,--.--,--.--,--.--,--.--,--.--,--.--,--.--,--.--,--.--,--.--,0,2772.000,2814.000,2772.000,2814.000,7.930,8.035,7.930,8.035,15.300,15.300,15.300,15.300,true,true,true,true,true,true,false,false,true,true,false,false,0.00,0.01,0.00,0.02,0.00,0.00,0.08,0.08,9223372036854775808,0,--.--,--.--,--.--,--.--,--.--,0,0,0,0,44.4368500,8.8815437,32TMQ 90572 20401,0.0,0.0,89.2,3,15,--.--,--.--,,--.--,--.--,--.--,0,0,--.--,--.--,0,-2.8,-191.6,-70.0,0.1,5.0,0.0,-2.8,-191.6,-70.0,0.1,5.0,0.0,--.--,--.--,--.--,--.--,-0.1,-0.1,89.1,0.0,0.9,0.0,0.00,--.--,--.--,0,0,0.0,0.0,0.0,0,0,0,--.--,--.--,--.--
2025-10-02 15:07:11.737,0.0,-0.3,89,-0.0,-0.4,0.0,5.0,0.0,0.000,-0.0,70.0,-252.8,-314.8,69.999,0.000,0.000,0.000,804.7,00:03:28,186.7,37.4,11,--.--,0,89,--.--,0000:16:39,46,0,0,1,1,15.30,-1.00,0,--.--,60,--.--,--:--:--,1,-15.30,15:07:11,13:07:11,02/10/2025,--.--,--.--,--.--,--.--,--.--,--.--,--.--,--.--,--.--,--.--,--.--,--.--,0,--.--,--.--,--.--,--.--,--.--,--.--,--.--,--.--,--.--,--.--,--.--,--.--,--.--,--.--,--.--,--.--,0,2772.000,2814.000,2778.000,2808.000,7.930,8.035,7.945,8.020,15.300,15.300,15.300,15.300,true,true,true,true,true,true,false,false,true,true,false,false,0.00,0.01,0.00,0.00,0.00,0.00,0.08,0.08,9223372036854775808,0,--.--,--.--,--.--,--.--,--.--,0,0,0,0,44.4368507,8.8816071,32TMQ 90577 20401,0.0,0.0,89.1,3,15,--.--,--.--,,--.--,--.--,--.--,0,0,--.--,--.--,0,-2.7,-186.6,-70.0,0.1,5.0,-0.0,-2.7,-186.6,-70.0,0.1,5.0,-0.0,--.--,--.--,--.--,--.--,-0.0,-0.2,89.1,-0.1,1.0,-0.0,0.00,--.--,--.--,0,0,0.0,0.0,0.0,0,0,0,--.--,--.--,--.--
2025-10-02 15:07:12.737,-0.1,-0.3,89,-0.1,-0.3,0.0,5.0,0.0,0.000,0.0,70.0,-252.8,-314.8,69.997,0.000,0.000,0.000,808.8,00:03:29,181.7,36.4,11,--.--,0,89,--.--,0000:16:39,46,0,0,1,1,15.30,-1.00,0,--.--,60,--.--,--:--:--,1,-15.30,15:07:12,13:07:12,02/10/2025,--.--,--.--,--.--,--.--,--.--,--.--,--.--,--.--,--.--,--.--,--.--,--.--,0,--.--,--.--,--.--,--.--,--.--,--.--,--.--,--.--,--.--,--.--,--.--,--.--,--.--,--.--,--.--,--.--,0,2796.000,2796.000,2796.000,2796.000,7.990,7.990,7.990,7.990,15.300,15.300,15.300,15.300,true,true,true,true,true,true,false,false,true,true,false,false,0.00,0.01,0.00,0.00,0.00,0.00,0.08,0.08,9223372036854775808,0,--.--,--.--,--.--,--.--,--.--,0,0,0,0,44.4368514,8.8816692,32TMQ 90582 20401,0.0,0.0,89.1,3,15,--.--,--.--,,--.--,--.--,--.--,0,0,--.--,--.--,0,-2.7,-181.6,-70.0,0.1,5.0,-0.0,-2.7,-181.7,-70.0,0.1,4.9,-0.0,--.--,--.--,--.--,--.--,-0.1,-0.1,89.1,-0.1,1.0,0.0,0.00,--.--,--.--,0,0,0.0,0.0,0.0,0,0,0,--.--,--.--,--.--
2025-10-02 15:07:13.737,-0.1,-0.3,89,-0.0,-0.2,0.0,5.0,0.0,0.000,0.0,70.0,-252.8,-314.8,69.995,0.000,0.000,0.000,815.0,00:03:30,176.7,35.4,11,--.--,0,89,--.--,0000:16:39,46,0,0,1,1,15.30,-1.00,0,--.--,60,--.--,--:--:--,1,-15.30,15:07:13,13:07:13,02/10/2025,--.--,--.--,--.--,--.--,--.--,--.--,--.--,--.--,--.--,--.--,--.--,--.--,0,--.--,--.--,--.--,--.--,--.--,--.--,--.--,--.--,--.--,--.--,--.--,--.--,--.--,--.--,--.--,--.--,0,2796.000,2796.000,2796.000,2796.000,7.990,7.990,7.990,7.990,15.300,15.300,15.300,15.300,true,true,true,true,true,true,false,false,true,true,false,false,0.00,0.00,0.00,0.02,0.00,0.00,0.08,0.08,9223372036854775808,0,--.--,--.--,--.--,--.--,--.--,0,0,0,0,44.4368520,8.8817327,32TMQ 90587 20401,0.0,0.0,89.2,3,15,--.--,--.--,,--.--,--.--,--.--,0,0,--.--,--.--,0,-2.6,-176.6,-70.0,0.1,5.0,-0.0,-2.6,-176.7,-70.0,0.1,4.9,-0.0,--.--,--.--,--.--,--.--,-0.1,-0.1,89.1,0.1,1.0,0.0,0.00,--.--,--.--,0,0,0.0,0.0,0.0,0,0,0,--.--,--.--,--.--
2025-10-02 15:07:14.738,-0.0,-0.3,89,0.2,0.3,0.0,5.0,0.0,0.000,0.0,70.0,-252.8,-309.8,69.996,0.000,0.000,0.000,819.1,00:03:31,171.7,34.4,11,--.--,0,89,--.--,0000:16:39,46,0,0,1,1,15.30,-1.00,0,--.--,60,--.--,--:--:--,1,-15.30,15:07:14,13:07:14,02/10/2025,--.--,--.--,--.--,--.--,--.--,--.--,--.--,--.--,--.--,--.--,--.--,--.--,0,--.--,--.--,--.--,--.--,--.--,--.--,--.--,--.--,--.--,--.--,--.--,--.--,--.--,--.--,--.--,--.--,0,2814.000,2778.000,2814.000,2778.000,8.035,7.945,8.035,7.945,15.300,15.300,15.300,15.300,true,true,true,true,true,true,false,false,true,true,false,false,0.00,0.00,0.00,0.02,0.00,0.00,0.08,0.08,9223372036854775808,0,--.--,--.--,--.--,--.--,--.--,0,0,0,0,44.4368526,8.8817949,32TMQ 90592 20401,0.0,0.0,89.1,3,15,--.--,--.--,,--.--,--.--,--.--,0,0,--.--,--.--,0,-2.5,-171.6,-70.0,0.1,5.0,-0.0,-2.5,-171.6,-70.0,0.1,5.0,-0.0,--.--,--.--,--.--,--.--,-0.0,-0.1,89.1,0.1,-1.8,0.0,0.00,--.--,--.--,0,0,0.0,0.0,0.0,0,0,0,--.--,--.--,--.--
2025-10-02 15:07:15.739,-0.0,-0.3,89,-0.1,0.3,0.0,5.0,0.0,0.000,0.0,70.0,-252.8,-309.8,70.005,0.000,0.000,0.000,825.2,00:03:32,166.7,33.4,11,--.--,0,89,--.--,0000:16:39,46,0,0,1,1,15.30,-1.00,0,--.--,60,--.--,--:--:--,1,-15.30,15:07:15,13:07:15,02/10/2025,--.--,--.--,--.--,--.--,--.--,--.--,--.--,--.--,--.--,--.--,--.--,--.--,0,--.--,--.--,--.--,--.--,--.--,--.--,--.--,--.--,--.--,--.--,--.--,--.--,--.--,--.--,--.--,--.--,0,2814.000,2772.000,2814.000,2778.000,8.035,7.930,8.035,7.945,15.300,15.300,15.300,15.300,true,true,true,true,true,true,false,false,true,true,false,false,0.00,0.00,0.00,0.00,0.00,0.00,0.08,0.08,9223372036854775808,0,--.--,--.--,--.--,--.--,--.--,0,0,0,0,44.4368533,8.8818584,32TMQ 90597 20401,0.0,0.0,89.0,3,15,--.--,--.--,,--.--,--.--,--.--,0,0,--.--,--.--,0,-2.4,-166.6,-70.0,0.1,5.0,-0.0,-2.5,-166.6,-70.0,0.1,5.0,0.0,--.--,--.--,--.--,--.--,-0.0,-0.1,89.1,-0.1,-1.9,0.0,0.00,--.--,--.--,0,0,0.0,0.0,0.0,0,0,0,--.--,--.--,--.--
2025-10-02 15:07:16.749,-0.1,-0.3,89,-0.1,0.7,0.0,5.0,0.0,0.000,-0.0,70.0,-252.8,-309.8,70.007,0.000,0.000,0.000,829.4,00:03:33,161.7,32.4,11,--.--,0,89,--.--,0000:16:39,46,0,0,1,1,15.30,-1.00,0,--.--,60,--.--,--:--:--,1,-15.30,15:07:16,13:07:16,02/10/2025,--.--,--.--,--.--,--.--,--.--,--.--,--.--,--.--,--.--,--.--,--.--,--.--,0,--.--,--.--,--.--,--.--,--.--,--.--,--.--,--.--,--.--,--.--,--.--,--.--,--.--,--.--,--.--,--.--,0,2808.000,2772.000,2808.000,2772.000,8.020,7.930,8.020,7.930,15.300,15.300,15.300,15.300,true,true,true,true,true,true,false,false,true,true,false,false,0.00,0.00,0.00,0.00,0.00,0.00,0.08,0.08,9223372036854775808,0,--.--,--.--,--.--,--.--,--.--,0,0,0,0,44.4368540,8.8819218,32TMQ 90602 20401,0.0,0.0,89.2,3,15,--.--,--.--,,--.--,--.--,--.--,0,0,--.--,--.--,0,-2.4,-161.6,-70.0,0.1,5.0,0.0,-2.4,-161.6,-70.0,0.1,5.0,0.0,--.--,--.--,--.--,--.--,-0.1,-0.2,89.1,-0.1,-1.8,0.0,0.00,--.--,--.--,0,0,0.0,0.0,0.0,0,0,0,--.--,--.--,--.--
2025-10-02 15:07:17.737,-0.1,-0.3,89,0.1,0.7,0.0,5.0,0.0,0.000,-0.0,70.0,-252.8,-309.8,70.008,0.000,0.000,0.000,835.5,00:03:34,156.7,31.4,11,--.--,0,89,--.--,0000:16:39,46,0,0,1,1,15.30,-1.00,0,--.--,60,--.--,--:--:--,1,-15.30,15:07:17,13:07:17,02/10/2025,--.--,--.--,--.--,--.--,--.--,--.--,--.--,--.--,--.--,--.--,--.--,--.--,0,--.--,--.--,--.--,--.--,--.--,--.--,--.--,--.--,--.--,--.--,--.--,--.--,--.--,--.--,--.--,--.--,0,2808.000,2772.000,2808.000,2772.000,8.020,7.930,8.020,7.930,15.300,15.300,15.300,15.300,true,true,true,true,true,true,false,false,true,true,false,false,0.00,0.01,0.01,0.01,0.00,0.00,0.08,0.08,9223372036854775808,0,--.--,--.--,--.--,--.--,--.--,0,0,0,0,44.4368546,8.8819839,32TMQ 90607 20401,0.0,0.0,89.2,3,15,--.--,--.--,,--.--,--.--,--.--,0,0,--.--,--.--,0,-2.3,-156.6,-70.0,0.1,5.0,0.0,-2.3,-156.6,-70.0,0.1,5.0,0.0,--.--,--.--,--.--,--.--,-0.1,-0.1,89.1,0.1,1.0,-0.0,0.00,--.--,--.--,0,0,0.0,0.0,0.0,0,0,0,--.--,--.--,--.--
2025-10-02 15:07:18.740,-0.0,-0.3,89,0.1,-0.2,0.0,5.0,0.0,0.000,-0.0,70.0,-252.8,-309.8,70.008,0.000,0.000,0.000,839.6,00:03:35,151.7,30.4,11,--.--,0,89,--.--,0000:16:39,46,0,0,1,1,15.30,-1.00,0,--.--,60,--.--,--:--:--,1,-15.30,15:07:18,13:07:18,02/10/2025,--.--,--.--,--.--,--.--,--.--,--.--,--.--,--.--,--.--,--.--,--.--,--.--,0,--.--,--.--,--.--,--.--,--.--,--.--,--.--,--.--,--.--,--.--,--.--,--.--,--.--,--.--,--.--,--.--,0,2796.000,2784.000,2796.000,2784.000,7.990,7.960,7.990,7.960,15.300,15.300,15.300,15.300,true,true,true,true,true,true,false,false,true,true,false,false,0.00,0.01,0.01,0.01,0.00,0.00,0.08,0.08,9223372036854775808,0,--.--,--.--,--.--,--.--,--.--,0,0,0,0,44.4368553,8.8820474,32TMQ 90612 20402,0.0,0.0,89.1,3,15,--.--,--.--,,--.--,--.--,--.--,0,0,--.--,--.--,0,-2.2,-151.6,-70.0,0.1,5.0,0.0,-2.2,-151.6,-70.0,0.1,5.0,0.0,--.--,--.--,--.--,--.--,-0.0,-0.1,89.1,0.1,1.0,0.0,0.00,--.--,--.--,0,0,0.0,0.0,0.0,0,0,0,--.--,--.--,--.--
2025-10-02 15:07:19.750,-0.0,-0.3,89,-0.1,0.6,0.0,5.0,0.0,0.000,-0.0,70.0,-252.8,-309.8,70.005,0.000,0.000,0.000,843.8,00:03:36,146.7,29.4,11,--.--,0,89,--.--,0000:16:39,46,0,0,1,1,15.30,-1.00,0,--.--,60,--.--,--:--:--,1,-15.30,15:07:19,13:07:19,02/10/2025,--.--,--.--,--.--,--.--,--.--,--.--,--.--,--.--,--.--,--.--,--.--,--.--,0,--.--,--.--,--.--,--.--,--.--,--.--,--.--,--.--,--.--,--.--,--.--,--.--,--.--,--.--,--.--,--.--,0,2772.000,2814.000,2772.000,2814.000,7.930,8.035,7.930,8.035,15.300,15.300,15.300,15.300,true,true,true,true,true,true,false,false,true,true,false,false,0.00,0.01,0.00,0.01,0.00,0.00,0.08,0.08,9223372036854775808,0,--.--,--.--,--.--,--.--,--.--,0,0,0,0,44.4368560,8.8821109,32TMQ 90617 20402,0.0,0.0,89.1,3,15,--.--,--.--,,--.--,--.--,--.--,0,0,--.--,--.--,0,-2.1,-146.6,-70.0,0.1,5.0,0.0,-2.2,-146.6,-70.0,0.1,5.0,0.0,--.--,--.--,--.--,--.--,-0.1,-0.1,89.1,-0.1,1.0,0.0,0.00,--.--,--.--,0,0,0.0,0.0,0.0,0,0,0,--.--,--.--,--.--
2025-10-02 15:07:20.739,-0.1,-0.3,89,0.0,-0.4,0.0,5.0,0.0,0.000,0.0,70.0,-252.8,-304.8,69.998,0.000,0.000,0.000,849.9,00:03:37,141.7,28.4,11,--.--,0,89,--.--,0000:16:39,46,0,0,1,1,15.30,-1.00,0,--.--,60,--.--,--:--:--,1,-15.30,15:07:20,13:07:20,02/10/2025,--.--,--.--,--.--,--.--,--.--,--.--,--.--,--.--,--.--,--.--,--.--,--.--,0,--.--,--.--,--.--,--.--,--.--,--.--,--.--,--.--,--.--,--.--,--.--,--.--,--.--,--.--,--.--,--.--,0,2778.000,2814.000,2778.000,2814.000,7.945,8.035,7.945,8.035,15.300,15.300,15.300,15.300,true,true,true,true,true,true,false,false,true,true,false,false,0.00,0.01,0.00,0.01,0.00,0.00,0.08,0.08,9223372036854775808,0,--.--,--.--,--.--,--.--,--.--,0,0,0,0,44.4368567,8.8821731,32TMQ 90622 20402,0.0,0.0,89.2,3,15,--.--,--.--,,--.--,--.--,--.--,0,0,--.--,--.--,0,-2.1,-141.6,-70.0,0.1,5.0,-0.0,-2.1,-141.6,-70.0,0.1,5.0,-0.0,--.--,--.--,--.--,--.--,-0.1,-0.1,89.1,-0.0,1.0,0.0,0.00,--.--,--.--,0,0,0.0,0.0,0.0,0,0,0,--.--,--.--,--.--
2025-10-02 15:07:21.749,-0.1,-0.3,89,0.1,-0.4,0.0,5.0,0.0,0.000,0.0,70.0,-252.8,-304.8,69.995,0.000,0.000,0.000,854.0,00:03:38,136.7,27.4,11,--.--,0,89,--.--,0000:16:39,46,0,0,1,1,15.30,-1.00,0,--.--,60,--.--,--:--:--,1,-15.30,15:07:21,13:07:21,02/10/2025,--.--,--.--,--.--,--.--,--.--,--.--,--.--,--.--,--.--,--.--,--.--,--.--,0,--.--,--.--,--.--,--.--,--.--,--.--,--.--,--.--,--.--,--.--,--.--,--.--,--.--,--.--,--.--,--.--,0,2796.000,2796.000,2796.000,2796.000,7.990,7.990,7.990,7.990,15.300,15.300,15.300,15.300,true,true,true,true,true,true,false,false,true,true,false,false,0.00,0.00,0.00,0.02,0.00,0.00,0.08,0.08,9223372036854775808,0,--.--,--.--,--.--,--.--,--.--,0,0,0,0,44.4368573,8.8822366,32TMQ 90627 20402,0.0,0.0,89.2,3,15,--.--,--.--,,--.--,--.--,--.--,0,0,--.--,--.--,0,-2.0,-136.6,-70.0,0.1,5.0,-0.0,-2.0,-136.7,-70.0,0.1,4.9,-0.0,--.--,--.--,--.--,--.--,-0.1,-0.2,89.1,0.0,0.9,0.0,0.00,--.--,--.--,0,0,0.0,0.0,0.0,0,0,0,--.--,--.--,--.--
2025-10-02 15:07:22.738,-0.0,-0.3,89,0.0,-0.2,0.0,5.0,0.0,0.000,0.0,70.0,-252.8,-304.8,69.996,0.000,0.000,0.000,860.2,00:03:39,131.7,26.4,11,--.--,0,89,--.--,0000:16:39,46,0,0,1,1,15.30,-1.00,0,--.--,60,--.--,--:--:--,1,-15.30,15:07:22,13:07:22,02/10/2025,--.--,--.--,--.--,--.--,--.--,--.--,--.--,--.--,--.--,--.--,--.--,--.--,0,--.--,--.--,--.--,--.--,--.--,--.--,--.--,--.--,--.--,--.--,--.--,--.--,--.--,--.--,--.--,--.--,0,2796.000,2796.000,2796.000,2796.000,7.990,7.990,7.990,7.990,15.300,15.300,15.300,15.300,true,true,true,true,true,true,false,false,true,true,false,false,0.00,0.00,0.00,0.02,0.00,0.00,0.08,0.08,9223372036854775808,0,--.--,--.--,--.--,--.--,--.--,0,0,0,0,44.4368579,8.8822987,32TMQ 90632 20402,0.0,0.0,89.1,3,15,--.--,--.--,,--.--,--.--,--.--,0,0,--.--,--.--,0,-1.9,-131.6,-70.0,0.1,5.0,-0.0,-1.9,-131.7,-70.0,0.1,5.0,-0.0,--.--,--.--,--.--,--.--,-0.0,-0.1,89.1,-0.0,1.2,0.1,0.00,--.--,--.--,0,0,0.0,0.0,0.0,0,0,0,--.--,--.--,--.--
2025-10-02 15:07:23.740,-0.1,-0.3,89,-0.2,-0.3,0.1,5.0,0.0,0.000,0.0,70.0,-252.8,-304.8,70.004,0.000,0.000,0.000,864.3,00:03:40,126.7,25.4,11,--.--,0,89,--.--,0000:16:39,46,0,0,1,1,15.30,-1.00,0,--.--,60,--.--,--:--:--,1,-15.30,15:07:23,13:07:23,02/10/2025,--.--,--.--,--.--,--.--,--.--,--.--,--.--,--.--,--.--,--.--,--.--,--.--,0,--.--,--.--,--.--,--.--,--.--,--.--,--.--,--.--,--.--,--.--,--.--,--.--,--.--,--.--,--.--,--.--,0,2814.000,2772.000,2814.000,2772.000,8.035,7.930,8.035,7.930,15.300,15.300,15.300,15.300,true,true,true,true,true,true,false,false,true,true,false,false,0.00,0.01,0.01,0.00,0.00,0.00,0.08,0.08,9223372036854775808,0,--.--,--.--,--.--,--.--,--.--,0,0,0,0,44.4368587,8.8823622,32TMQ 90637 20402,0.0,0.0,89.1,3,15,--.--,--.--,,--.--,--.--,--.--,0,0,--.--,--.--,0,-1.9,-126.6,-70.0,0.1,5.0,-0.0,-1.9,-126.6,-70.0,0.1,5.0,0.0,--.--,--.--,--.--,--.--,-0.1,-0.1,89.1,-0.1,-1.9,0.0,0.00,--.--,--.--,0,0,0.0,0.0,0.0,0,0,0,--.--,--.--,--.--
2025-10-02 15:07:24.737,-0.1,-0.3,89,-0.0,-0.4,0.0,5.0,0.0,0.000,-0.0,70.0,-252.8,-304.8,70.007,0.000,0.000,0.000,870.5,00:03:41,121.7,24.4,11,--.--,0,89,--.--,0000:16:39,46,0,0,1,1,15.30,-1.00,0,--.--,60,--.--,--:--:--,1,-15.30,15:07:24,13:07:24,02/10/2025,--.--,--.--,--.--,--.--,--.--,--.--,--.--,--.--,--.--,--.--,--.--,--.--,0,--.--,--.--,--.--,--.--,--.--,--.--,--.--,--.--,--.--,--.--,--.--,--.--,--.--,--.--,--.--,--.--,0,2808.000,2772.000,2808.000,2766.000,8.020,7.930,8.020,7.915,15.300,15.300,15.300,15.300,true,true,true,true,true,true,false,false,true,true,false,false,0.00,0.01,0.01,0.00,0.00,0.00,0.08,0.08,9223372036854775808,0,--.--,--.--,--.--,--.--,--.--,0,0,0,0,44.4368593,8.8824257,32TMQ 90643 20402,0.0,0.0,89.2,3,15,--.--,--.--,,--.--,--.--,--.--,0,0,--.--,--.--,0,-1.8,-121.6,-70.0,0.1,5.0,0.0,-1.8,-121.6,-70.0,0.1,5.0,0.0,--.--,--.--,--.--,--.--,-0.1,-0.1,89.1,0.0,-1.8,-0.0,0.00,--.--,--.--,0,0,0.0,0.0,0.0,0,0,0,--.--,--.--,--.--
2025-10-02 15:07:25.750,-0.1,-0.3,89,0.1,0.0,0.0,5.0,0.0,0.000,-0.0,70.0,-252.8,-295.8,70.009,0.000,0.000,0.000,874.7,00:03:42,116.7,23.4,11,--.--,0,89,--.--,0000:16:39,46,0,0,1,1,15.30,-1.00,0,--.--,60,--.--,--:--:--,1,-15.30,15:07:25,13:07:25,02/10/2025,--.--,--.--,--.--,--.--,--.--,--.--,--.--,--.--,--.--,--.--,--.--,--.--,0,--.--,--.--,--.--,--.--,--.--,--.--,--.--,--.--,--.--,--.--,--.--,--.--,--.--,--.--,--.--,--.--,0,2808.000,2778.000,2808.000,2778.000,8.020,7.945,8.020,7.945,15.300,15.300,15.300,15.300,true,true,true,true,true,true,false,false,true,true,false,false,0.00,0.01,0.00,0.01,0.00,0.00,0.08,0.08,9223372036854775808,0,--.--,--.--,--.--,--.--,--.--,0,0,0,0,44.4368599,8.8824878,32TMQ 90647 20402,0.0,0.0,89.1,3,15,--.--,--.--,,--.--,--.--,--.--,0,0,--.--,--.--,0,-1.7,-116.6,-70.0,0.1,5.0,0.0,-1.7,-116.6,-70.0,0.1,5.0,0.0,--.--,--.--,--.--,--.--,-0.0,-0.2,89.1,0.1,-2.1,-0.0,0.00,--.--,--.--,0,0,0.0,0.0,0.0,0,0,0,--.--,--.--,--.--
2025-10-02 15:07:26.739,-0.0,-0.3,89,-0.1,0.4,0.0,5.0,0.0,0.000,-0.0,70.0,-252.8,-295.8,70.010,0.000,0.000,0.000,878.7,00:03:43,111.7,22.4,11,--.--,0,89,--.--,0000:16:39,46,0,0,1,1,15.30,-1.00,0,--.--,60,--.--,--:--:--,1,-15.30,15:07:26,13:07:26,02/10/2025,--.--,--.--,--.--,--.--,--.--,--.--,--.--,--.--,--.--,--.--,--.--,--.--,0,--.--,--.--,--.--,--.--,--.--,--.--,--.--,--.--,--.--,--.--,--.--,--.--,--.--,--.--,--.--,--.--,0,2808.000,2772.000,2814.000,2772.000,8.020,7.930,8.035,7.930,15.300,15.300,15.300,15.300,true,true,true,true,true,true,false,false,true,true,false,false,0.00,0.01,0.00,0.01,0.00,0.00,0.08,0.08,9223372036854775808,0,--.--,--.--,--.--,--.--,--.--,0,0,0,0,44.4368606,8.8825512,32TMQ 90653 20402,0.0,0.0,89.0,3,15,--.--,--.--,,--.--,--.--,--.--,0,0,--.--,--.--,0,-1.6,-111.6,-70.0,0.1,5.0,0.0,-1.6,-111.6,-70.0,0.1,5.0,0.0,--.--,--.--,--.--,--.--,-0.0,-0.2,89.1,-0.1,1.1,0.0,0.00,--.--,--.--,0,0,0.0,0.0,0.0,0,0,0,--.--,--.--,--.--
2025-10-02 15:07:27.749,-0.1,-0.3,89,-0.0,0.6,0.0,5.0,0.0,0.000,-0.0,70.0,-252.8,-295.8,70.009,0.000,0.000,0.000,884.9,00:03:44,106.7,21.4,11,--.--,0,89,--.--,0000:16:39,46,0,0,1,1,15.30,-1.00,0,--.--,60,--.--,--:--:--,1,-15.30,15:07:27,13:07:27,02/10/2025,--.--,--.--,--.--,--.--,--.--,--.--,--.--,--.--,--.--,--.--,--.--,--.--,0,--.--,--.--,--.--,--.--,--.--,--.--,--.--,--.--,--.--,--.--,--.--,--.--,--.--,--.--,--.--,--.--,0,2802.000,2778.000,2802.000,2778.000,8.005,7.945,8.005,7.945,15.300,15.300,15.300,15.300,true,true,true,true,true,true,false,false,true,true,false,false,0.01,0.01,0.00,0.00,0.00,0.00,0.08,0.08,9223372036854775808,0,--.--,--.--,--.--,--.--,--.--,0,0,0,0,44.4368613,8.8826147,32TMQ 90658 20402,0.0,0.0,89.2,3,15,--.--,--.--,,--.--,--.--,--.--,0,0,--.--,--.--,0,-1.6,-106.6,-70.0,0.1,5.0,0.0,-1.6,-106.6,-70.0,0.1,5.0,0.0,--.--,--.--,--.--,--.--,-0.1,-0.1,89.1,-0.0,1.0,-0.0,0.00,--.--,--.--,0,0,0.0,0.0,0.0,0,0,0,--.--,--.--,--.--
2025-10-02 15:07:28.749,-0.1,-0.3,89,0.1,0.6,0.0,5.0,0.0,0.000,-0.0,70.0,-252.8,-295.8,70.006,0.000,0.000,0.000,889.1,00:03:45,101.7,20.4,11,--.--,0,89,--.--,0000:16:39,46,0,0,1,1,15.30,-1.00,0,--.--,60,--.--,--:--:--,1,-15.30,15:07:28,13:07:28,02/10/2025,--.--,--.--,--.--,--.--,--.--,--.--,--.--,--.--,--.--,--.--,--.--,--.--,0,--.--,--.--,--.--,--.--,--.--,--.--,--.--,--.--,--.--,--.--,--.--,--.--,--.--,--.--,--.--,--.--,0,2766.000,2814.000,2772.000,2814.000,7.915,8.035,7.930,8.035,15.300,15.300,15.300,15.300,true,true,true,true,true,true,false,false,true,true,false,false,0.01,0.01,0.00,0.00,0.00,0.00,0.08,0.08,9223372036854775808,0,--.--,--.--,--.--,--.--,--.--,0,0,0,0,44.4368619,8.8826769,32TMQ 90663 20402,0.0,0.0,89.2,3,15,--.--,--.--,,--.--,--.--,--.--,0,0,--.--,--.--,0,-1.5,-101.7,-70.0,0.1,5.0,0.0,-1.5,-101.7,-70.0,0.1,5.0,0.0,--.--,--.--,--.--,--.--,-0.1,-0.1,89.1,0.1,1.0,0.0,0.00,--.--,--.--,0,0,0.0,0.0,0.0,0,0,0,--.--,--.--,--.--
2025-10-02 15:07:29.749,-0.0,-0.3,89,0.2,0.5,0.0,5.0,0.0,0.000,0.0,70.0,-252.8,-295.8,70.002,0.000,0.000,0.000,895.2,00:03:46,96.7,19.4,11,--.--,0,89,--.--,0000:16:39,46,0,0,1,1,15.30,-1.00,0,--.--,60,--.--,--:--:--,1,-15.30,15:07:29,13:07:29,02/10/2025,--.--,--.--,--.--,--.--,--.--,--.--,--.--,--.--,--.--,--.--,--.--,--.--,0,--.--,--.--,--.--,--.--,--.--,--.--,--.--,--.--,--.--,--.--,--.--,--.--,--.--,--.--,--.--,--.--,0,2772.000,2814.000,2772.000,2814.000,7.930,8.035,7.930,8.035,15.300,15.300,15.300,15.300,true,true,true,true,true,true,false,false,true,true,false,false,0.00,0.00,0.00,0.01,0.00,0.00,0.08,0.08,9223372036854775808,0,--.--,--.--,--.--,--.--,--.--,0,0,0,0,44.4368626,8.8827404,32TMQ 90668 20402,0.0,0.0,89.1,3,15,--.--,--.--,,--.--,--.--,--.--,0,0,--.--,--.--,0,-1.4,-96.6,-70.0,0.1,5.0,-0.0,-1.4,-96.6,-70.0,0.1,5.0,-0.0,--.--,--.--,--.--,--.--,-0.0,-0.1,89.1,0.1,1.0,-0.0,0.00,--.--,--.--,0,0,0.0,0.0,0.0,0,0,0,--.--,--.--,--.--
2025-10-02 15:07:30.737,-0.0,-0.3,89,-0.1,-0.5,-0.1,5.0,0.0,0.000,0.0,70.0,-252.8,-295.8,69.998,0.000,0.000,0.000,899.3,00:03:47,91.7,18.4,11,--.--,0,89,--.--,0000:16:39,46,0,0,1,1,15.30,-1.00,0,--.--,60,--.--,--:--:--,1,-15.30,15:07:30,13:07:30,02/10/2025,--.--,--.--,--.--,--.--,--.--,--.--,--.--,--.--,--.--,--.--,--.--,--.--,0,--.--,--.--,--.--,--.--,--.--,--.--,--.--,--.--,--.--,--.--,--.--,--.--,--.--,--.--,--.--,--.--,0,2808.000,2784.000,2808.000,2784.000,8.020,7.960,8.020,7.960,15.300,15.300,15.300,15.300,true,true,true,true,true,true,false,false,true,true,false,false,0.00,0.00,0.00,0.01,0.00,0.00,0.08,0.08,9223372036854775808,0,--.--,--.--,--.--,--.--,--.--,0,0,0,0,44.4368633,8.8828026,32TMQ 90673 20402,0.0,0.0,89.1,3,15,--.--,--.--,,--.--,--.--,--.--,0,0,--.--,--.--,0,-1.3,-91.6,-70.0,0.1,5.0,-0.0,-1.3,-91.6,-70.0,0.1,5.0,-0.0,--.--,--.--,--.--,--.--,-0.1,-0.1,89.1,-0.2,1.1,-0.1,0.00,--.--,--.--,0,0,0.0,0.0,0.0,0,0,0,--.--,--.--,--.--
2025-10-02 15:07:31.749,-0.1,-0.3,89,-0.0,-0.3,-0.1,5.0,0.0,0.000,0.0,70.0,-252.8,-287.8,69.995,0.000,0.000,0.000,905.5,00:03:48,86.7,17.4,11,--.--,0,89,--.--,0000:16:39,46,0,0,1,1,15.30,-1.00,0,--.--,60,--.--,--:--:--,1,-15.30,15:07:31,13:07:31,02/10/2025,--.--,--.--,--.--,--.--,--.--,--.--,--.--,--.--,--.--,--.--,--.--,--.--,0,--.--,--.--,--.--,--.--,--.--,--.--,--.--,--.--,--.--,--.--,--.--,--.--,--.--,--.--,--.--,--.--,0,2796.000,2796.000,2796.000,2796.000,7.990,7.990,7.990,7.990,15.300,15.300,15.300,15.300,true,true,true,true,true,true,false,false,true,true,false,false,0.00,0.00,0.01,0.00,0.00,0.00,0.08,0.08,9223372036854775808,0,--.--,--.--,--.--,--.--,--.--,0,0,0,0,44.4368639,8.8828661,32TMQ 90678 20402,0.0,0.0,89.2,3,15,--.--,--.--,,--.--,--.--,--.--,0,0,--.--,--.--,0,-1.3,-86.7,-70.0,0.1,5.0,-0.0,-1.3,-86.7,-70.0,0.1,5.0,-0.0,--.--,--.--,--.--,--.--,-0.1,-0.2,89.1,-0.1,1.0,0.1,0.00,--.--,--.--,0,0,0.0,0.0,0.0,0,0,0,--.--,--.--,--.--
2025-10-02 15:07:32.737,-0.1,-0.3,89,0.1,-0.1,0.0,5.0,0.0,0.000,0.0,70.0,-252.8,-287.8,69.999,0.000,0.000,0.000,909.6,00:03:50,81.7,16.4,11,--.--,0,89,--.--,0000:16:39,46,0,0,1,1,15.30,-1.00,0,--.--,60,--.--,--:--:--,1,-15.30,15:07:32,13:07:32,02/10/2025,--.--,--.--,--.--,--.--,--.--,--.--,--.--,--.--,--.--,--.--,--.--,--.--,0,--.--,--.--,--.--,--.--,--.--,--.--,--.--,--.--,--.--,--.--,--.--,--.--,--.--,--.--,--.--,--.--,0,2796.000,2802.000,2790.000,2802.000,7.990,8.005,7.975,8.005,15.300,15.300,15.300,15.300,true,true,true,true,true,true,false,false,true,true,false,false,0.00,0.00,0.01,0.00,0.00,0.00,0.08,0.08,9223372036854775808,0,--.--,--.--,--.--,--.--,--.--,0,0,0,0,44.4368645,8.8829295,32TMQ 90683 20402,0.0,0.0,89.2,3,15,--.--,--.--,,--.--,--.--,--.--,0,0,--.--,--.--,0,-1.2,-81.7,-70.0,0.1,5.0,-0.0,-1.2,-81.7,-70.0,0.1,5.0,-0.0,--.--,--.--,--.--,--.--,-0.1,0.3,89.1,0.1,1.2,-0.0,0.00,--.--,--.--,0,0,0.0,0.0,0.0,0,0,0,--.--,--.--,--.--
2025-10-02 15:07:33.749,-0.0,-0.3,89,-0.1,-0.2,0.0,5.0,0.0,0.000,0.0,70.0,-252.8,-287.8,70.008,0.000,0.000,0.000,913.7,00:03:50,76.7,15.4,11,--.--,0,89,--.--,0000:16:39,46,0,0,1,1,15.30,-1.00,0,--.--,60,--.--,--:--:--,1,-15.30,15:07:33,13:07:33,02/10/2025,--.--,--.--,--.--,--.--,--.--,--.--,--.--,--.--,--.--,--.--,--.--,--.--,0,--.--,--.--,--.--,--.--,--.--,--.--,--.--,--.--,--.--,--.--,--.--,--.--,--.--,--.--,--.--,--.--,0,2814.000,2772.000,2814.000,2772.000,8.035,7.930,8.035,7.930,15.300,15.300,15.300,15.300,true,true,true,true,true,true,false,false,true,true,false,false,0.00,0.01,0.01,0.00,0.00,0.00,0.08,0.08,9223372036854775808,0,--.--,--.--,--.--,--.--,--.--,0,0,0,0,44.4368652,8.8829916,32TMQ 90688 20403,0.0,0.0,89.0,3,15,--.--,--.--,,--.--,--.--,--.--,0,0,--.--,--.--,0,-1.1,-76.7,-70.0,0.1,5.0,-0.0,-1.1,-76.8,-70.0,0.1,4.9,0.0,--.--,--.--,--.--,--.--,-0.0,-0.1,89.1,-0.1,-1.8,-0.0,0.00,--.--,--.--,0,0,0.0,0.0,0.0,0,0,0,--.--,--.--,--.--
2025-10-02 15:07:34.737,-0.1,-0.3,89,-0.1,-0.2,0.0,5.0,0.0,0.000,-0.0,70.0,-252.8,-287.8,70.010,0.000,0.000,0.000,919.9,00:03:51,71.7,14.4,11,--.--,0,89,--.--,0000:16:39,46,0,0,1,1,15.30,-1.00,0,--.--,60,--.--,--:--:--,1,-15.30,15:07:34,13:07:34,02/10/2025,--.--,--.--,--.--,--.--,--.--,--.--,--.--,--.--,--.--,--.--,--.--,--.--,0,--.--,--.--,--.--,--.--,--.--,--.--,--.--,--.--,--.--,--.--,--.--,--.--,--.--,--.--,--.--,--.--,0,2814.000,2772.000,2808.000,2772.000,8.035,7.930,8.020,7.930,15.300,15.300,15.300,15.300,true,true,true,true,true,true,false,false,true,true,false,false,0.00,0.01,0.01,0.00,0.00,0.00,0.08,0.08,9223372036854775808,0,--.--,--.--,--.--,--.--,--.--,0,0,0,0,44.4368659,8.8830551,32TMQ 90693 20403,0.0,0.0,89.1,3,15,--.--,--.--,,--.--,--.--,--.--,0,0,--.--,--.--,0,-1.1,-71.7,-70.0,0.1,5.0,0.0,-1.1,-71.8,-70.0,0.1,4.9,0.0,--.--,--.--,--.--,--.--,-0.1,-0.1,89.1,-0.1,-1.8,0.0,0.00,--.--,--.--,0,0,0.0,0.0,0.0,0,0,0,--.--,--.--,--.--
2025-10-02 15:07:35.737,-0.1,-0.4,89,-0.0,0.4,0.0,5.0,0.0,0.000,-0.0,70.0,-252.8,-287.8,70.012,0.000,0.000,0.000,924.0,00:03:52,66.7,13.4,11,--.--,0,89,--.--,0000:16:39,46,0,0,1,1,15.30,-1.00,0,--.--,60,--.--,--:--:--,1,-15.30,15:07:35,13:07:35,02/10/2025,--.--,--.--,--.--,--.--,--.--,--.--,--.--,--.--,--.--,--.--,--.--,--.--,0,--.--,--.--,--.--,--.--,--.--,--.--,--.--,--.--,--.--,--.--,--.--,--.--,--.--,--.--,--.--,--.--,0,2808.000,2772.000,2808.000,2772.000,8.020,7.930,8.020,7.930,15.300,15.300,15.300,15.300,true,true,true,true,true,true,false,false,true,true,false,false,0.00,0.01,0.00,0.04,0.00,0.00,0.08,0.08,9223372036854775808,0,--.--,--.--,--.--,--.--,--.--,0,0,0,0,44.4368665,8.8831173,32TMQ 90698 20403,0.0,0.0,89.3,3,15,--.--,--.--,,--.--,--.--,--.--,0,0,--.--,--.--,0,-1.0,-66.7,-70.0,0.1,5.0,0.0,-1.0,-66.7,-70.0,0.1,5.0,0.0,--.--,--.--,--.--,--.--,-0.1,-0.2,89.1,0.1,0.9,0.0,0.00,--.--,--.--,0,0,0.0,0.0,0.0,0,0,0,--.--,--.--,--.--
2025-10-02 15:07:36.749,-0.0,-0.3,89,0.1,0.5,0.0,5.0,0.0,0.000,-0.0,70.0,-252.8,-287.8,70.013,0.000,0.000,0.000,930.2,00:03:53,61.7,12.4,11,--.--,0,89,--.--,0000:16:39,46,0,0,1,1,15.30,-1.00,0,--.--,60,--.--,--:--:--,1,-15.30,15:07:36,13:07:36,02/10/2025,--.--,--.--,--.--,--.--,--.--,--.--,--.--,--.--,--.--,--.--,--.--,--.--,0,--.--,--.--,--.--,--.--,--.--,--.--,--.--,--.--,--.--,--.--,--.--,--.--,--.--,--.--,--.--,--.--,0,2808.000,2778.000,2808.000,2778.000,8.020,7.945,8.020,7.945,15.300,15.300,15.300,15.300,true,true,true,true,true,true,false,false,true,true,false,false,0.00,0.01,0.00,0.04,0.00,0.00,0.08,0.08,9223372036854775808,0,--.--,--.--,--.--,--.--,--.--,0,0,0,0,44.4368672,8.8831807,32TMQ 90703 20403,0.0,0.0,89.1,3,15,--.--,--.--,,--.--,--.--,--.--,0,0,--.--,--.--,0,-0.9,-61.7,-70.0,0.1,5.0,0.0,-0.9,-61.7,-70.0,0.1,5.0,0.0,--.--,--.--,--.--,--.--,-0.0,-0.1,89.1,0.1,1.1,0.0,0.00,--.--,--.--,0,0,0.0,0.0,0.0,0,0,0,--.--,--.--,--.--
2025-10-02 15:07:37.737,-0.0,-0.3,89,-0.1,0.7,0.0,5.0,0.0,0.000,-0.0,70.0,-252.8,-281.8,70.010,0.000,0.000,0.000,934.3,00:03:54,56.7,11.4,11,--.--,0,89,--.--,0000:16:39,46,0,0,1,1,15.30,-1.00,0,--.--,60,--.--,--:--:--,1,-15.30,15:07:37,13:07:37,02/10/2025,--.--,--.--,--.--,--.--,--.--,--.--,--.--,--.--,--.--,--.--,--.--,--.--,0,--.--,--.--,--.--,--.--,--.--,--.--,--.--,--.--,--.--,--.--,--.--,--.--,--.--,--.--,--.--,--.--,0,2808.000,2778.000,2808.000,2778.000,8.020,7.945,8.020,7.945,15.300,15.300,15.300,15.300,true,true,true,true,true,true,false,false,true,true,false,false,0.00,0.00,0.00,0.00,0.00,0.00,0.08,0.08,9223372036854775808,0,--.--,--.--,--.--,--.--,--.--,0,0,0,0,44.4368679,8.8832442,32TMQ 90708 20403,0.0,0.0,89.0,3,15,--.--,--.--,,--.--,--.--,--.--,0,0,--.--,--.--,0,-0.8,-56.7,-70.0,0.1,5.0,0.0,-0.8,-56.7,-70.0,0.1,5.0,0.0,--.--,--.--,--.--,--.--,-0.0,-0.1,89.1,-0.1,1.0,0.0,0.00,--.--,--.--,0,0,0.0,0.0,0.0,0,0,0,--.--,--.--,--.--
2025-10-02 15:07:38.749,-0.1,-0.3,89,-0.1,0.4,0.0,5.0,0.0,0.000,0.0,70.0,-252.8,-281.8,70.003,0.000,0.000,0.000,940.4,00:03:55,51.7,10.4,11,--.--,0,89,--.--,0000:16:39,46,0,0,1,1,15.30,-1.00,0,--.--,60,--.--,--:--:--,1,-15.30,15:07:38,13:07:38,02/10/2025,--.--,--.--,--.--,--.--,--.--,--.--,--.--,--.--,--.--,--.--,--.--,--.--,0,--.--,--.--,--.--,--.--,--.--,--.--,--.--,--.--,--.--,--.--,--.--,--.--,--.--,--.--,--.--,--.--,0,2772.000,2820.000,2772.000,2820.000,7.930,8.050,7.930,8.050,15.300,15.300,15.300,15.300,true,true,true,true,true,true,false,false,true,true,false,false,0.00,0.00,0.00,0.00,0.00,0.00,0.08,0.08,9223372036854775808,0,--.--,--.--,--.--,--.--,--.--,0,0,0,0,44.4368686,8.8833063,32TMQ 90713 20403,0.0,0.0,89.2,3,15,--.--,--.--,,--.--,--.--,--.--,0,0,--.--,--.--,0,-0.8,-51.7,-70.0,0.1,5.0,-0.0,-0.8,-51.8,-70.0,0.1,5.0,-0.0,--.--,--.--,--.--,--.--,-0.1,-0.1,89.1,-0.1,1.0,0.0,0.00,--.--,--.--,0,0,0.0,0.0,0.0,0,0,0,--.--,--.--,--.--
2025-10-02 15:07:39.749,-0.1,-0.3,89,0.1,-0.3,0.1,5.0,0.0,0.000,0.0,70.0,-252.8,-281.8,70.001,0.000,0.000,0.000,944.6,00:03:56,46.7,9.4,11,--.--,0,89,--.--,0000:16:39,46,0,0,1,1,15.30,-1.00,0,--.--,60,--.--,--:--:--,1,-15.30,15:07:39,13:07:39,02/10/2025,--.--,--.--,--.--,--.--,--.--,--.--,--.--,--.--,--.--,--.--,--.--,--.--,0,--.--,--.--,--.--,--.--,--.--,--.--,--.--,--.--,--.--,--.--,--.--,--.--,--.--,--.--,--.--,--.--,0,2808.000,2790.000,2808.000,2784.000,8.020,7.975,8.020,7.960,15.300,15.300,15.300,15.300,true,true,true,true,true,true,false,false,true,true,false,false,0.00,0.00,0.01,0.00,0.00,0.00,0.08,0.08,9223372036854775808,0,--.--,--.--,--.--,--.--,--.--,0,0,0,0,44.4368692,8.8833698,32TMQ 90718 20403,0.0,0.0,89.3,3,15,--.--,--.--,,--.--,--.--,--.--,0,0,--.--,--.--,0,-0.7,-46.7,-70.0,0.1,5.0,-0.0,-0.7,-46.7,-70.0,0.1,5.0,-0.0,--.--,--.--,--.--,--.--,-0.1,-0.1,89.1,0.1,1.0,0.0,0.00,--.--,--.--,0,0,0.0,0.0,0.0,0,0,0,--.--,--.--,--.--
2025-10-02 15:07:40.749,-0.0,-0.3,89,0.1,-0.4,0.1,5.0,0.0,0.000,0.0,70.0,-252.8,-281.8,70.001,0.000,0.000,0.000,948.7,00:03:57,41.7,8.4,11,--.--,0,89,--.--,0000:16:39,46,0,0,1,1,15.30,-1.00,0,--.--,60,--.--,--:--:--,1,-15.30,15:07:40,13:07:40,02/10/2025,--.--,--.--,--.--,--.--,--.--,--.--,--.--,--.--,--.--,--.--,--.--,--.--,0,--.--,--.--,--.--,--.--,--.--,--.--,--.--,--.--,--.--,--.--,--.--,--.--,--.--,--.--,--.--,--.--,0,2796.000,2796.000,2796.000,2796.000,7.990,7.990,7.990,7.990,15.300,15.300,15.300,15.300,true,true,true,true,true,true,false,false,true,true,false,false,0.00,0.00,0.01,0.00,0.00,0.00,0.08,0.08,9223372036854775808,0,--.--,--.--,--.--,--.--,--.--,0,0,0,0,44.4368698,8.8834333,32TMQ 90723 20403,0.0,0.0,89.1,3,15,--.--,--.--,,--.--,--.--,--.--,0,0,--.--,--.--,0,-0.6,-41.7,-70.0,0.1,5.0,-0.0,-0.6,-41.7,-70.0,0.1,5.0,-0.0,--.--,--.--,--.--,--.--,-0.0,-0.2,89.1,0.1,0.9,0.0,0.00,--.--,--.--,0,0,0.0,0.0,0.0,0,0,0,--.--,--.--,--.--
2025-10-02 15:07:41.749,-0.0,-0.3,89,-0.1,-0.4,0.0,5.0,0.0,0.000,0.0,70.0,-252.8,-281.8,70.005,0.000,0.000,0.000,954.8,00:03:58,36.7,7.4,11,--.--,0,89,--.--,0000:16:39,46,0,0,1,1,15.30,-1.00,0,--.--,60,--.--,--:--:--,1,-15.30,15:07:41,13:07:41,02/10/2025,--.--,--.--,--.--,--.--,--.--,--.--,--.--,--.--,--.--,--.--,--.--,--.--,0,--.--,--.--,--.--,--.--,--.--,--.--,--.--,--.--,--.--,--.--,--.--,--.--,--.--,--.--,--.--,--.--,0,2796.000,2796.000,2796.000,2796.000,7.990,7.990,7.990,7.990,15.300,15.300,15.300,15.300,true,true,true,true,true,true,false,false,true,true,false,false,0.00,0.01,0.00,0.01,0.00,0.00,0.08,0.08,9223372036854775808,0,--.--,--.--,--.--,--.--,--.--,0,0,0,0,44.4368705,8.8834954,32TMQ 90728 20403,0.0,0.0,89.0,3,15,--.--,--.--,,--.--,--.--,--.--,0,0,--.--,--.--,0,-0.5,-36.7,-70.0,0.1,5.0,-0.0,-0.5,-36.7,-70.0,0.1,5.0,-0.0,--.--,--.--,--.--,--.--,-0.0,-0.2,89.1,-0.1,1.0,0.0,0.00,--.--,--.--,0,0,0.0,0.0,0.0,0,0,0,--.--,--.--,--.--
2025-10-02 15:07:42.749,-0.1,-0.3,89,-0.0,-0.3,0.0,5.0,0.0,0.000,-0.0,70.0,-252.8,-281.8,70.011,0.000,0.000,0.000,959.0,00:03:59,31.7,6.4,11,--.--,0,89,--.--,0000:16:39,46,0,0,1,1,15.30,-1.00,0,--.--,60,--.--,--:--:--,1,-15.30,15:07:42,13:07:42,02/10/2025,--.--,--.--,--.--,--.--,--.--,--.--,--.--,--.--,--.--,--.--,--.--,--.--,0,--.--,--.--,--.--,--.--,--.--,--.--,--.--,--.--,--.--,--.--,--.--,--.--,--.--,--.--,--.--,--.--,0,2808.000,2772.000,2808.000,2772.000,8.020,7.930,8.020,7.930,15.300,15.300,15.300,15.300,true,true,true,true,true,true,false,false,true,true,false,false,0.00,0.01,0.00,0.01,0.00,0.00,0.08,0.08,9223372036854775808,0,--.--,--.--,--.--,--.--,--.--,0,0,0,0,44.4368712,8.8835589,32TMQ 90733 20403,0.0,0.0,89.2,3,15,--.--,--.--,,--.--,--.--,--.--,0,0,--.--,--.--,0,-0.5,-31.7,-70.0,0.1,5.0,0.0,-0.5,-31.8,-70.0,0.1,4.9,0.0,--.--,--.--,--.--,--.--,-0.1,-0.1,89.1,-0.0,1.1,0.0,0.00,--.--,--.--,0,0,0.0,0.0,0.0,0,0,0,--.--,--.--,--.--
2025-10-02 15:07:43.738,-0.1,-0.3,89,0.1,-0.2,0.0,5.0,0.0,0.000,-0.0,70.0,-252.8,-279.8,70.013,0.000,0.000,0.000,965.1,00:04:00,26.7,5.4,11,--.--,0,89,--.--,0000:16:39,46,0,0,1,1,15.30,-1.00,0,--.--,60,--.--,--:--:--,1,-15.30,15:07:43,13:07:43,02/10/2025,--.--,--.--,--.--,--.--,--.--,--.--,--.--,--.--,--.--,--.--,--.--,--.--,0,--.--,--.--,--.--,--.--,--.--,--.--,--.--,--.--,--.--,--.--,--.--,--.--,--.--,--.--,--.--,--.--,0,2814.000,2772.000,2814.000,2772.000,8.035,7.930,8.035,7.930,15.300,15.300,15.300,15.300,true,true,true,true,true,true,false,false,true,true,false,false,0.00,0.01,0.00,0.00,0.00,0.00,0.08,0.08,9223372036854775808,0,--.--,--.--,--.--,--.--,--.--,0,0,0,0,44.4368718,8.8836211,32TMQ 90738 20403,0.0,0.0,89.2,3,15,--.--,--.--,,--.--,--.--,--.--,0,0,--.--,--.--,0,-0.4,-26.7,-70.0,0.1,5.0,0.0,-0.4,-26.8,-70.0,0.1,4.9,0.0,--.--,--.--,--.--,--.--,-0.1,0.3,89.1,0.1,1.0,-0.0,0.00,--.--,--.--,0,0,0.0,0.0,0.0,0,0,0,--.--,--.--,--.--
2025-10-02 15:07:44.749,-0.0,-0.3,89,0.1,0.6,0.0,5.0,0.0,0.000,-0.0,70.0,-252.8,-279.8,70.014,0.000,0.000,0.000,969.2,00:04:01,21.7,4.4,11,--.--,0,89,--.--,0000:16:39,46,0,0,1,1,15.30,-1.00,0,--.--,60,--.--,--:--:--,1,-15.30,15:07:44,13:07:44,02/10/2025,--.--,--.--,--.--,--.--,--.--,--.--,--.--,--.--,--.--,--.--,--.--,--.--,0,--.--,--.--,--.--,--.--,--.--,--.--,--.--,--.--,--.--,--.--,--.--,--.--,--.--,--.--,--.--,--.--,0,2808.000,2772.000,2808.000,2772.000,8.020,7.930,8.020,7.930,15.300,15.300,15.300,15.300,true,true,true,true,true,true,false,false,true,true,false,false,0.00,0.01,0.00,0.00,0.00,0.00,0.08,0.08,9223372036854775808,0,--.--,--.--,--.--,--.--,--.--,0,0,0,0,44.4368725,8.8836846,32TMQ 90743 20403,0.0,0.0,89.1,3,15,--.--,--.--,,--.--,--.--,--.--,0,0,--.--,--.--,0,-0.3,-21.7,-70.0,0.1,5.0,0.0,-0.3,-21.7,-70.0,0.1,5.0,0.0,--.--,--.--,--.--,--.--,-0.0,-0.1,89.1,0.1,-1.7,-0.0,0.00,--.--,--.--,0,0,0.0,0.0,0.0,0,0,0,--.--,--.--,--.--
2025-10-02 15:07:45.749,-0.0,-0.3,89,-0.1,0.4,0.0,5.0,0.0,0.000,-0.0,70.0,-252.8,-279.8,70.014,0.000,0.000,0.000,975.5,00:04:02,16.7,3.4,11,--.--,0,89,--.--,0000:16:39,46,0,0,1,1,15.30,-1.00,0,--.--,60,--.--,--:--:--,1,-15.30,15:07:45,13:07:45,02/10/2025,--.--,--.--,--.--,--.--,--.--,--.--,--.--,--.--,--.--,--.--,--.--,--.--,0,--.--,--.--,--.--,--.--,--.--,--.--,--.--,--.--,--.--,--.--,--.--,--.--,--.--,--.--,--.--,--.--,0,2808.000,2778.000,2808.000,2778.000,8.020,7.945,8.020,7.945,15.300,15.300,15.300,15.300,true,true,true,true,true,true,false,false,true,true,false,false,0.00,0.00,0.00,0.01,0.00,0.00,0.08,0.08,9223372036854775808,0,--.--,--.--,--.--,--.--,--.--,0,0,0,0,44.4368732,8.8837481,32TMQ 90748 20403,0.0,0.0,89.1,3,15,--.--,--.--,,--.--,--.--,--.--,0,0,--.--,--.--,0,-0.2,-16.7,-70.0,0.1,5.0,0.0,-0.2,-16.7,-70.0,0.1,5.0,0.0,--.--,--.--,--.--,--.--,-0.1,-0.2,89.1,-0.1,-2.0,0.0,0.00,--.--,--.--,0,0,0.0,0.0,0.0,0,0,0,--.--,--.--,--.--
2025-10-02 15:07:46.749,-0.1,-0.3,89,-0.1,0.6,0.0,5.0,0.0,0.000,-0.0,70.0,-252.8,-279.8,70.009,0.000,0.000,0.000,979.5,00:04:03,11.8,2.4,11,--.--,0,89,--.--,0000:16:39,46,0,0,1,1,15.30,-1.00,0,--.--,60,--.--,--:--:--,1,-15.30,15:07:46,13:07:46,02/10/2025,--.--,--.--,--.--,--.--,--.--,--.--,--.--,--.--,--.--,--.--,--.--,--.--,0,--.--,--.--,--.--,--.--,--.--,--.--,--.--,--.--,--.--,--.--,--.--,--.--,--.--,--.--,--.--,--.--,0,2802.000,2784.000,2802.000,2784.000,8.005,7.960,8.005,7.960,15.300,15.300,15.300,15.300,true,true,true,true,true,true,false,false,true,true,false,false,0.00,0.00,0.00,0.01,0.00,0.00,0.08,0.08,9223372036854775808,0,--.--,--.--,--.--,--.--,--.--,0,0,0,0,44.4368739,8.8838102,32TMQ 90753 20403,0.0,0.0,89.2,3,15,--.--,--.--,,--.--,--.--,--.--,0,0,--.--,--.--,0,-0.2,-11.7,-70.0,0.1,5.0,0.0,-0.2,-11.8,-70.0,0.1,5.0,-0.0,--.--,--.--,--.--,--.--,-0.1,-0.2,89.1,-0.0,1.1,0.0,0.00,--.--,--.--,0,0,0.0,0.0,0.0,0,0,0,--.--,--.--,--.--
2025-10-02 15:07:47.738,-0.1,10.4,89,0.1,2.6,0.1,4.2,0.0,0.000,0.0,70.0,-252.8,-279.8,70.008,0.000,0.000,0.000,983.6,00:04:04,7.0,1.8,11,--.--,0,89,--.--,0000:16:39,47,0,0,1,1,15.30,-1.00,0,--.--,60,--.--,--:--:--,1,-15.30,15:07:47,13:07:47,02/10/2025,--.--,--.--,--.--,--.--,--.--,--.--,--.--,--.--,--.--,--.--,--.--,--.--,0,--.--,--.--,--.--,--.--,--.--,--.--,--.--,--.--,--.--,--.--,--.--,--.--,--.--,--.--,--.--,--.--,0,2832.000,2772.000,2832.000,2772.000,8.080,7.930,8.080,7.930,15.300,15.300,15.300,15.300,true,true,true,true,true,true,false,false,true,true,false,false,0.00,0.00,0.00,0.01,0.00,0.00,0.08,0.08,9223372036854775808,0,--.--,--.--,--.--,--.--,--.--,0,0,0,0,44.4368745,8.8838736,32TMQ 90758 20403,0.0,0.0,89.2,3,15,--.--,--.--,,--.--,--.--,--.--,0,0,--.--,--.--,0,-0.1,-7.0,-70.0,0.1,4.0,-0.0,-0.1,-7.2,-70.0,0.1,3.6,-0.0,--.--,--.--,--.--,--.--,-0.1,10.7,89.1,0.2,2.6,0.1,0.00,--.--,--.--,0,0,0.0,0.0,0.0,0,0,0,--.--,--.--,--.--
2025-10-02 15:07:48.749,0.2,9.6,89,0.4,-4.4,-0.2,2.5,0.0,0.000,-0.0,70.0,-252.8,-277.8,70.002,0.000,0.000,0.000,987.6,00:04:05,3.7,1.6,11,--.--,0,89,--.--,0000:16:39,47,0,0,1,1,15.30,-1.00,0,--.--,60,--.--,--:--:--,1,-15.30,15:07:48,13:07:48,02/10/2025,--.--,--.--,--.--,--.--,--.--,--.--,--.--,--.--,--.--,--.--,--.--,--.--,0,--.--,--.--,--.--,--.--,--.--,--.--,--.--,--.--,--.--,--.--,--.--,--.--,--.--,--.--,--.--,--.--,0,2826.000,2850.000,2832.000,2850.000,8.065,8.125,8.080,8.125,15.300,15.300,15.300,15.300,true,true,true,true,true,true,false,false,true,true,false,false,0.00,0.00,0.00,0.01,0.00,0.00,0.08,0.08,9223372036854775808,0,--.--,--.--,--.--,--.--,--.--,0,0,0,0,44.4368751,8.8839334,32TMQ 90763 20404,0.0,0.0,88.8,3,15,--.--,--.--,,--.--,--.--,--.--,0,0,--.--,--.--,0,-0.0,-3.7,-70.0,0.0,2.3,0.0,-0.1,-4.1,-70.0,0.0,2.1,-0.0,--.--,--.--,--.--,--.--,0.2,9.2,89.1,0.3,-3.0,-0.3,0.00,--.--,--.--,0,0,0.0,0.0,0.0,0,0,0,--.--,--.--,--.--
2025-10-02 15:07:49.749,0.1,4.6,89,-0.1,-5.9,-0.1,1.2,0.0,0.000,0.0,70.0,-252.8,-277.8,69.994,0.000,0.000,0.000,989.6,00:04:06,2.1,1.8,11,--.--,0,90,--.--,0000:16:39,47,0,0,1,1,15.30,-1.00,0,--.--,61,--.--,--:--:--,1,-15.30,15:07:49,13:07:49,02/10/2025,--.--,--.--,--.--,--.--,--.--,--.--,--.--,--.--,--.--,--.--,--.--,--.--,0,--.--,--.--,--.--,--.--,--.--,--.--,--.--,--.--,--.--,--.--,--.--,--.--,--.--,--.--,--.--,--.--,0,2832.000,2844.000,2832.000,2844.000,8.080,8.110,8.080,8.110,15.300,15.300,15.300,15.300,true,true,true,true,true,true,false,false,true,true,false,false,0.01,0.01,0.00,0.08,0.00,0.00,0.08,0.08,9223372036854775808,0,--.--,--.--,--.--,--.--,--.--,0,0,0,0,44.4368759,8.8839721,32TMQ 90766 20404,0.0,0.0,88.3,3,15,--.--,--.--,,--.--,--.--,--.--,0,0,--.--,--.--,0,0.0,-2.1,-70.0,-0.0,1.2,-0.0,-0.0,-2.2,-70.0,-0.0,1.3,-0.0,--.--,--.--,--.--,--.--,0.1,4.0,89.1,-0.0,-4.4,0.1,0.00,--.--,--.--,0,0,0.0,0.0,0.0,0,0,0,--.--,--.--,--.--
2025-10-02 15:07:50.737,-2.1,5.8,57,2.6,1.4,-69.9,0.4,0.0,0.000,-0.9,70.0,-252.8,-277.8,69.797,0.000,0.000,0.000,989.6,00:04:07,1.4,3.3,11,--.--,0,91,--.--,0000:16:39,31,0,0,1,1,15.30,-1.00,0,--.--,61,--.--,--:--:--,1,-15.30,15:07:50,13:07:50,02/10/2025,--.--,--.--,--.--,--.--,--.--,--.--,--.--,--.--,--.--,--.--,--.--,--.--,0,--.--,--.--,--.--,--.--,--.--,--.--,--.--,--.--,--.--,--.--,--.--,--.--,--.--,--.--,--.--,--.--,0,2460.000,2430.000,3126.000,3174.000,7.150,7.075,8.815,8.935,15.300,15.300,15.300,15.300,true,true,true,true,true,true,false,false,true,true,false,false,0.01,0.01,0.00,0.08,0.00,0.00,0.08,0.08,9223372036854775808,0,--.--,--.--,--.--,--.--,--.--,0,0,0,0,44.4368761,8.8839913,32TMQ 90767 20404,0.0,0.0,90.4,3,15,--.--,--.--,,--.--,--.--,--.--,0,0,--.--,--.--,0,0.0,-1.4,-69.7,0.0,0.4,1.0,-0.0,-1.3,-69.6,-0.0,0.4,1.3,--.--,--.--,--.--,--.--,-3.9,5.2,48.6,-2.6,0.7,-66.6,0.00,--.--,--.--,0,0,0.0,0.0,0.0,0,0,0,--.--,--.--,--.--
2025-10-02 15:07:51.749,0.3,-0.2,356,-1.2,-1.1,-40.8,0.1,0.0,0.000,-1.6,69.6,-253.3,-277.8,68.504,0.000,0.000,0.000,989.6,00:04:08,1.4,12.9,11,--.--,0,89,--.--,0000:16:39,42,0,0,1,1,15.30,-1.00,0,--.--,58,--.--,--:--:--,1,-15.30,15:07:51,13:07:51,02/10/2025,--.--,--.--,--.--,--.--,--.--,--.--,--.--,--.--,--.--,--.--,--.--,--.--,0,--.--,--.--,--.--,--.--,--.--,--.--,--.--,--.--,--.--,--.--,--.--,--.--,--.--,--.--,--.--,--.--,0,2166.000,2274.000,2034.000,2046.000,6.415,6.685,6.085,6.115,15.300,15.300,15.300,15.300,true,true,true,true,true,true,false,false,true,true,false,false,0.07,0.00,0.01,0.03,0.00,0.00,0.08,0.08,9223372036854775808,0,--.--,--.--,--.--,--.--,--.--,0,0,0,0,44.4368761,8.8839990,32TMQ 90768 20404,0.0,0.0,90.8,3,15,--.--,--.--,,--.--,--.--,--.--,0,0,--.--,--.--,0,-0.0,-1.4,-68.4,-0.0,0.1,1.6,-0.0,-1.3,-68.2,0.0,0.1,1.6,--.--,--.--,--.--,--.--,-0.1,-0.3,3.7,-2.9,-1.4,-26.3,0.00,--.--,--.--,0,0,0.0,0.0,0.0,0,0,0,--.--,--.--,--.--
2025-10-02 15:07:52.740,-1.5,-0.6,355,-3.6,-0.7,28.9,0.1,0.0,0.000,-1.5,68.1,-254.7,-279.7,66.850,0.000,0.000,0.000,989.6,00:04:09,1.3,9.5,11,--.--,0,84,--.--,0000:16:39,46,0,0,1,1,15.30,-1.00,0,--.--,58,--.--,--:--:--,1,-15.30,15:07:52,13:07:52,02/10/2025,--.--,--.--,--.--,--.--,--.--,--.--,--.--,--.--,--.--,--.--,--.--,--.--,0,--.--,--.--,--.--,--.--,--.--,--.--,--.--,--.--,--.--,--.--,--.--,--.--,--.--,--.--,--.--,--.--,0,3336.000,3354.000,1956.000,1932.000,9.340,9.385,5.890,5.830,15.300,15.300,15.300,15.300,true,true,true,true,true,true,false,false,true,true,false,false,0.07,0.00,0.01,0.03,0.00,0.00,0.08,0.08,9223372036854775808,0,--.--,--.--,--.--,--.--,--.--,0,0,0,0,44.4368752,8.8839994,32TMQ 90768 20404,0.0,0.0,157.4,3,15,--.--,--.--,,--.--,--.--,--.--,0,0,--.--,--.--,0,-0.1,-1.3,-66.7,0.0,0.1,1.5,-0.0,-1.2,-66.8,0.1,0.1,1.4,--.--,--.--,--.--,--.--,-0.8,-0.7,1.5,4.6,-0.8,15.9,0.00,--.--,--.--,0,0,0.0,0.0,0.0,0,0,0,--.--,--.--,--.--
2025-10-02 15:07:53.739,-0.9,-0.1,7,1.7,0.8,-8.0,0.1,0.0,0.000,-1.4,66.4,-256.4,-281.4,65.330,0.000,0.000,0.000,989.6,00:04:10,1.1,9.6,11,--.--,0,83,--.--,0000:16:39,45,0,0,1,1,15.30,-1.00,0,--.--,60,--.--,--:--:--,1,-15.30,15:07:53,13:07:53,02/10/2025,--.--,--.--,--.--,--.--,--.--,--.--,--.--,--.--,--.--,--.--,--.--,--.--,0,--.--,--.--,--.--,--.--,--.--,--.--,--.--,--.--,--.--,--.--,--.--,--.--,--.--,--.--,--.--,--.--,0,2514.000,2514.000,3030.000,3024.000,7.285,7.285,8.575,8.560,15.300,15.300,15.300,15.300,true,true,true,true,true,true,false,false,true,true,false,false,0.07,0.01,0.02,0.07,0.00,0.00,0.08,0.08,9223372036854775808,0,--.--,--.--,--.--,--.--,--.--,0,0,0,0,44.4368743,8.8840017,32TMQ 90768 20403,0.0,0.0,98.9,3,15,--.--,--.--,,--.--,--.--,--.--,0,0,--.--,--.--,0,-0.1,-1.1,-65.2,0.1,-0.0,1.4,-0.0,-1.2,-65.3,0.1,-0.1,1.4,--.--,--.--,--.--,--.--,-0.7,-0.0,1.5,2.0,0.7,-16.0,0.00,--.--,--.--,0,0,0.0,0.0,0.0,0,0,0,--.--,--.--,--.--
2025-10-02 15:07:54.749,-0.5,0.6,0,-0.4,0.7,-0.9,0.1,0.0,0.000,-1.4,65.0,-257.9,-282.9,63.903,0.000,0.000,0.000,989.6,00:04:11,1.1,9.2,11,--.--,0,88,--.--,0000:16:39,44,0,0,1,1,15.30,-1.00,0,--.--,60,--.--,--:--:--,1,-15.30,15:07:54,13:07:54,02/10/2025,--.--,--.--,--.--,--.--,--.--,--.--,--.--,--.--,--.--,--.--,--.--,--.--,0,--.--,--.--,--.--,--.--,--.--,--.--,--.--,--.--,--.--,--.--,--.--,--.--,--.--,--.--,--.--,--.--,0,2646.000,2640.000,2730.000,2736.000,7.615,7.600,7.825,7.840,15.300,15.300,15.300,15.300,true,true,true,true,true,true,false,false,true,true,false,false,0.07,0.01,0.02,0.07,0.00,0.00,0.08,0.08,9223372036854775808,0,--.--,--.--,--.--,--.--,--.--,0,0,0,0,44.4368746,8.8840036,32TMQ 90768 20403,0.0,0.0,27.8,3,15,--.--,--.--,,--.--,--.--,--.--,0,0,--.--,--.--,0,-0.0,-1.1,-63.8,0.1,-0.0,1.4,-0.0,-1.2,-63.8,0.0,-0.1,1.5,--.--,--.--,--.--,--.--,-0.8,0.7,1.5,-1.6,0.5,4.1,0.00,--.--,--.--,0,0,0.0,0.0,0.0,0,0,0,--.--,--.--,--.--
2025-10-02 15:07:55.738,-0.3,0.8,2,0.8,-0.4,1.5,0.1,0.0,0.000,-1.5,63.5,-259.3,-284.3,62.455,0.000,0.000,0.000,989.6,00:04:12,1.1,13.9,11,--.--,0,91,--.--,0000:16:39,43,0,0,1,1,15.30,-1.00,0,--.--,60,--.--,--:--:--,1,-15.30,15:07:55,13:07:55,02/10/2025,--.--,--.--,--.--,--.--,--.--,--.--,--.--,--.--,--.--,--.--,--.--,--.--,0,--.--,--.--,--.--,--.--,--.--,--.--,--.--,--.--,--.--,--.--,--.--,--.--,--.--,--.--,--.--,--.--,0,2724.000,2730.000,2562.000,2568.000,7.810,7.825,7.405,7.420,15.300,15.300,15.300,15.300,true,true,true,true,true,true,false,false,true,true,false,false,0.02,0.01,0.01,0.04,0.00,0.00,0.08,0.08,9223372036854775808,0,--.--,--.--,--.--,--.--,--.--,0,0,0,0,44.4368756,8.8840038,32TMQ 90768 20404,0.0,0.0,359.3,3,15,--.--,--.--,,--.--,--.--,--.--,0,0,--.--,--.--,0,0.0,-1.1,-62.3,0.0,-0.1,1.5,-0.0,-1.1,-62.3,-0.0,-0.0,1.5,--.--,--.--,--.--,--.--,-0.0,0.7,1.5,1.6,-0.3,-2.1,0.00,--.--,--.--,0,0,0.0,0.0,0.0,0,0,0,--.--,--.--,--.--
2025-10-02 15:07:56.749,0.3,0.4,1,0.1,-0.4,-1.1,0.0,0.0,0.000,-1.5,62.1,-260.7,-285.7,60.967,0.000,0.000,0.000,989.6,00:04:13,1.1,31.5,11,--.--,0,91,--.--,0000:16:39,44,0,0,1,1,15.30,-1.00,0,--.--,60,--.--,--:--:--,1,-15.30,15:07:56,13:07:56,02/10/2025,--.--,--.--,--.--,--.--,--.--,--.--,--.--,--.--,--.--,--.--,--.--,--.--,0,--.--,--.--,--.--,--.--,--.--,--.--,--.--,--.--,--.--,--.--,--.--,--.--,--.--,--.--,--.--,--.--,0,2592.000,2586.000,2676.000,2676.000,7.480,7.465,7.690,7.690,15.300,15.300,15.300,15.300,true,true,true,true,true,true,false,false,true,true,false,false,0.02,0.01,0.01,0.04,0.00,0.00,0.08,0.08,9223372036854775808,0,--.--,--.--,--.--,--.--,--.--,0,0,0,0,44.4368762,8.8840035,32TMQ 90768 20404,0.0,0.0,290.4,3,15,--.--,--.--,,--.--,--.--,--.--,0,0,--.--,--.--,0,0.0,-1.1,-60.8,-0.0,-0.0,1.5,-0.0,-1.1,-60.8,-0.0,0.0,1.5,--.--,--.--,--.--,--.--,0.3,0.3,1.5,-0.3,-0.3,-0.8,0.00,--.--,--.--,0,0,0.0,0.0,0.0,0,0,0,--.--,--.--,--.--
2025-10-02 15:07:57.749,0.2,0.2,1,-0.2,-0.1,0.3,0.0,0.0,0.000,-1.5,60.6,-262.2,-287.2,59.471,0.000,0.000,0.000,989.6,00:04:14,1.1,32.4,11,--.--,0,89,--.--,0000:16:39,44,0,0,1,1,15.30,-1.00,0,--.--,60,--.--,--:--:--,1,-15.30,15:07:57,13:07:57,02/10/2025,--.--,--.--,--.--,--.--,--.--,--.--,--.--,--.--,--.--,--.--,--.--,--.--,0,--.--,--.--,--.--,--.--,--.--,--.--,--.--,--.--,--.--,--.--,--.--,--.--,--.--,--.--,--.--,--.--,0,2664.000,2664.000,2634.000,2634.000,7.660,7.660,7.585,7.585,15.300,15.300,15.300,15.300,true,true,true,true,true,true,false,false,true,true,false,false,0.01,0.00,0.01,0.01,0.00,0.00,0.08,0.08,9223372036854775808,0,--.--,--.--,--.--,--.--,--.--,0,0,0,0,44.4368761,8.8840028,32TMQ 90768 20404,0.0,0.0,219.9,3,15,--.--,--.--,,--.--,--.--,--.--,0,0,--.--,--.--,0,-0.0,-1.1,-59.3,-0.0,0.0,1.5,-0.0,-1.1,-59.4,-0.0,0.1,1.5,--.--,--.--,--.--,--.--,0.1,0.1,1.5,-0.2,-0.1,0.1,0.00,--.--,--.--,0,0,0.0,0.0,0.0,0,0,0,--.--,--.--,--.--
2025-10-02 15:07:58.749,-0.1,0.2,1,-0.1,0.2,-0.0,0.1,0.0,0.000,-1.5,59.1,-263.7,-288.7,57.979,0.000,0.000,0.000,989.6,00:04:15,1.1,20.4,11,--.--,0,89,--.--,0000:16:39,44,0,0,1,1,15.30,-1.00,0,--.--,60,--.--,--:--:--,1,-15.30,15:07:58,13:07:58,02/10/2025,--.--,--.--,--.--,--.--,--.--,--.--,--.--,--.--,--.--,--.--,--.--,--.--,0,--.--,--.--,--.--,--.--,--.--,--.--,--.--,--.--,--.--,--.--,--.--,--.--,--.--,--.--,--.--,--.--,0,2670.000,2670.000,2670.000,2670.000,7.675,7.675,7.675,7.675,15.300,15.300,15.300,15.300,true,true,true,true,true,true,false,false,true,true,false,false,0.01,0.00,0.01,0.01,0.00,0.00,0.08,0.08,9223372036854775808,0,--.--,--.--,--.--,--.--,--.--,0,0,0,0,44.4368758,8.8840029,32TMQ 90768 20404,0.0,0.0,123.8,3,15,--.--,--.--,,--.--,--.--,--.--,0,0,--.--,--.--,0,-0.0,-1.1,-57.8,0.0,0.1,1.5,-0.0,-1.0,-57.9,0.0,0.1,1.5,--.--,--.--,--.--,--.--,-0.1,0.3,1.5,-0.1,0.1,-0.5,0.00,--.--,--.--,0,0,0.0,0.0,0.0,0,0,0,--.--,--.--,--.--
2025-10-02 15:07:59.738,-0.1,0.4,1,0.1,0.1,-0.1,0.0,0.0,0.000,-1.5,57.6,-265.2,-290.2,56.509,0.000,0.000,0.000,989.6,00:04:16,1.0,21.9,11,--.--,0,89,--.--,0000:16:39,44,0,0,1,1,15.30,-1.00,0,--.--,60,--.--,--:--:--,1,-15.30,15:07:59,13:07:59,02/10/2025,--.--,--.--,--.--,--.--,--.--,--.--,--.--,--.--,--.--,--.--,--.--,--.--,0,--.--,--.--,--.--,--.--,--.--,--.--,--.--,--.--,--.--,--.--,--.--,--.--,--.--,--.--,--.--,--.--,0,2658.000,2664.000,2664.000,2664.000,7.645,7.660,7.660,7.660,15.300,15.300,15.300,15.300,true,true,true,true,true,true,false,false,true,true,false,false,0.01,0.00,0.00,0.00,0.00,0.00,0.08,0.08,9223372036854775808,0,--.--,--.--,--.--,--.--,--.--,0,0,0,0,44.4368757,8.8840035,32TMQ 90768 20404,0.0,0.0,81.4,3,15,--.--,--.--,,--.--,--.--,--.--,0,0,--.--,--.--,0,-0.0,-1.0,-56.4,0.0,0.0,1.5,-0.0,-1.0,-56.4,-0.0,0.0,1.5,--.--,--.--,--.--,--.--,-0.1,0.4,1.5,0.0,0.1,-0.0,0.00,--.--,--.--,0,0,0.0,0.0,0.0,0,0,0,--.--,--.--,--.--
2025-10-02 15:08:00.748,0.0,0.4,1,0.1,0.1,0.0,0.0,0.0,0.000,-1.5,56.1,-266.7,-291.7,55.029,0.000,0.000,0.000,989.6,00:04:18,1.0,29.0,11,--.--,0,90,--.--,0000:16:39,44,0,0,1,1,15.30,-1.00,0,--.--,60,--.--,--:--:--,1,-15.30,15:08:00,13:08:00,02/10/2025,--.--,--.--,--.--,--.--,--.--,--.--,--.--,--.--,--.--,--.--,--.--,--.--,0,--.--,--.--,--.--,--.--,--.--,--.--,--.--,--.--,--.--,--.--,--.--,--.--,--.--,--.--,--.--,--.--,0,2658.000,2658.000,2652.000,2652.000,7.645,7.645,7.630,7.630,15.300,15.300,15.300,15.300,true,true,true,true,true,true,false,false,true,true,false,false,0.01,0.00,0.00,0.00,0.00,0.00,0.08,0.08,9223372036854775808,0,--.--,--.--,--.--,--.--,--.--,0,0,0,0,44.4368759,8.8840041,32TMQ 90768 20404,0.0,0.0,60.8,3,15,--.--,--.--,,--.--,--.--,--.--,0,0,--.--,--.--,0,0.0,-1.0,-54.9,0.0,0.0,1.5,-0.0,-1.0,-54.9,-0.0,0.0,1.5,--.--,--.--,--.--,--.--,0.0,0.4,1.5,0.1,0.1,-0.0,0.00,--.--,--.--,0,0,0.0,0.0,0.0,0,0,0,--.--,--.--,--.--
2025-10-02 15:08:01.739,0.1,0.4,1,0.1,-0.1,0.0,0.0,0.0,0.000,-1.5,54.7,-268.2,-293.2,53.541,0.000,0.000,0.000,989.6,00:04:18,1.0,24.9,11,--.--,0,--.--,--.--,0000:16:39,44,0,0,1,1,15.30,-1.00,0,--.--,60,--.--,--:--:--,1,-15.30,15:08:01,13:08:01,02/10/2025,--.--,--.--,--.--,--.--,--.--,--.--,--.--,--.--,--.--,--.--,--.--,--.--,0,--.--,--.--,--.--,--.--,--.--,--.--,--.--,--.--,--.--,--.--,--.--,--.--,--.--,--.--,--.--,--.--,0,2658.000,2658.000,2658.000,2658.000,7.645,7.645,7.645,7.645,15.300,15.300,15.300,15.300,true,true,true,true,true,true,false,false,true,true,false,false,0.01,0.00,0.00,0.03,0.00,0.00,0.08,0.08,9223372036854775808,0,--.--,--.--,--.--,--.--,--.--,0,0,0,0,44.4368760,8.8840044,32TMQ 90768 20404,0.0,0.0,69.5,3,15,--.--,--.--,,--.--,--.--,--.--,0,0,--.--,--.--,0,0.0,-1.0,-53.4,-0.0,0.0,1.5,-0.0,-1.0,-53.4,-0.0,0.1,1.5,--.--,--.--,--.--,--.--,0.1,0.4,1.5,0.1,0.0,-0.1,0.00,--.--,--.--,0,0,0.0,0.0,0.0,0,0,0,--.--,--.--,--.--
2025-10-02 15:08:02.737,-0.0,0.3,1,-0.1,-0.1,0.0,0.0,0.0,0.000,-1.5,53.2,-269.7,-294.7,52.059,0.000,0.000,0.000,989.6,00:04:19,0.9,19.3,11,--.--,0,--.--,--.--,0000:16:39,44,0,0,1,1,15.30,-1.00,0,--.--,60,--.--,--:--:--,1,-15.30,15:08:02,13:08:02,02/10/2025,--.--,--.--,--.--,--.--,--.--,--.--,--.--,--.--,--.--,--.--,--.--,--.--,0,--.--,--.--,--.--,--.--,--.--,--.--,--.--,--.--,--.--,--.--,--.--,--.--,--.--,--.--,--.--,--.--,0,2664.000,2664.000,2664.000,2664.000,7.660,7.660,7.660,7.660,15.300,15.300,15.300,15.300,true,true,true,true,true,true,false,false,true,true,false,false,0.01,0.00,0.00,0.03,0.00,0.00,0.08,0.08,9223372036854775808,0,--.--,--.--,--.--,--.--,--.--,0,0,0,0,44.4368760,8.8840047,32TMQ 90768 20404,0.0,0.0,107.0,3,15,--.--,--.--,,--.--,--.--,--.--,0,0,--.--,--.--,0,0.0,-0.9,-51.9,-0.0,0.0,1.5,-0.0,-0.9,-52.0,-0.0,0.1,1.5,--.--,--.--,--.--,--.--,-0.0,0.3,1.5,-0.1,-0.1,-0.0,0.00,--.--,--.--,0,0,0.0,0.0,0.0,0,0,0,--.--,--.--,--.--
2025-10-02 15:08:03.749,-0.1,0.3,1,-0.0,-0.1,0.0,0.0,0.0,0.000,-1.5,51.7,-271.1,-296.1,50.581,0.000,0.000,0.000,989.6,00:04:20,0.9,20.2,11,--.--,0,--.--,--.--,0000:16:39,44,0,0,1,1,15.30,-1.00,0,--.--,60,--.--,--:--:--,1,-15.30,15:08:03,13:08:03,02/10/2025,--.--,--.--,--.--,--.--,--.--,--.--,--.--,--.--,--.--,--.--,--.--,--.--,0,--.--,--.--,--.--,--.--,--.--,--.--,--.--,--.--,--.--,--.--,--.--,--.--,--.--,--.--,--.--,--.--,0,2658.000,2664.000,2658.000,2658.000,7.645,7.660,7.645,7.645,15.300,15.300,15.300,15.300,true,true,true,true,true,true,false,false,true,true,false,false,0.00,0.00,0.01,0.01,0.00,0.00,0.08,0.08,9223372036854775808,0,--.--,--.--,--.--,--.--,--.--,0,0,0,0,44.4368759,8.8840053,32TMQ 90768 20404,0.0,0.0,109.2,3,15,--.--,--.--,,--.--,--.--,--.--,0,0,--.--,--.--,0,-0.0,-0.9,-50.4,-0.0,0.0,1.5,-0.0,-0.9,-50.5,-0.0,0.0,1.5,--.--,--.--,--.--,--.--,-0.1,0.3,1.5,0.0,-0.0,0.0,0.00,--.--,--.--,0,0,0.0,0.0,0.0,0,0,0,--.--,--.--,--.--
2025-10-02 15:08:04.749,-0.1,0.3,1,0.1,0.0,0.0,0.0,0.0,0.000,-1.5,50.2,-272.6,-297.6,49.095,0.000,0.000,0.000,989.6,00:04:21,0.9,24.1,11,--.--,0,--.--,--.--,0000:16:39,43,0,0,1,1,15.30,-1.00,0,--.--,60,--.--,--:--:--,1,-15.30,15:08:04,13:08:04,02/10/2025,--.--,--.--,--.--,--.--,--.--,--.--,--.--,--.--,--.--,--.--,--.--,--.--,0,--.--,--.--,--.--,--.--,--.--,--.--,--.--,--.--,--.--,--.--,--.--,--.--,--.--,--.--,--.--,--.--,0,2652.000,2652.000,2652.000,2652.000,7.630,7.630,7.630,7.630,15.300,15.300,15.300,15.300,true,true,true,true,true,true,false,false,true,true,false,false,0.00,0.00,0.01,0.01,0.00,0.00,0.08,0.08,9223372036854775808,0,--.--,--.--,--.--,--.--,--.--,0,0,0,0,44.4368758,8.8840058,32TMQ 90768 20404,0.0,0.0,98.5,3,15,--.--,--.--,,--.--,--.--,--.--,0,0,--.--,--.--,0,-0.0,-0.9,-49.0,0.0,0.0,1.5,-0.0,-0.9,-49.0,-0.0,0.0,1.5,--.--,--.--,--.--,--.--,-0.0,0.3,1.5,0.1,0.0,0.0,0.00,--.--,--.--,0,0,0.0,0.0,0.0,0,0,0,--.--,--.--,--.--
2025-10-02 15:08:05.749,0.0,0.3,1,0.0,0.2,0.0,0.0,0.0,0.000,-1.5,48.7,-274.1,-299.1,47.602,0.000,0.000,0.000,989.6,00:04:22,0.8,24.4,11,--.--,0,--.--,--.--,0000:16:39,44,0,0,1,1,15.30,-1.00,0,--.--,60,--.--,--:--:--,1,-15.30,15:08:05,13:08:05,02/10/2025,--.--,--.--,--.--,--.--,--.--,--.--,--.--,--.--,--.--,--.--,--.--,--.--,0,--.--,--.--,--.--,--.--,--.--,--.--,--.--,--.--,--.--,--.--,--.--,--.--,--.--,--.--,--.--,--.--,0,2640.000,2640.000,2640.000,2634.000,7.600,7.600,7.600,7.585,15.300,15.300,15.300,15.300,true,true,true,true,true,true,false,false,true,true,false,false,0.01,0.00,0.00,0.01,0.00,0.00,0.08,0.08,9223372036854775808,0,--.--,--.--,--.--,--.--,--.--,0,0,0,0,44.4368758,8.8840063,32TMQ 90768 20404,0.0,0.0,73.5,3,15,--.--,--.--,,--.--,--.--,--.--,0,0,--.--,--.--,0,-0.0,-0.8,-47.5,0.0,0.0,1.5,-0.0,-0.8,-47.5,-0.0,0.0,1.5,--.--,--.--,--.--,--.--,0.0,0.4,1.5,0.1,0.1,0.0,0.00,--.--,--.--,0,0,0.0,0.0,0.0,0,0,0,--.--,--.--,--.--
2025-10-02 15:08:06.749,-0.0,0.4,1,-0.1,0.1,0.0,0.0,0.0,0.000,-1.5,47.2,-275.6,-300.6,46.108,0.000,0.000,0.000,989.6,00:04:23,0.8,19.6,11,--.--,0,--.--,--.--,0000:16:39,44,0,0,1,1,15.30,-1.00,0,--.--,60,--.--,--:--:--,1,-15.30,15:08:06,13:08:06,02/10/2025,--.--,--.--,--.--,--.--,--.--,--.--,--.--,--.--,--.--,--.--,--.--,--.--,0,--.--,--.--,--.--,--.--,--.--,--.--,--.--,--.--,--.--,--.--,--.--,--.--,--.--,--.--,--.--,--.--,0,2640.000,2640.000,2640.000,2640.000,7.600,7.600,7.600,7.600,15.300,15.300,15.300,15.300,true,true,true,true,true,true,false,false,true,true,false,false,0.01,0.00,0.00,0.01,0.00,0.00,0.08,0.08,9223372036854775808,0,--.--,--.--,--.--,--.--,--.--,0,0,0,0,44.4368759,8.8840066,32TMQ 90768 20404,0.0,0.0,64.9,3,15,--.--,--.--,,--.--,--.--,--.--,0,0,--.--,--.--,0,0.0,-0.8,-46.0,0.0,0.0,1.5,-0.0,-0.8,-46.0,-0.0,0.0,1.5,--.--,--.--,--.--,--.--,-0.0,0.4,1.5,-0.1,0.0,0.0,0.00,--.--,--.--,0,0,0.0,0.0,0.0,0,0,0,--.--,--.--,--.--
2025-10-02 15:08:07.749,-0.1,0.4,1,-0.0,0.0,0.0,0.0,0.0,0.000,-1.5,45.7,-277.1,-302.1,44.602,0.000,0.000,0.000,989.6,00:04:24,0.8,18.7,11,--.--,0,--.--,--.--,0000:16:39,44,0,0,1,1,15.30,-1.00,0,--.--,60,--.--,--:--:--,1,-15.30,15:08:07,13:08:07,02/10/2025,--.--,--.--,--.--,--.--,--.--,--.--,--.--,--.--,--.--,--.--,--.--,--.--,0,--.--,--.--,--.--,--.--,--.--,--.--,--.--,--.--,--.--,--.--,--.--,--.--,--.--,--.--,--.--,--.--,0,2658.000,2658.000,2658.000,2658.000,7.645,7.645,7.645,7.645,15.300,15.300,15.300,15.300,true,true,true,true,true,true,false,false,true,true,false,false,0.00,0.00,0.00,0.00,0.00,0.00,0.08,0.08,9223372036854775808,0,--.--,--.--,--.--,--.--,--.--,0,0,0,0,44.4368760,8.8840071,32TMQ 90768 20404,0.0,0.0,83.0,3,15,--.--,--.--,,--.--,--.--,--.--,0,0,--.--,--.--,0,0.0,-0.8,-44.5,-0.0,0.0,1.5,-0.0,-0.8,-44.5,-0.0,0.0,1.5,--.--,--.--,--.--,--.--,-0.1,0.4,1.5,-0.0,0.0,0.0,0.00,--.--,--.--,0,0,0.0,0.0,0.0,0,0,0,--.--,--.--,--.--
2025-10-02 15:08:08.749,-0.1,0.3,1,0.1,-0.1,0.0,0.0,0.0,0.000,-1.5,44.2,-278.6,-303.6,43.115,0.000,0.000,0.000,989.6,00:04:25,0.7,22.6,11,--.--,0,--.--,--.--,0000:16:39,43,0,0,1,1,15.30,-1.00,0,--.--,60,--.--,--:--:--,1,-15.30,15:08:08,13:08:08,02/10/2025,--.--,--.--,--.--,--.--,--.--,--.--,--.--,--.--,--.--,--.--,--.--,--.--,0,--.--,--.--,--.--,--.--,--.--,--.--,--.--,--.--,--.--,--.--,--.--,--.--,--.--,--.--,--.--,--.--,0,2658.000,2658.000,2652.000,2652.000,7.645,7.645,7.630,7.630,15.300,15.300,15.300,15.300,true,true,true,true,true,true,false,false,true,true,false,false,0.00,0.00,0.00,0.00,0.00,0.00,0.08,0.08,9223372036854775808,0,--.--,--.--,--.--,--.--,--.--,0,0,0,0,44.4368760,8.8840076,32TMQ 90768 20404,0.0,0.0,104.5,3,15,--.--,--.--,,--.--,--.--,--.--,0,0,--.--,--.--,0,-0.0,-0.7,-43.0,-0.0,0.0,1.5,-0.0,-0.7,-43.0,-0.0,0.0,1.5,--.--,--.--,--.--,--.--,-0.0,0.3,1.5,0.2,-0.1,-0.0,0.00,--.--,--.--,0,0,0.0,0.0,0.0,0,0,0,--.--,--.--,--.--
2025-10-02 15:08:09.748,0.0,0.2,1,0.0,-0.0,0.0,0.0,0.0,0.000,-1.5,42.8,-280.1,-305.1,41.620,0.000,0.000,0.000,989.6,00:04:26,0.7,22.9,11,--.--,0,--.--,--.--,0000:16:39,43,0,0,1,1,15.30,-1.00,0,--.--,60,--.--,--:--:--,1,-15.30,15:08:09,13:08:09,02/10/2025,--.--,--.--,--.--,--.--,--.--,--.--,--.--,--.--,--.--,--.--,--.--,--.--,0,--.--,--.--,--.--,--.--,--.--,--.--,--.--,--.--,--.--,--.--,--.--,--.--,--.--,--.--,--.--,--.--,0,2652.000,2646.000,2646.000,2652.000,7.630,7.615,7.615,7.630,15.300,15.300,15.300,15.300,true,true,true,true,true,true,false,false,true,true,false,false,0.01,0.00,0.00,0.01,0.00,0.00,0.08,0.08,9223372036854775808,0,--.--,--.--,--.--,--.--,--.--,0,0,0,0,44.4368758,8.8840080,32TMQ 90768 20404,0.0,0.0,128.5,3,15,--.--,--.--,,--.--,--.--,--.--,0,0,--.--,--.--,0,-0.0,-0.7,-41.5,-0.0,0.0,1.5,-0.0,-0.7,-41.5,0.0,0.0,1.5,--.--,--.--,--.--,--.--,0.0,0.2,1.5,0.0,-0.0,0.0,0.00,--.--,--.--,0,0,0.0,0.0,0.0,0,0,0,--.--,--.--,--.--
2025-10-02 15:08:10.748,-0.0,0.3,1,-0.0,0.0,0.0,0.0,0.0,0.000,-1.5,41.2,-281.6,-306.6,40.125,0.000,0.000,0.000,989.6,00:04:28,0.7,17.6,11,--.--,0,--.--,--.--,0000:16:39,44,0,0,1,1,15.30,-1.00,0,--.--,60,--.--,--:--:--,1,-15.30,15:08:10,13:08:10,02/10/2025,--.--,--.--,--.--,--.--,--.--,--.--,--.--,--.--,--.--,--.--,--.--,--.--,0,--.--,--.--,--.--,--.--,--.--,--.--,--.--,--.--,--.--,--.--,--.--,--.--,--.--,--.--,--.--,--.--,0,2652.000,2652.000,2652.000,2652.000,7.630,7.630,7.630,7.630,15.300,15.300,15.300,15.300,true,true,true,true,true,true,false,false,true,true,false,false,0.01,0.00,0.00,0.01,0.00,0.00,0.08,0.08,9223372036854775808,0,--.--,--.--,--.--,--.--,--.--,0,0,0,0,44.4368757,8.8840083,32TMQ 90768 20404,0.0,0.0,102.2,3,15,--.--,--.--,,--.--,--.--,--.--,0,0,--.--,--.--,0,-0.0,-0.7,-40.0,0.0,0.0,1.5,-0.0,-0.7,-40.0,0.0,0.0,1.5,--.--,--.--,--.--,--.--,-0.0,0.3,1.5,-0.0,-0.0,0.1,0.00,--.--,--.--,0,0,0.0,0.0,0.0,0,0,0,--.--,--.--,--.--
2025-10-02 15:08:11.749,-0.1,0.3,1,0.1,0.1,0.0,0.0,0.0,0.000,-1.5,39.7,-283.1,-308.1,38.630,0.000,0.000,0.000,989.6,00:04:28,0.6,16.5,11,--.--,0,--.--,--.--,0000:16:39,43,0,0,1,1,15.30,-1.00,0,--.--,60,--.--,--:--:--,1,-15.30,15:08:11,13:08:11,02/10/2025,--.--,--.--,--.--,--.--,--.--,--.--,--.--,--.--,--.--,--.--,--.--,--.--,0,--.--,--.--,--.--,--.--,--.--,--.--,--.--,--.--,--.--,--.--,--.--,--.--,--.--,--.--,--.--,--.--,0,2652.000,2652.000,2652.000,2652.000,7.630,7.630,7.630,7.630,15.300,15.300,15.300,15.300,true,true,true,true,true,true,false,false,true,true,false,false,0.00,0.00,0.01,0.01,0.00,0.00,0.08,0.08,9223372036854775808,0,--.--,--.--,--.--,--.--,--.--,0,0,0,0,44.4368757,8.8840088,32TMQ 90769 20404,0.0,0.0,75.6,3,15,--.--,--.--,,--.--,--.--,--.--,0,0,--.--,--.--,0,-0.0,-0.6,-38.5,0.0,0.0,1.5,-0.0,-0.6,-38.5,0.0,0.0,1.5,--.--,--.--,--.--,--.--,-0.1,0.4,1.5,0.1,0.1,0.0,0.00,--.--,--.--,0,0,0.0,0.0,0.0,0,0,0,--.--,--.--,--.--
2025-10-02 15:08:12.749,-0.0,0.4,1,0.1,0.0,0.0,0.0,0.0,0.000,-1.5,38.3,-284.6,-309.6,37.134,0.000,0.000,0.000,991.6,00:04:29,0.6,20.8,11,--.--,0,--.--,--.--,0000:16:39,44,0,0,1,1,15.30,-1.00,0,--.--,60,--.--,--:--:--,1,-15.30,15:08:12,13:08:12,02/10/2025,--.--,--.--,--.--,--.--,--.--,--.--,--.--,--.--,--.--,--.--,--.--,--.--,0,--.--,--.--,--.--,--.--,--.--,--.--,--.--,--.--,--.--,--.--,--.--,--.--,--.--,--.--,--.--,--.--,0,2652.000,2652.000,2652.000,2652.000,7.630,7.630,7.630,7.630,15.300,15.300,15.300,15.300,true,true,true,true,true,true,false,false,true,true,false,false,0.00,0.00,0.01,0.01,0.00,0.00,0.08,0.08,9223372036854775808,0,--.--,--.--,--.--,--.--,--.--,0,0,0,0,44.4368758,8.8840093,32TMQ 90769 20404,0.0,0.0,63.0,3,15,--.--,--.--,,--.--,--.--,--.--,0,0,--.--,--.--,0,-0.0,-0.6,-37.0,0.0,0.0,1.5,-0.0,-0.6,-37.1,-0.0,0.0,1.5,--.--,--.--,--.--,--.--,-0.0,0.4,1.5,0.1,0.0,-0.0,0.00,--.--,--.--,0,0,0.0,0.0,0.0,0,0,0,--.--,--.--,--.--
2025-10-02 15:08:13.738,0.0,0.4,1,-0.1,0.1,-0.0,0.0,0.0,0.000,-1.5,36.8,-286.1,-311.1,35.639,0.000,0.000,0.000,991.6,00:04:30,0.6,17.5,11,--.--,0,--.--,--.--,0000:16:39,43,0,0,1,1,15.30,-1.00,0,--.--,60,--.--,--:--:--,1,-15.30,15:08:13,13:08:13,02/10/2025,--.--,--.--,--.--,--.--,--.--,--.--,--.--,--.--,--.--,--.--,--.--,--.--,0,--.--,--.--,--.--,--.--,--.--,--.--,--.--,--.--,--.--,--.--,--.--,--.--,--.--,--.--,--.--,--.--,0,2646.000,2646.000,2652.000,2652.000,7.615,7.615,7.630,7.630,15.300,15.300,15.300,15.300,true,true,true,true,true,true,false,false,true,true,false,false,0.00,0.00,0.00,0.01,0.00,0.00,0.08,0.08,9223372036854775808,0,--.--,--.--,--.--,--.--,--.--,0,0,0,0,44.4368759,8.8840096,32TMQ 90769 20404,0.0,0.0,73.4,3,15,--.--,--.--,,--.--,--.--,--.--,0,0,--.--,--.--,0,0.0,-0.6,-35.5,-0.0,0.0,1.5,-0.0,-0.6,-35.5,-0.0,0.0,1.5,--.--,--.--,--.--,--.--,-0.0,0.4,1.5,-0.1,0.0,-0.0,0.00,--.--,--.--,0,0,0.0,0.0,0.0,0,0,0,--.--,--.--,--.--
2025-10-02 15:08:14.749,-0.1,0.3,1,-0.1,-0.1,0.0,0.0,0.0,0.000,-1.5,35.3,-287.6,-312.6,34.145,0.000,0.000,0.000,991.6,00:04:31,0.5,13.5,11,--.--,0,--.--,--.--,0000:16:39,43,0,0,1,1,15.30,-1.00,0,--.--,60,--.--,--:--:--,1,-15.30,15:08:14,13:08:14,02/10/2025,--.--,--.--,--.--,--.--,--.--,--.--,--.--,--.--,--.--,--.--,--.--,--.--,0,--.--,--.--,--.--,--.--,--.--,--.--,--.--,--.--,--.--,--.--,--.--,--.--,--.--,--.--,--.--,--.--,0,2652.000,2652.000,2652.000,2652.000,7.630,7.630,7.630,7.630,15.300,15.300,15.300,15.300,true,true,true,true,true,true,false,false,true,true,false,false,0.00,0.00,0.00,0.01,0.00,0.00,0.08,0.08,9223372036854775808,0,--.--,--.--,--.--,--.--,--.--,0,0,0,0,44.4368759,8.8840100,32TMQ 90769 20404,0.0,0.0,100.1,3,15,--.--,--.--,,--.--,--.--,--.--,0,0,--.--,--.--,0,-0.0,-0.5,-34.0,-0.0,0.0,1.5,-0.0,-0.5,-34.1,-0.0,0.0,1.5,--.--,--.--,--.--,--.--,-0.1,0.3,1.5,-0.1,-0.1,0.1,0.00,--.--,--.--,0,0,0.0,0.0,0.0,0,0,0,--.--,--.--,--.--
2025-10-02 15:08:15.749,-0.1,0.3,1,0.1,0.0,0.1,0.0,0.0,0.000,-1.5,33.8,-289.1,-314.1,32.651,0.000,0.000,0.000,991.6,00:04:32,0.5,15.5,11,--.--,0,--.--,--.--,0000:16:39,43,0,0,1,1,15.30,-1.00,0,--.--,60,--.--,--:--:--,1,-15.30,15:08:15,13:08:15,02/10/2025,--.--,--.--,--.--,--.--,--.--,--.--,--.--,--.--,--.--,--.--,--.--,--.--,0,--.--,--.--,--.--,--.--,--.--,--.--,--.--,--.--,--.--,--.--,--.--,--.--,--.--,--.--,--.--,--.--,0,2634.000,2640.000,2634.000,2634.000,7.585,7.600,7.585,7.585,15.300,15.300,15.300,15.300,true,true,true,true,true,true,false,false,true,true,false,false,0.00,0.00,0.00,0.01,0.00,0.00,0.08,0.08,9223372036854775808,0,--.--,--.--,--.--,--.--,--.--,0,0,0,0,44.4368758,8.8840105,32TMQ 90769 20404,0.0,0.0,109.0,3,15,--.--,--.--,,--.--,--.--,--.--,0,0,--.--,--.--,0,-0.0,-0.5,-32.5,-0.0,0.0,1.5,-0.0,-0.5,-32.6,0.0,0.0,1.5,--.--,--.--,--.--,--.--,-0.1,0.3,1.5,0.1,0.1,0.0,0.00,--.--,--.--,0,0,0.0,0.0,0.0,0,0,0,--.--,--.--,--.--
2025-10-02 15:08:16.748,-0.0,0.3,1,0.1,0.1,0.0,0.0,0.0,0.000,-1.5,32.3,-290.5,-315.5,31.143,0.000,0.000,0.000,991.6,00:04:33,0.5,16.6,11,--.--,0,--.--,--.--,0000:16:39,43,0,0,1,1,15.30,-1.00,0,--.--,60,--.--,--:--:--,1,-15.30,15:08:16,13:08:16,02/10/2025,--.--,--.--,--.--,--.--,--.--,--.--,--.--,--.--,--.--,--.--,--.--,--.--,0,--.--,--.--,--.--,--.--,--.--,--.--,--.--,--.--,--.--,--.--,--.--,--.--,--.--,--.--,--.--,--.--,0,2646.000,2646.000,2652.000,2646.000,7.615,7.615,7.630,7.615,15.300,15.300,15.300,15.300,true,true,true,true,true,true,false,false,true,true,false,false,0.00,0.00,0.00,0.01,0.00,0.00,0.08,0.08,9223372036854775808,0,--.--,--.--,--.--,--.--,--.--,0,0,0,0,44.4368757,8.8840110,32TMQ 90769 20404,0.0,0.0,97.4,3,15,--.--,--.--,,--.--,--.--,--.--,0,0,--.--,--.--,0,-0.0,-0.5,-31.0,0.0,0.0,1.5,-0.0,-0.5,-31.1,0.0,0.0,1.5,--.--,--.--,--.--,--.--,-0.0,0.3,1.5,-0.0,0.0,0.0,0.00,--.--,--.--,0,0,0.0,0.0,0.0,0,0,0,--.--,--.--,--.--
2025-10-02 15:08:17.749,-0.0,0.4,1,-0.1,0.2,0.0,0.0,0.0,0.000,-1.5,30.8,-292.0,-317.0,29.648,0.000,0.000,0.000,991.6,00:04:34,0.4,12.4,11,--.--,0,--.--,--.--,0000:16:39,43,0,0,1,1,15.30,-1.00,0,--.--,60,--.--,--:--:--,1,-15.30,15:08:17,13:08:17,02/10/2025,--.--,--.--,--.--,--.--,--.--,--.--,--.--,--.--,--.--,--.--,--.--,--.--,0,--.--,--.--,--.--,--.--,--.--,--.--,--.--,--.--,--.--,--.--,--.--,--.--,--.--,--.--,--.--,--.--,0,2646.000,2646.000,2646.000,2646.000,7.615,7.615,7.615,7.615,15.300,15.300,15.300,15.300,true,true,true,true,true,true,false,false,true,true,false,false,0.01,0.00,0.01,0.00,0.00,0.00,0.08,0.08,9223372036854775808,0,--.--,--.--,--.--,--.--,--.--,0,0,0,0,44.4368758,8.8840113,32TMQ 90769 20404,0.0,0.0,69.2,3,15,--.--,--.--,,--.--,--.--,--.--,0,0,--.--,--.--,0,-0.0,-0.4,-29.6,0.0,0.0,1.5,-0.0,-0.4,-29.6,0.0,0.0,1.5,--.--,--.--,--.--,--.--,-0.0,0.4,1.5,-0.1,0.1,0.0,0.00,--.--,--.--,0,0,0.0,0.0,0.0,0,0,0,--.--,--.--,--.--
2025-10-02 15:08:18.749,-0.1,0.4,1,-0.1,0.0,0.0,0.0,0.0,0.000,-1.5,29.3,-293.5,-318.5,28.147,0.000,0.000,0.000,991.6,00:04:35,0.4,11.1,11,--.--,0,--.--,--.--,0000:16:39,43,0,0,1,1,15.30,-1.00,0,--.--,60,--.--,--:--:--,1,-15.30,15:08:18,13:08:18,02/10/2025,--.--,--.--,--.--,--.--,--.--,--.--,--.--,--.--,--.--,--.--,--.--,--.--,0,--.--,--.--,--.--,--.--,--.--,--.--,--.--,--.--,--.--,--.--,--.--,--.--,--.--,--.--,--.--,--.--,0,2646.000,2646.000,2640.000,2646.000,7.615,7.615,7.600,7.615,15.300,15.300,15.300,15.300,true,true,true,true,true,true,false,false,true,true,false,false,0.01,0.00,0.01,0.00,0.00,0.00,0.08,0.08,9223372036854775808,0,--.--,--.--,--.--,--.--,--.--,0,0,0,0,44.4368759,8.8840117,32TMQ 90769 20404,0.0,0.0,68.0,3,15,--.--,--.--,,--.--,--.--,--.--,0,0,--.--,--.--,0,0.0,-0.4,-28.0,-0.0,0.0,1.5,-0.0,-0.4,-28.0,-0.0,0.0,1.5,--.--,--.--,--.--,--.--,-0.1,0.4,1.5,-0.0,-0.0,0.0,0.00,--.--,--.--,0,0,0.0,0.0,0.0,0,0,0,--.--,--.--,--.--
2025-10-02 15:08:19.748,-0.1,0.4,1,0.1,0.0,0.0,0.0,0.0,0.000,-1.5,27.8,-295.1,-320.1,26.650,0.000,0.000,0.000,991.6,00:04:36,0.4,13.2,11,--.--,0,--.--,--.--,0000:16:39,43,0,0,1,1,15.30,-1.00,0,--.--,60,--.--,--:--:--,1,-15.30,15:08:19,13:08:19,02/10/2025,--.--,--.--,--.--,--.--,--.--,--.--,--.--,--.--,--.--,--.--,--.--,--.--,0,--.--,--.--,--.--,--.--,--.--,--.--,--.--,--.--,--.--,--.--,--.--,--.--,--.--,--.--,--.--,--.--,0,2646.000,2652.000,2646.000,2646.000,7.615,7.630,7.615,7.615,15.300,15.300,15.300,15.300,true,true,true,true,true,true,false,false,true,true,false,false,0.00,0.00,0.00,0.02,0.00,0.00,0.08,0.08,9223372036854775808,0,--.--,--.--,--.--,--.--,--.--,0,0,0,0,44.4368760,8.8840122,32TMQ 90769 20404,0.0,0.0,85.6,3,15,--.--,--.--,,--.--,--.--,--.--,0,0,--.--,--.--,0,0.0,-0.4,-26.5,-0.0,0.0,1.5,-0.0,-0.4,-26.5,-0.0,0.0,1.5,--.--,--.--,--.--,--.--,-0.0,0.4,1.5,0.1,0.0,0.0,0.00,--.--,--.--,0,0,0.0,0.0,0.0,0,0,0,--.--,--.--,--.--
2025-10-02 15:08:20.749,-0.0,0.3,1,0.1,-0.1,0.0,0.0,0.0,0.000,-1.5,26.3,-296.5,-321.5,25.154,0.000,0.000,0.000,991.6,00:04:37,0.3,11.3,11,--.--,0,--.--,--.--,0000:16:39,44,0,0,1,1,15.30,-1.00,0,--.--,60,--.--,--:--:--,1,-15.30,15:08:20,13:08:20,02/10/2025,--.--,--.--,--.--,--.--,--.--,--.--,--.--,--.--,--.--,--.--,--.--,--.--,0,--.--,--.--,--.--,--.--,--.--,--.--,--.--,--.--,--.--,--.--,--.--,--.--,--.--,--.--,--.--,--.--,0,2646.000,2646.000,2640.000,2646.000,7.615,7.615,7.600,7.615,15.300,15.300,15.300,15.300,true,true,true,true,true,true,false,false,true,true,false,false,0.00,0.00,0.00,0.02,0.00,0.00,0.08,0.08,9223372036854775808,0,--.--,--.--,--.--,--.--,--.--,0,0,0,0,44.4368760,8.8840126,32TMQ 90769 20404,0.0,0.0,113.9,3,15,--.--,--.--,,--.--,--.--,--.--,0,0,--.--,--.--,0,-0.0,-0.3,-25.0,-0.0,0.0,1.5,-0.0,-0.3,-25.0,-0.0,0.0,1.5,--.--,--.--,--.--,--.--,0.0,0.3,1.5,0.1,-0.1,-0.0,0.00,--.--,--.--,0,0,0.0,0.0,0.0,0,0,0,--.--,--.--,--.--
2025-10-02 15:08:21.749,-0.1,0.3,1,-0.1,0.0,0.0,0.0,0.0,0.000,-1.5,24.8,-298.0,-323.0,23.653,0.000,0.000,0.000,991.6,00:04:38,0.3,8.7,11,--.--,0,--.--,--.--,0000:16:39,44,0,0,1,1,15.30,-1.00,0,--.--,60,--.--,--:--:--,1,-15.30,15:08:21,13:08:21,02/10/2025,--.--,--.--,--.--,--.--,--.--,--.--,--.--,--.--,--.--,--.--,--.--,--.--,0,--.--,--.--,--.--,--.--,--.--,--.--,--.--,--.--,--.--,--.--,--.--,--.--,--.--,--.--,--.--,--.--,0,2646.000,2646.000,2646.000,2646.000,7.615,7.615,7.615,7.615,15.300,15.300,15.300,15.300,true,true,true,true,true,true,false,false,true,true,false,false,0.00,0.00,0.00,0.02,0.00,0.00,0.08,0.08,9223372036854775808,0,--.--,--.--,--.--,--.--,--.--,0,0,0,0,44.4368758,8.8840129,32TMQ 90769 20404,0.0,0.0,117.2,3,15,--.--,--.--,,--.--,--.--,--.--,0,0,--.--,--.--,0,-0.0,-0.3,-23.5,-0.0,0.0,1.5,-0.0,-0.3,-23.6,0.0,0.0,1.5,--.--,--.--,--.--,--.--,-0.1,0.3,1.5,-0.1,0.1,0.0,0.00,--.--,--.--,0,0,0.0,0.0,0.0,0,0,0,--.--,--.--,--.--
2025-10-02 15:08:22.749,-0.1,0.3,1,0.1,0.1,0.0,0.0,0.0,0.000,-1.5,23.3,-299.5,-324.5,22.159,0.000,0.000,0.000,991.6,00:04:39,0.3,7.8,11,--.--,0,--.--,--.--,0000:16:39,43,0,0,1,1,15.30,-1.00,0,--.--,60,--.--,--:--:--,1,-15.30,15:08:22,13:08:22,02/10/2025,--.--,--.--,--.--,--.--,--.--,--.--,--.--,--.--,--.--,--.--,--.--,--.--,0,--.--,--.--,--.--,--.--,--.--,--.--,--.--,--.--,--.--,--.--,--.--,--.--,--.--,--.--,--.--,--.--,0,2646.000,2646.000,2646.000,2646.000,7.615,7.615,7.615,7.615,15.300,15.300,15.300,15.300,true,true,true,true,true,true,false,false,true,true,false,false,0.00,0.00,0.00,0.02,0.00,0.00,0.08,0.08,9223372036854775808,0,--.--,--.--,--.--,--.--,--.--,0,0,0,0,44.4368757,8.8840134,32TMQ 90769 20404,0.0,0.0,93.1,3,15,--.--,--.--,,--.--,--.--,--.--,0,0,--.--,--.--,0,-0.0,-0.3,-22.1,0.0,0.0,1.5,-0.0,-0.3,-22.1,0.0,0.0,1.5,--.--,--.--,--.--,--.--,-0.1,0.3,1.5,0.1,0.0,-0.0,0.00,--.--,--.--,0,0,0.0,0.0,0.0,0,0,0,--.--,--.--,--.--
2025-10-02 15:08:23.748,-0.0,0.4,1,0.1,0.1,0.0,0.0,0.0,0.000,-1.5,21.8,-301.0,-326.0,20.663,0.000,0.000,0.000,991.6,00:04:40,0.2,8.6,11,--.--,0,--.--,--.--,0000:16:39,43,0,0,1,1,15.30,-1.00,0,--.--,60,--.--,--:--:--,1,-15.30,15:08:23,13:08:23,02/10/2025,--.--,--.--,--.--,--.--,--.--,--.--,--.--,--.--,--.--,--.--,--.--,--.--,0,--.--,--.--,--.--,--.--,--.--,--.--,--.--,--.--,--.--,--.--,--.--,--.--,--.--,--.--,--.--,--.--,0,2646.000,2640.000,2646.000,2640.000,7.615,7.600,7.615,7.600,15.300,15.300,15.300,15.300,true,true,true,true,true,true,false,false,true,true,false,false,0.00,0.00,0.00,0.01,0.00,0.00,0.08,0.08,9223372036854775808,0,--.--,--.--,--.--,--.--,--.--,0,0,0,0,44.4368758,8.8840139,32TMQ 90769 20404,0.0,0.0,66.6,3,15,--.--,--.--,,--.--,--.--,--.--,0,0,--.--,--.--,0,-0.0,-0.2,-20.6,0.0,0.0,1.5,-0.0,-0.2,-20.6,-0.0,0.0,1.5,--.--,--.--,--.--,--.--,-0.0,0.4,1.5,0.1,0.1,-0.0,0.00,--.--,--.--,0,0,0.0,0.0,0.0,0,0,0,--.--,--.--,--.--
2025-10-02 15:08:24.748,-0.0,0.4,1,-0.1,0.1,0.0,0.0,0.0,0.000,-1.5,20.3,-302.5,-327.5,19.161,0.000,0.000,0.000,991.6,00:04:41,0.2,6.3,11,--.--,0,--.--,--.--,0000:16:39,43,0,0,1,1,15.30,-1.00,0,--.--,60,--.--,--:--:--,1,-15.30,15:08:24,13:08:24,02/10/2025,--.--,--.--,--.--,--.--,--.--,--.--,--.--,--.--,--.--,--.--,--.--,--.--,0,--.--,--.--,--.--,--.--,--.--,--.--,--.--,--.--,--.--,--.--,--.--,--.--,--.--,--.--,--.--,--.--,0,2628.000,2628.000,2628.000,2628.000,7.570,7.570,7.570,7.570,15.300,15.300,15.300,15.300,true,true,true,true,true,true,false,false,true,true,false,false,0.00,0.00,0.00,0.01,0.00,0.00,0.08,0.08,9223372036854775808,0,--.--,--.--,--.--,--.--,--.--,0,0,0,0,44.4368760,8.8840142,32TMQ 90769 20404,0.0,0.0,54.4,3,15,--.--,--.--,,--.--,--.--,--.--,0,0,--.--,--.--,0,0.0,-0.2,-19.1,-0.0,0.0,1.5,-0.0,-0.2,-19.1,-0.0,0.0,1.5,--.--,--.--,--.--,--.--,-0.0,0.4,1.5,-0.1,0.0,0.0,0.00,--.--,--.--,0,0,0.0,0.0,0.0,0,0,0,--.--,--.--,--.--
2025-10-02 15:08:25.748,-0.1,0.4,1,-0.2,0.0,0.0,0.0,0.0,0.000,-1.5,18.8,-304.0,-329.0,17.654,0.000,0.000,0.000,991.6,00:04:42,0.2,4.5,11,--.--,0,--.--,--.--,0000:16:39,43,0,0,1,1,15.30,-1.00,0,--.--,60,--.--,--:--:--,1,-15.30,15:08:25,13:08:25,02/10/2025,--.--,--.--,--.--,--.--,--.--,--.--,--.--,--.--,--.--,--.--,--.--,--.--,0,--.--,--.--,--.--,--.--,--.--,--.--,--.--,--.--,--.--,--.--,--.--,--.--,--.--,--.--,--.--,--.--,0,2646.000,2646.000,2646.000,2646.000,7.615,7.615,7.615,7.615,15.300,15.300,15.300,15.300,true,true,true,true,true,true,false,false,true,true,false,false,0.00,0.00,0.00,0.01,0.00,0.00,0.08,0.08,9223372036854775808,0,--.--,--.--,--.--,--.--,--.--,0,0,0,0,44.4368761,8.8840146,32TMQ 90769 20404,0.0,0.0,82.2,3,15,--.--,--.--,,--.--,--.--,--.--,0,0,--.--,--.--,0,0.0,-0.2,-17.6,-0.0,0.0,1.5,-0.0,-0.2,-17.6,-0.0,0.0,1.5,--.--,--.--,--.--,--.--,-0.1,0.4,1.5,-0.1,-0.0,0.0,0.00,--.--,--.--,0,0,0.0,0.0,0.0,0,0,0,--.--,--.--,--.--
2025-10-02 15:08:26.748,-0.1,0.3,1,0.1,-0.1,0.0,0.0,0.0,0.000,-1.5,17.3,-305.5,-330.5,16.161,0.000,0.000,0.000,991.6,00:04:44,0.1,4.4,11,--.--,0,--.--,--.--,0000:16:39,43,0,0,1,1,15.30,-1.00,0,--.--,60,--.--,--:--:--,1,-15.30,15:08:26,13:08:26,02/10/2025,--.--,--.--,--.--,--.--,--.--,--.--,--.--,--.--,--.--,--.--,--.--,--.--,0,--.--,--.--,--.--,--.--,--.--,--.--,--.--,--.--,--.--,--.--,--.--,--.--,--.--,--.--,--.--,--.--,0,2646.000,2640.000,2640.000,2640.000,7.615,7.600,7.600,7.600,15.300,15.300,15.300,15.300,true,true,true,true,true,true,false,false,true,true,false,false,0.00,0.00,0.00,0.01,0.00,0.00,0.08,0.08,9223372036854775808,0,--.--,--.--,--.--,--.--,--.--,0,0,0,0,44.4368760,8.8840151,32TMQ 90769 20404,0.0,0.0,110.0,3,15,--.--,--.--,,--.--,--.--,--.--,0,0,--.--,--.--,0,0.0,-0.1,-16.1,-0.0,0.0,1.5,-0.0,-0.1,-16.1,-0.0,0.0,1.5,--.--,--.--,--.--,--.--,-0.1,0.2,1.5,0.1,-0.2,0.0,0.00,--.--,--.--,0,0,0.0,0.0,0.0,0,0,0,--.--,--.--,--.--
2025-10-02 15:08:27.749,-0.0,0.2,1,0.1,0.1,0.1,0.0,0.0,0.000,-1.5,15.8,-307.0,-332.0,14.666,0.000,0.000,0.000,991.6,00:04:44,0.1,3.7,11,--.--,0,--.--,--.--,0000:16:39,43,0,0,1,1,15.30,-1.00,0,--.--,60,--.--,--:--:--,1,-15.30,15:08:27,13:08:27,02/10/2025,--.--,--.--,--.--,--.--,--.--,--.--,--.--,--.--,--.--,--.--,--.--,--.--,0,--.--,--.--,--.--,--.--,--.--,--.--,--.--,--.--,--.--,--.--,--.--,--.--,--.--,--.--,--.--,--.--,0,2640.000,2640.000,2640.000,2640.000,7.600,7.600,7.600,7.600,15.300,15.300,15.300,15.300,true,true,true,true,true,true,false,false,true,true,false,false,0.00,0.00,0.01,0.01,0.00,0.00,0.08,0.08,9223372036854775808,0,--.--,--.--,--.--,--.--,--.--,0,0,0,0,44.4368759,8.8840155,32TMQ 90769 20404,0.0,0.0,129.2,3,15,--.--,--.--,,--.--,--.--,--.--,0,0,--.--,--.--,0,-0.0,-0.1,-14.6,0.0,0.0,1.5,-0.0,-0.1,-14.5,0.0,0.0,1.5,--.--,--.--,--.--,--.--,-0.0,0.2,1.5,0.0,0.1,0.0,0.00,--.--,--.--,0,0,0.0,0.0,0.0,0,0,0,--.--,--.--,--.--
2025-10-02 15:08:28.748,-0.1,0.3,1,0.0,0.0,0.0,0.0,0.0,0.000,-1.5,14.3,-308.5,-333.5,13.166,0.000,0.000,0.000,991.6,00:04:45,0.1,2.1,11,--.--,0,--.--,--.--,0000:16:39,43,0,0,1,1,15.30,-1.00,0,--.--,60,--.--,--:--:--,1,-15.30,15:08:28,13:08:28,02/10/2025,--.--,--.--,--.--,--.--,--.--,--.--,--.--,--.--,--.--,--.--,--.--,--.--,0,--.--,--.--,--.--,--.--,--.--,--.--,--.--,--.--,--.--,--.--,--.--,--.--,--.--,--.--,--.--,--.--,0,2640.000,2640.000,2640.000,2640.000,7.600,7.600,7.600,7.600,15.300,15.300,15.300,15.300,true,true,true,true,true,true,false,false,true,true,false,false,0.00,0.00,0.01,0.01,0.00,0.00,0.08,0.08,9223372036854775808,0,--.--,--.--,--.--,--.--,--.--,0,0,0,0,44.4368757,8.8840158,32TMQ 90769 20404,0.0,0.0,93.5,3,15,--.--,--.--,,--.--,--.--,--.--,0,0,--.--,--.--,0,-0.0,-0.1,-13.1,0.0,0.0,1.5,-0.0,-0.1,-13.1,0.0,0.0,1.5,--.--,--.--,--.--,--.--,-0.1,0.3,1.5,-0.0,0.0,0.0,0.00,--.--,--.--,0,0,0.0,0.0,0.0,0,0,0,--.--,--.--,--.--
2025-10-02 15:08:29.737,-0.2,0.3,1,0.1,0.1,0.1,0.0,0.0,0.000,-1.2,12.8,-310.0,-335.0,11.728,0.000,0.000,0.000,991.6,00:04:46,0.0,1.2,11,--.--,0,--.--,--.--,0000:16:39,49,0,0,1,1,15.30,-1.00,0,--.--,60,--.--,--:--:--,1,-15.30,15:08:29,13:08:29,02/10/2025,--.--,--.--,--.--,--.--,--.--,--.--,--.--,--.--,--.--,--.--,--.--,--.--,0,--.--,--.--,--.--,--.--,--.--,--.--,--.--,--.--,--.--,--.--,--.--,--.--,--.--,--.--,--.--,--.--,0,2640.000,2646.000,2640.000,2646.000,7.600,7.615,7.600,7.615,15.300,15.300,15.300,15.300,true,true,true,true,true,true,false,false,true,true,false,false,0.00,0.00,0.00,0.02,0.00,0.00,0.08,0.08,9223372036854775808,0,--.--,--.--,--.--,--.--,--.--,0,0,0,0,44.4368758,8.8840163,32TMQ 90769 20404,0.0,0.0,76.7,3,15,--.--,--.--,,--.--,--.--,--.--,0,0,--.--,--.--,0,-0.0,-0.0,-11.6,0.0,0.0,1.2,-0.0,-0.0,-11.7,0.0,0.0,1.0,--.--,--.--,--.--,--.--,-0.2,0.4,1.5,0.1,0.1,0.0,0.00,--.--,--.--,0,0,0.0,0.0,0.0,0,0,0,--.--,--.--,--.--
2025-10-02 15:08:30.749,-0.1,0.3,1,0.0,-0.1,0.0,0.0,0.0,0.000,-0.6,11.4,-311.4,-336.4,10.772,0.000,0.000,0.000,991.6,00:04:47,0.0,3.4,11,--.--,0,--.--,--.--,0000:16:39,50,0,0,1,1,15.30,-1.00,0,--.--,60,--.--,--:--:--,1,-15.30,15:08:30,13:08:30,02/10/2025,--.--,--.--,--.--,--.--,--.--,--.--,--.--,--.--,--.--,--.--,--.--,--.--,0,--.--,--.--,--.--,--.--,--.--,--.--,--.--,--.--,--.--,--.--,--.--,--.--,--.--,--.--,--.--,--.--,0,3012.000,3012.000,3012.000,3012.000,8.530,8.530,8.530,8.530,15.300,15.300,15.300,15.300,true,true,true,true,true,true,false,false,true,true,false,false,0.00,0.00,0.00,0.02,0.00,0.00,0.08,0.08,9223372036854775808,0,--.--,--.--,--.--,--.--,--.--,0,0,0,0,44.4368759,8.8840168,32TMQ 90769 20404,0.0,0.0,66.7,3,15,--.--,--.--,,--.--,--.--,--.--,0,0,--.--,--.--,0,0.0,-0.0,-10.7,0.0,0.0,0.6,-0.0,-0.0,-10.9,-0.0,0.0,0.4,--.--,--.--,--.--,--.--,-0.1,0.3,1.5,-0.0,-0.0,-0.0,0.00,--.--,--.--,0,0,0.0,0.0,0.0,0,0,0,--.--,--.--,--.--
2025-10-02 15:08:31.748,-0.1,0.4,1,-0.2,0.0,0.0,0.0,0.0,0.000,-1.3,10.6,-312.2,-337.2,10.019,0.000,0.000,0.000,991.6,00:04:48,0.0,3.0,11,--.--,0,--.--,--.--,0000:16:39,38,0,0,1,1,15.30,-1.00,0,--.--,60,--.--,--:--:--,1,-15.30,15:08:31,13:08:31,02/10/2025,--.--,--.--,--.--,--.--,--.--,--.--,--.--,--.--,--.--,--.--,--.--,--.--,0,--.--,--.--,--.--,--.--,--.--,--.--,--.--,--.--,--.--,--.--,--.--,--.--,--.--,--.--,--.--,--.--,0,2688.000,2694.000,2694.000,2694.000,7.720,7.735,7.735,7.735,15.300,15.300,15.300,15.300,true,true,true,true,true,true,false,false,true,true,false,false,0.00,0.00,0.01,0.01,0.00,0.00,0.08,0.08,9223372036854775808,0,--.--,--.--,--.--,--.--,--.--,0,0,0,0,44.4368760,8.8840169,32TMQ 90769 20404,0.0,0.0,0.0,3,15,--.--,--.--,,--.--,--.--,--.--,0,0,--.--,--.--,0,0.0,-0.0,-9.9,0.0,0.0,1.3,-0.0,-0.0,-9.9,-0.0,0.0,1.6,--.--,--.--,--.--,--.--,-0.1,0.4,1.5,-0.3,-0.0,-0.0,0.00,--.--,--.--,0,0,0.0,0.0,0.0,0,0,0,--.--,--.--,--.--
2025-10-02 15:08:32.749,-0.0,0.3,1,0.0,-0.2,0.0,0.0,0.0,0.000,-1.4,9.7,-313.1,-338.1,8.683,0.000,0.000,0.000,991.6,00:04:49,0.0,1.6,11,--.--,0,--.--,--.--,0000:16:39,44,0,0,1,1,15.30,-1.00,0,--.--,60,--.--,--:--:--,1,-15.30,15:08:32,13:08:32,02/10/2025,--.--,--.--,--.--,--.--,--.--,--.--,--.--,--.--,--.--,--.--,--.--,--.--,0,--.--,--.--,--.--,--.--,--.--,--.--,--.--,--.--,--.--,--.--,--.--,--.--,--.--,--.--,--.--,--.--,0,2496.000,2490.000,2490.000,2490.000,7.240,7.225,7.225,7.225,15.300,15.300,15.300,15.300,true,true,true,true,true,true,false,false,true,true,false,false,0.00,0.00,0.01,0.01,0.00,0.00,0.08,0.08,9223372036854775808,0,--.--,--.--,--.--,--.--,--.--,0,0,0,0,44.4368759,8.8840169,32TMQ 90769 20404,0.0,0.0,0.0,3,15,--.--,--.--,,--.--,--.--,--.--,0,0,--.--,--.--,0,0.0,-0.0,-8.6,-0.0,0.0,1.4,-0.0,-0.0,-8.5,-0.0,0.0,1.4,--.--,--.--,--.--,--.--,-0.0,0.3,1.5,-0.0,-0.1,0.0,0.00,--.--,--.--,0,0,0.0,0.0,0.0,0,0,0,--.--,--.--,--.--
2025-10-02 15:08:33.748,-0.1,0.3,1,-0.0,0.1,0.1,0.0,0.0,0.000,-1.2,8.3,-314.5,-339.5,7.328,0.000,0.000,0.000,991.6,00:04:50,0.0,3.0,11,--.--,0,--.--,--.--,0000:16:39,47,0,0,1,1,15.30,-1.00,0,--.--,60,--.--,--:--:--,1,-15.30,15:08:33,13:08:33,02/10/2025,--.--,--.--,--.--,--.--,--.--,--.--,--.--,--.--,--.--,--.--,--.--,--.--,0,--.--,--.--,--.--,--.--,--.--,--.--,--.--,--.--,--.--,--.--,--.--,--.--,--.--,--.--,--.--,--.--,0,2742.000,2742.000,2742.000,2742.000,7.855,7.855,7.855,7.855,15.300,15.300,15.300,15.300,true,true,true,true,true,true,false,false,true,true,false,false,0.02,0.00,0.00,0.04,0.00,0.00,0.08,0.08,9223372036854775808,0,--.--,--.--,--.--,--.--,--.--,0,0,0,0,44.4368758,8.8840170,32TMQ 90769 20404,0.0,0.0,159.0,3,15,--.--,--.--,,--.--,--.--,--.--,0,0,--.--,--.--,0,-0.0,-0.0,-7.2,0.0,0.0,1.1,-0.0,-0.0,-7.3,0.0,0.0,1.0,--.--,--.--,--.--,--.--,-0.1,0.3,1.5,0.1,0.1,0.1,0.00,--.--,--.--,0,0,0.0,0.0,0.0,0,0,0,--.--,--.--,--.--
2025-10-02 15:08:34.740,-0.1,0.3,1,0.0,0.1,0.0,0.0,0.0,0.000,-0.9,7.0,-315.8,-340.8,6.269,0.000,0.000,0.000,991.6,00:04:51,0.0,1.5,11,--.--,0,--.--,--.--,0000:16:39,47,0,0,1,1,15.30,-1.00,0,--.--,60,--.--,--:--:--,1,-15.30,15:08:34,13:08:34,02/10/2025,--.--,--.--,--.--,--.--,--.--,--.--,--.--,--.--,--.--,--.--,--.--,--.--,0,--.--,--.--,--.--,--.--,--.--,--.--,--.--,--.--,--.--,--.--,--.--,--.--,--.--,--.--,--.--,--.--,0,2856.000,2856.000,2856.000,2856.000,8.140,8.140,8.140,8.140,15.300,15.300,15.300,15.300,true,true,true,true,true,true,false,false,true,true,false,false,0.02,0.00,0.00,0.04,0.00,0.00,0.08,0.08,9223372036854775808,0,--.--,--.--,--.--,--.--,--.--,0,0,0,0,44.4368758,8.8840171,32TMQ 90769 20404,0.0,0.0,0.0,3,15,--.--,--.--,,--.--,--.--,--.--,0,0,--.--,--.--,0,-0.0,0.0,-6.2,0.0,0.0,0.8,-0.0,-0.0,-6.3,0.0,-0.0,0.8,--.--,--.--,--.--,--.--,-0.1,0.3,1.5,0.0,0.1,-0.0,0.00,--.--,--.--,0,0,0.0,0.0,0.0,0,0,0,--.--,--.--,--.--
2025-10-02 15:08:35.740,-0.1,0.4,1,0.1,0.1,0.0,0.0,0.0,0.000,-0.7,6.1,-316.8,-341.8,5.474,0.000,0.000,0.000,991.6,00:04:52,0.0,0.0,11,--.--,0,--.--,--.--,0000:16:39,46,0,0,1,1,15.30,-1.00,0,--.--,60,--.--,--:--:--,1,-15.30,15:08:35,13:08:35,02/10/2025,--.--,--.--,--.--,--.--,--.--,--.--,--.--,--.--,--.--,--.--,--.--,--.--,0,--.--,--.--,--.--,--.--,--.--,--.--,--.--,--.--,--.--,--.--,--.--,--.--,--.--,--.--,--.--,--.--,0,2820.000,2814.000,2820.000,2820.000,8.050,8.035,8.050,8.050,15.300,15.300,15.300,15.300,true,true,true,true,true,true,false,false,true,true,false,false,0.00,0.01,0.01,0.01,0.00,0.00,0.08,0.08,9223372036854775808,0,--.--,--.--,--.--,--.--,--.--,0,0,0,0,44.4368759,8.8840172,32TMQ 90769 20404,0.0,0.0,28.2,3,15,--.--,--.--,,--.--,--.--,--.--,0,0,--.--,--.--,0,0.0,0.0,-5.4,0.0,-0.0,0.7,-0.0,-0.0,-5.5,-0.0,-0.0,0.7,--.--,--.--,--.--,--.--,-0.1,0.4,1.5,0.0,0.1,0.0,0.00,--.--,--.--,0,0,0.0,0.0,0.0,0,0,0,--.--,--.--,--.--
2025-10-02 15:08:36.748,-0.1,0.4,1,0.0,0.0,0.1,0.0,0.0,0.000,-0.7,5.3,-317.5,-342.5,4.794,0.000,0.000,0.000,991.6,00:04:53,0.0,2.2,11,--.--,0,--.--,--.--,0000:16:39,45,0,0,1,1,15.30,-1.00,0,--.--,60,--.--,--:--:--,1,-15.30,15:08:36,13:08:36,02/10/2025,--.--,--.--,--.--,--.--,--.--,--.--,--.--,--.--,--.--,--.--,--.--,--.--,0,--.--,--.--,--.--,--.--,--.--,--.--,--.--,--.--,--.--,--.--,--.--,--.--,--.--,--.--,--.--,--.--,0,2778.000,2772.000,2772.000,2772.000,7.945,7.930,7.930,7.930,15.300,15.300,15.300,15.300,true,true,true,true,true,true,false,false,true,true,false,false,0.00,0.01,0.01,0.01,0.00,0.00,0.08,0.08,9223372036854775808,0,--.--,--.--,--.--,--.--,--.--,0,0,0,0,44.4368760,8.8840172,32TMQ 90769 20404,0.0,0.0,1.3,3,15,--.--,--.--,,--.--,--.--,--.--,0,0,--.--,--.--,0,0.0,0.0,-4.7,-0.0,-0.0,0.7,-0.0,-0.0,-4.8,-0.0,-0.0,0.7,--.--,--.--,--.--,--.--,-0.1,0.4,1.5,-0.0,-0.0,0.1,0.00,--.--,--.--,0,0,0.0,0.0,0.0,0,0,0,--.--,--.--,--.--
2025-10-02 15:08:37.739,0.0,0.4,1,0.2,-0.1,0.0,0.0,0.0,0.000,-0.7,4.6,-318.2,-343.2,4.120,0.000,0.000,0.000,991.6,00:04:54,0.0,0.8,11,--.--,0,--.--,--.--,0000:16:39,45,0,0,1,1,15.30,-1.00,0,--.--,60,--.--,--:--:--,1,-15.30,15:08:37,13:08:37,02/10/2025,--.--,--.--,--.--,--.--,--.--,--.--,--.--,--.--,--.--,--.--,--.--,--.--,0,--.--,--.--,--.--,--.--,--.--,--.--,--.--,--.--,--.--,--.--,--.--,--.--,--.--,--.--,--.--,--.--,0,2724.000,2724.000,2724.000,2724.000,7.810,7.810,7.810,7.810,15.300,15.300,15.300,15.300,true,true,true,true,true,true,false,false,true,true,false,false,0.01,0.00,0.00,0.02,0.00,0.00,0.08,0.08,9223372036854775808,0,--.--,--.--,--.--,--.--,--.--,0,0,0,0,44.4368761,8.8840172,32TMQ 90769 20404,0.0,0.0,254.8,3,15,--.--,--.--,,--.--,--.--,--.--,0,0,--.--,--.--,0,0.0,-0.0,-4.1,-0.0,-0.0,0.7,-0.0,-0.0,-4.1,-0.0,0.0,0.7,--.--,--.--,--.--,--.--,0.0,0.3,1.5,0.2,-0.2,-0.0,0.00,--.--,--.--,0,0,0.0,0.0,0.0,0,0,0,--.--,--.--,--.--
2025-10-02 15:08:38.739,0.1,0.3,1,-0.2,0.0,0.0,0.0,0.0,0.000,-0.7,3.9,-318.9,-343.9,3.418,0.000,0.000,0.000,991.6,00:04:55,0.0,2.2,11,--.--,0,--.--,--.--,0000:16:39,45,0,0,1,1,15.30,-1.00,0,--.--,60,--.--,--:--:--,1,-15.30,15:08:38,13:08:38,02/10/2025,--.--,--.--,--.--,--.--,--.--,--.--,--.--,--.--,--.--,--.--,--.--,--.--,0,--.--,--.--,--.--,--.--,--.--,--.--,--.--,--.--,--.--,--.--,--.--,--.--,--.--,--.--,--.--,--.--,0,2730.000,2724.000,2730.000,2724.000,7.825,7.810,7.825,7.810,15.300,15.300,15.300,15.300,true,true,true,true,true,true,false,false,true,true,false,false,0.01,0.00,0.00,0.02,0.00,0.00,0.08,0.08,9223372036854775808,0,--.--,--.--,--.--,--.--,--.--,0,0,0,0,44.4368760,8.8840169,32TMQ 90769 20404,0.0,0.0,234.2,3,15,--.--,--.--,,--.--,--.--,--.--,0,0,--.--,--.--,0,-0.0,-0.0,-3.4,-0.0,0.0,0.7,-0.0,-0.0,-3.4,0.0,0.0,0.7,--.--,--.--,--.--,--.--,0.0,0.3,1.5,-0.1,-0.0,0.0,0.00,--.--,--.--,0,0,0.0,0.0,0.0,0,0,0,--.--,--.--,--.--
2025-10-02 15:08:39.749,0.0,0.3,1,-0.1,0.1,0.0,0.0,0.0,0.000,-0.7,3.2,-319.6,-344.6,2.709,0.000,0.000,0.000,991.6,00:04:56,0.0,1.7,11,--.--,0,--.--,--.--,0000:16:39,45,0,0,1,1,15.30,-1.00,0,--.--,60,--.--,--:--:--,1,-15.30,15:08:39,13:08:39,02/10/2025,--.--,--.--,--.--,--.--,--.--,--.--,--.--,--.--,--.--,--.--,--.--,--.--,0,--.--,--.--,--.--,--.--,--.--,--.--,--.--,--.--,--.--,--.--,--.--,--.--,--.--,--.--,--.--,--.--,0,2742.000,2742.000,2742.000,2742.000,7.855,7.855,7.855,7.855,15.300,15.300,15.300,15.300,true,true,true,true,true,true,false,false,true,true,false,false,0.00,0.00,0.01,0.01,0.00,0.00,0.08,0.08,9223372036854775808,0,--.--,--.--,--.--,--.--,--.--,0,0,0,0,44.4368758,8.8840167,32TMQ 90769 20404,0.0,0.0,191.7,3,15,--.--,--.--,,--.--,--.--,--.--,0,0,--.--,--.--,0,-0.0,-0.0,-2.7,0.0,0.0,0.7,-0.0,-0.0,-2.7,0.0,0.0,0.7,--.--,--.--,--.--,--.--,-0.0,0.3,1.5,-0.1,0.1,0.0,0.00,--.--,--.--,0,0,0.0,0.0,0.0,0,0,0,--.--,--.--,--.--
2025-10-02 15:08:40.738,-0.1,0.3,1,-0.2,0.1,0.0,0.0,0.0,0.000,-0.7,2.5,-320.3,-345.3,2.011,0.000,0.000,0.000,991.6,00:04:57,0.0,0.9,11,--.--,0,--.--,--.--,0000:16:39,45,0,0,1,1,15.30,-1.00,0,--.--,60,--.--,--:--:--,1,-15.30,15:08:40,13:08:40,02/10/2025,--.--,--.--,--.--,--.--,--.--,--.--,--.--,--.--,--.--,--.--,--.--,--.--,0,--.--,--.--,--.--,--.--,--.--,--.--,--.--,--.--,--.--,--.--,--.--,--.--,--.--,--.--,--.--,--.--,0,2748.000,2742.000,2748.000,2742.000,7.870,7.855,7.870,7.855,15.300,15.300,15.300,15.300,true,true,true,true,true,true,false,false,true,true,false,false,0.00,0.00,0.01,0.01,0.00,0.00,0.08,0.08,9223372036854775808,0,--.--,--.--,--.--,--.--,--.--,0,0,0,0,44.4368758,8.8840168,32TMQ 90769 20404,0.0,0.0,75.5,3,15,--.--,--.--,,--.--,--.--,--.--,0,0,--.--,--.--,0,-0.0,-0.0,-2.0,0.0,0.0,0.7,-0.0,-0.0,-2.0,0.0,0.0,0.7,--.--,--.--,--.--,--.--,-0.2,0.3,1.5,-0.2,0.1,0.0,0.00,--.--,--.--,0,0,0.0,0.0,0.0,0,0,0,--.--,--.--,--.--
2025-10-02 15:08:41.748,-0.1,0.4,1,0.1,0.1,0.0,0.0,0.0,0.000,-0.7,1.8,-321.0,-346.0,1.316,0.000,0.000,0.000,991.6,00:04:58,0.0,1.5,11,--.--,0,--.--,--.--,0000:16:39,45,0,0,1,1,15.30,-1.00,0,--.--,60,--.--,--:--:--,1,-15.30,15:08:41,13:08:41,02/10/2025,--.--,--.--,--.--,--.--,--.--,--.--,--.--,--.--,--.--,--.--,--.--,--.--,0,--.--,--.--,--.--,--.--,--.--,--.--,--.--,--.--,--.--,--.--,--.--,--.--,--.--,--.--,--.--,--.--,0,2742.000,2742.000,2742.000,2736.000,7.855,7.855,7.855,7.840,15.300,15.300,15.300,15.300,true,true,true,true,true,true,false,false,true,true,false,false,0.00,0.00,0.00,0.03,0.00,0.00,0.08,0.08,9223372036854775808,0,--.--,--.--,--.--,--.--,--.--,0,0,0,0,44.4368759,8.8840170,32TMQ 90769 20404,0.0,0.0,56.0,3,15,--.--,--.--,,--.--,--.--,--.--,0,0,--.--,--.--,0,0.0,0.0,-1.3,0.0,-0.0,0.7,-0.0,-0.0,-1.3,-0.0,-0.0,0.7,--.--,--.--,--.--,--.--,-0.1,0.4,1.5,0.1,0.1,0.0,0.00,--.--,--.--,0,0,0.0,0.0,0.0,0,0,0,--.--,--.--,--.--
2025-10-02 15:08:42.749,-0.1,0.4,1,0.0,-0.1,0.0,0.0,0.0,0.000,-0.7,1.1,-321.7,-346.7,0.621,0.000,0.000,0.000,991.6,00:05:00,0.0,1.2,11,--.--,0,--.--,--.--,0000:16:39,45,0,0,1,1,15.30,-1.00,0,--.--,60,--.--,--:--:--,1,-15.30,15:08:42,13:08:42,02/10/2025,--.--,--.--,--.--,--.--,--.--,--.--,--.--,--.--,--.--,--.--,--.--,--.--,0,--.--,--.--,--.--,--.--,--.--,--.--,--.--,--.--,--.--,--.--,--.--,--.--,--.--,--.--,--.--,--.--,0,2736.000,2742.000,2736.000,2742.000,7.840,7.855,7.840,7.855,15.300,15.300,15.300,15.300,true,true,true,true,true,true,false,false,true,true,false,false,0.00,0.00,0.00,0.03,0.00,0.00,0.08,0.08,9223372036854775808,0,--.--,--.--,--.--,--.--,--.--,0,0,0,0,44.4368760,8.8840172,32TMQ 90769 20404,0.0,0.0,0.0,3,15,--.--,--.--,,--.--,--.--,--.--,0,0,--.--,--.--,0,0.0,0.0,-0.6,-0.0,-0.0,0.7,-0.0,-0.0,-0.6,-0.0,-0.0,0.7,--.--,--.--,--.--,--.--,-0.1,0.4,1.5,0.0,-0.0,-0.0,0.00,--.--,--.--,0,0,0.0,0.0,0.0,0,0,0,--.--,--.--,--.--
2025-10-02 15:08:43.749,-0.1,0.4,1,0.0,0.0,0.0,0.0,0.0,0.000,-0.7,0.4,-322.4,-347.4,-0.045,0.000,0.000,0.000,991.6,00:05:00,0.0,0.0,11,--.--,0,--.--,--.--,0000:16:39,44,0,0,1,1,15.30,-1.00,0,--.--,60,--.--,--:--:--,1,-15.30,15:08:43,13:08:43,02/10/2025,--.--,--.--,--.--,--.--,--.--,--.--,--.--,--.--,--.--,--.--,--.--,--.--,0,--.--,--.--,--.--,--.--,--.--,--.--,--.--,--.--,--.--,--.--,--.--,--.--,--.--,--.--,--.--,--.--,0,2730.000,2730.000,2730.000,2730.000,7.825,7.825,7.825,7.825,15.300,15.300,15.300,15.300,true,true,true,true,true,true,false,false,true,true,false,false,0.00,0.00,0.01,0.02,0.00,0.00,0.08,0.08,9223372036854775808,0,--.--,--.--,--.--,--.--,--.--,0,0,0,0,44.4368760,8.8840171,32TMQ 90769 20404,0.0,0.0,246.8,3,15,--.--,--.--,,--.--,--.--,--.--,0,0,--.--,--.--,0,0.0,0.0,0.1,-0.0,-0.0,0.6,-0.0,-0.0,0.1,-0.0,-0.0,0.7,--.--,--.--,--.--,--.--,-0.0,0.4,1.5,0.4,0.1,-0.0,0.00,--.--,--.--,0,0,0.0,0.0,0.0,0,0,0,--.--,--.--,--.--
2025-10-02 15:08:44.748,-0.1,0.3,1,0.0,0.0,0.0,0.0,0.0,0.000,-0.3,-0.1,-322.9,-347.9,-0.099,0.000,0.000,0.000,991.6,00:05:01,0.0,0.0,11,--.--,0,--.--,--.--,0000:16:39,12,0,0,1,1,15.30,-1.00,0,--.--,60,--.--,--:--:--,1,-15.30,15:08:44,13:08:44,02/10/2025,--.--,--.--,--.--,--.--,--.--,--.--,--.--,--.--,--.--,--.--,--.--,--.--,0,--.--,--.--,--.--,--.--,--.--,--.--,--.--,--.--,--.--,--.--,--.--,--.--,--.--,--.--,--.--,--.--,0,2430.000,2436.000,2436.000,2424.000,7.075,7.090,7.090,7.060,15.300,15.300,15.300,15.300,true,true,true,true,true,true,false,false,true,true,false,false,0.00,0.00,0.01,0.02,0.00,0.00,0.08,0.08,9223372036854775808,0,--.--,--.--,--.--,--.--,--.--,0,0,0,0,44.4368760,8.8840170,32TMQ 90769 20404,0.0,0.0,0.0,3,15,--.--,--.--,,--.--,--.--,--.--,0,0,--.--,--.--,0,0.0,0.0,0.1,-0.0,-0.0,0.2,--.--,--.--,--.--,--.--,--.--,--.--,--.--,--.--,--.--,--.--,0.0,0.0,1.5,0.4,-2.2,-0.0,0.00,--.--,--.--,0,0,0.0,0.0,0.0,0,0,0,--.--,--.--,--.--
2025-10-02 15:08:45.748,-0.1,0.3,1,0.0,0.0,0.0,0.0,0.0,0.000,0.0,-0.1,-322.9,-347.9,0.024,0.000,0.000,0.000,991.6,00:05:02,0.0,0.0,11,--.--,0,--.--,--.--,0000:16:39,0,0,0,1,1,15.30,-1.00,0,--.--,53,--.--,--:--:--,1,-15.30,15:08:45,13:08:45,02/10/2025,--.--,--.--,--.--,--.--,--.--,--.--,--.--,--.--,--.--,--.--,--.--,--.--,0,--.--,--.--,--.--,--.--,--.--,--.--,--.--,--.--,--.--,--.--,--.--,--.--,--.--,--.--,--.--,--.--,0,678.000,756.000,690.000,744.000,2.695,2.890,2.725,2.860,15.300,15.300,15.300,15.300,true,true,true,true,true,true,false,false,true,true,false,false,0.08,0.00,0.02,0.01,0.00,0.00,0.08,0.08,9223372036854775808,0,--.--,--.--,--.--,--.--,--.--,0,0,0,0,44.4368760,8.8840170,32TMQ 90769 20404,0.0,0.0,0.0,3,15,--.--,--.--,,--.--,--.--,--.--,0,0,--.--,--.--,0,0.0,0.0,-0.0,-0.0,0.0,-0.0,--.--,--.--,--.--,--.--,--.--,--.--,--.--,--.--,--.--,--.--,0.0,0.0,1.5,0.3,-2.2,-0.0,0.00,--.--,--.--,0,0,0.0,0.0,0.0,0,0,0,--.--,--.--,--.--
2025-10-02 15:08:46.748,-0.1,0.3,1,0.0,0.0,0.0,0.0,0.0,0.000,0.1,0.1,-322.8,-347.9,0.122,0.000,0.000,0.000,991.6,00:05:03,0.0,0.0,11,--.--,0,--.--,--.--,0000:16:39,0,0,0,1,1,15.30,-1.00,0,--.--,53,--.--,--:--:--,1,-15.30,15:08:46,13:08:46,02/10/2025,--.--,--.--,--.--,--.--,--.--,--.--,--.--,--.--,--.--,--.--,--.--,--.--,0,--.--,--.--,--.--,--.--,--.--,--.--,--.--,--.--,--.--,--.--,--.--,--.--,--.--,--.--,--.--,--.--,0,0.000,12.000,0.000,12.000,1.000,1.030,1.000,1.030,15.300,15.300,15.300,15.300,true,true,true,true,true,true,false,false,true,true,false,false,0.08,0.00,0.02,0.01,0.00,0.00,0.08,0.08,9223372036854775808,0,--.--,--.--,--.--,--.--,--.--,0,0,0,0,44.4368760,8.8840170,32TMQ 90769 20404,0.0,0.0,0.0,3,15,--.--,--.--,,--.--,--.--,--.--,0,0,--.--,--.--,0,0.0,0.0,-0.1,-0.0,0.0,-0.1,--.--,--.--,--.--,--.--,--.--,--.--,--.--,--.--,--.--,--.--,0.0,0.0,1.7,0.4,-2.2,-0.0,0.00,--.--,--.--,0,0,0.0,0.0,0.0,0,0,0,--.--,--.--,--.--
2025-10-02 15:08:47.748,-0.1,0.3,1,0.0,-0.0,0.0,0.0,0.0,0.000,0.2,0.1,-322.7,-347.9,0.176,0.000,0.000,0.000,991.6,00:05:04,0.0,0.0,1,--.--,0,--.--,--.--,0000:16:39,0,0,0,1,1,15.30,-1.00,0,--.--,50,--.--,--:--:--,1,-15.30,15:08:47,13:08:47,02/10/2025,--.--,--.--,--.--,--.--,--.--,--.--,--.--,--.--,--.--,--.--,--.--,--.--,0,--.--,--.--,--.--,--.--,--.--,--.--,--.--,--.--,--.--,--.--,--.--,--.--,--.--,--.--,--.--,--.--,0,0.000,12.000,0.000,12.000,1.000,1.030,1.000,1.030,15.300,15.300,15.300,15.300,true,true,true,true,true,true,false,false,true,true,false,false,0.05,0.00,0.00,0.04,0.00,0.00,0.08,0.08,9223372036854775808,0,--.--,--.--,--.--,--.--,--.--,0,0,0,0,44.4368760,8.8840170,32TMQ 90769 20404,0.0,0.0,0.0,3,15,--.--,--.--,,--.--,--.--,--.--,0,0,--.--,--.--,0,0.0,0.0,-0.2,-0.0,0.0,-0.2,--.--,--.--,--.--,--.--,--.--,--.--,--.--,--.--,--.--,--.--,0.0,0.0,1.8,0.4,-2.1,-0.0,0.00,--.--,--.--,0,0,0.0,0.0,0.0,0,0,0,--.--,--.--,--.--
2025-10-02 15:08:48.748,-0.1,0.3,1,0.0,-0.0,0.0,0.0,0.0,0.000,0.2,0.0,-322.6,-347.9,0.194,0.000,0.000,0.000,991.6,00:05:05,0.0,0.0,1,--.--,0,--.--,--.--,0000:16:39,0,0,0,1,1,15.30,-1.00,0,--.--,50,--.--,--:--:--,1,-15.30,15:08:48,13:08:48,02/10/2025,--.--,--.--,--.--,--.--,--.--,--.--,--.--,--.--,--.--,--.--,--.--,--.--,0,--.--,--.--,--.--,--.--,--.--,--.--,--.--,--.--,--.--,--.--,--.--,--.--,--.--,--.--,--.--,--.--,0,0.000,0.000,0.000,0.000,0.000,0.000,0.000,0.000,16.200,16.200,16.200,16.200,true,true,true,true,true,true,false,false,true,true,false,false,0.05,0.00,0.00,0.04,0.00,0.00,0.08,0.08,9223372036854775808,0,--.--,--.--,--.--,--.--,--.--,0,0,0,0,44.4368760,8.8840170,32TMQ 90769 20404,0.0,0.0,0.0,3,15,--.--,--.--,,--.--,--.--,--.--,0,0,--.--,--.--,0,0.0,0.0,-0.2,-0.0,0.0,-0.2,--.--,--.--,--.--,--.--,--.--,--.--,--.--,--.--,--.--,--.--,0.0,0.0,1.9,0.4,-2.1,-0.0,0.00,--.--,--.--,0,0,0.0,0.0,0.0,0,0,0,--.--,--.--,--.--
2025-10-02 15:08:49.748,-0.1,0.3,2,0.0,-0.0,0.0,0.0,0.0,0.000,0.1,0.0,-322.6,-347.9,0.191,0.000,0.000,0.000,991.6,00:05:05,0.0,0.0,1,--.--,0,--.--,--.--,0000:16:39,0,0,0,1,1,16.01,-1.00,0,--.--,89,--.--,--:--:--,1,-16.01,15:08:49,13:08:49,02/10/2025,--.--,--.--,--.--,--.--,--.--,--.--,--.--,--.--,--.--,--.--,--.--,--.--,0,--.--,--.--,--.--,--.--,--.--,--.--,--.--,--.--,--.--,--.--,--.--,--.--,--.--,--.--,--.--,--.--,0,0.000,0.000,0.000,0.000,0.000,0.000,0.000,0.000,16.200,16.200,16.200,16.200,true,true,true,true,true,true,false,false,true,true,false,false,0.05,0.00,0.01,0.03,0.00,0.00,0.08,0.08,9223372036854775808,0,--.--,--.--,--.--,--.--,--.--,0,0,0,0,44.4368760,8.8840170,32TMQ 90769 20404,0.0,0.0,0.0,3,15,--.--,--.--,,--.--,--.--,--.--,0,0,--.--,--.--,0,0.0,0.0,-0.2,0.0,0.0,-0.1,--.--,--.--,--.--,--.--,--.--,--.--,--.--,--.--,--.--,--.--,0.0,0.0,2.0,0.4,-2.1,-0.0,0.00,--.--,--.--,0,0,0.0,0.0,0.0,0,0,0,--.--,--.--,--.--
2025-10-02 15:08:50.738,-0.1,0.3,2,0.0,-0.0,0.0,0.0,0.0,0.000,0.1,0.0,-322.6,-347.9,0.176,0.000,0.000,0.000,991.6,00:05:05,0.0,11.3,1,--.--,0,--.--,--.--,0000:16:39,0,0,0,1,1,16.01,-1.00,0,--.--,89,--.--,--:--:--,1,-16.01,15:08:50,13:08:50,02/10/2025,--.--,--.--,--.--,--.--,--.--,--.--,--.--,--.--,--.--,--.--,--.--,--.--,0,--.--,--.--,--.--,--.--,--.--,--.--,--.--,--.--,--.--,--.--,--.--,--.--,--.--,--.--,--.--,--.--,0,0.000,0.000,0.000,0.000,0.000,0.000,0.000,0.000,16.200,16.200,16.200,16.200,true,true,true,true,true,true,false,false,true,true,false,false,0.05,0.00,0.01,0.03,0.00,0.00,0.08,0.08,9223372036854775808,0,--.--,--.--,--.--,--.--,--.--,0,0,0,0,44.4368760,8.8840170,32TMQ 90769 20404,0.0,0.0,0.0,3,15,--.--,--.--,,--.--,--.--,--.--,0,0,--.--,--.--,0,0.0,0.0,-0.2,0.0,0.0,-0.1,--.--,--.--,--.--,--.--,--.--,--.--,--.--,--.--,--.--,--.--,0.0,0.0,2.1,0.4,-2.1,-0.0,0.00,--.--,--.--,0,0,0.0,0.0,0.0,0,0,0,--.--,--.--,--.--
2025-10-02 15:08:51.747,-0.1,0.3,2,0.0,-0.0,0.0,0.0,0.0,0.000,0.1,0.0,-322.6,-347.9,0.168,0.000,0.000,0.000,991.6,00:05:05,0.0,13.4,1,--.--,0,--.--,--.--,0000:16:39,0,0,0,1,1,16.17,-1.00,0,--.--,99,--.--,--:--:--,1,-16.17,15:08:51,13:08:51,02/10/2025,--.--,--.--,--.--,--.--,--.--,--.--,--.--,--.--,--.--,--.--,--.--,--.--,0,--.--,--.--,--.--,--.--,--.--,--.--,--.--,--.--,--.--,--.--,--.--,--.--,--.--,--.--,--.--,--.--,0,0.000,0.000,0.000,0.000,0.000,0.000,0.000,0.000,16.200,16.200,16.200,16.200,true,true,true,true,true,true,false,false,true,true,false,false,0.03,0.00,0.01,0.04,0.00,0.00,0.08,0.08,9223372036854775808,0,--.--,--.--,--.--,--.--,--.--,0,0,0,0,44.4368760,8.8840170,32TMQ 90769 20404,0.0,0.0,0.0,3,15,--.--,--.--,,--.--,--.--,--.--,0,0,--.--,--.--,0,0.0,0.0,-0.2,0.0,0.0,-0.1,--.--,--.--,--.--,--.--,--.--,--.--,--.--,--.--,--.--,--.--,0.0,0.0,2.2,0.4,-2.1,-0.0,0.00,--.--,--.--,0,0,0.0,0.0,0.0,0,0,0,--.--,--.--,--.--
2025-10-02 15:08:52.749,-0.1,0.3,2,0.0,-0.0,0.0,0.0,0.0,0.000,0.1,0.0,-322.6,-347.9,0.168,0.000,0.000,0.000,991.6,00:05:05,0.0,13.4,1,--.--,0,--.--,--.--,0000:16:39,0,0,0,1,1,16.17,-1.00,0,--.--,99,--.--,--:--:--,1,-16.17,15:08:52,13:08:52,02/10/2025,--.--,--.--,--.--,--.--,--.--,--.--,--.--,--.--,--.--,--.--,--.--,--.--,0,--.--,--.--,--.--,--.--,--.--,--.--,--.--,--.--,--.--,--.--,--.--,--.--,--.--,--.--,--.--,--.--,0,0.000,0.000,0.000,0.000,0.000,0.000,0.000,0.000,16.200,16.200,16.200,16.200,true,true,true,true,true,true,false,false,true,true,false,false,0.03,0.00,0.01,0.04,0.00,0.00,0.08,0.08,9223372036854775808,0,--.--,--.--,--.--,--.--,--.--,0,0,0,0,44.4368760,8.8840170,32TMQ 90769 20404,0.0,0.0,0.0,3,15,--.--,--.--,,--.--,--.--,--.--,0,0,--.--,--.--,0,0.0,0.0,-0.2,0.0,0.0,-0.1,--.--,--.--,--.--,--.--,--.--,--.--,--.--,--.--,--.--,--.--,0.0,0.0,2.2,0.4,-2.1,-0.0,0.00,--.--,--.--,0,0,0.0,0.0,0.0,0,0,0,--.--,--.--,--.--
2025-10-02 15:08:53.740,-0.1,0.3,2,0.0,-0.0,0.0,0.0,0.0,0.000,0.1,0.0,-322.6,-347.9,0.168,0.000,0.000,0.000,991.6,00:05:05,0.0,13.4,1,--.--,0,--.--,--.--,0000:16:39,0,0,0,1,1,16.17,-1.00,0,--.--,99,--.--,--:--:--,1,-16.17,15:08:53,13:08:53,02/10/2025,--.--,--.--,--.--,--.--,--.--,--.--,--.--,--.--,--.--,--.--,--.--,--.--,0,--.--,--.--,--.--,--.--,--.--,--.--,--.--,--.--,--.--,--.--,--.--,--.--,--.--,--.--,--.--,--.--,0,0.000,0.000,0.000,0.000,0.000,0.000,0.000,0.000,16.200,16.200,16.200,16.200,true,true,true,true,true,true,false,false,true,true,false,false,0.03,0.00,0.01,0.04,0.00,0.00,0.08,0.08,9223372036854775808,0,--.--,--.--,--.--,--.--,--.--,0,0,0,0,44.4368760,8.8840170,32TMQ 90769 20404,0.0,0.0,0.0,3,15,--.--,--.--,,--.--,--.--,--.--,0,0,--.--,--.--,0,0.0,0.0,-0.2,0.0,0.0,-0.1,--.--,--.--,--.--,--.--,--.--,--.--,--.--,--.--,--.--,--.--,0.0,0.0,2.2,0.4,-2.1,-0.0,0.00,--.--,--.--,0,0,0.0,0.0,0.0,0,0,0,--.--,--.--,--.--
2025-10-02 15:08:54.739,-0.1,0.3,2,0.0,-0.0,0.0,0.0,0.0,0.000,0.1,0.0,-322.6,-347.9,0.168,0.000,0.000,0.000,991.6,00:05:05,0.0,13.4,1,--.--,0,--.--,--.--,0000:16:39,0,0,0,1,1,16.17,-1.00,0,--.--,99,--.--,--:--:--,1,-16.17,15:08:54,13:08:54,02/10/2025,--.--,--.--,--.--,--.--,--.--,--.--,--.--,--.--,--.--,--.--,--.--,--.--,0,--.--,--.--,--.--,--.--,--.--,--.--,--.--,--.--,--.--,--.--,--.--,--.--,--.--,--.--,--.--,--.--,0,0.000,0.000,0.000,0.000,0.000,0.000,0.000,0.000,16.200,16.200,16.200,16.200,true,true,true,true,true,true,false,false,true,true,false,false,0.03,0.00,0.01,0.04,0.00,0.00,0.08,0.08,9223372036854775808,0,--.--,--.--,--.--,--.--,--.--,0,0,0,0,44.4368760,8.8840170,32TMQ 90769 20404,0.0,0.0,0.0,3,15,--.--,--.--,,--.--,--.--,--.--,0,0,--.--,--.--,0,0.0,0.0,-0.2,0.0,0.0,-0.1,--.--,--.--,--.--,--.--,--.--,--.--,--.--,--.--,--.--,--.--,0.0,0.0,2.2,0.4,-2.1,-0.0,0.00,--.--,--.--,0,0,0.0,0.0,0.0,0,0,0,--.--,--.--,--.--
2025-10-02 15:08:55.741,-0.1,0.3,2,0.0,-0.0,0.0,0.0,0.0,0.000,0.1,0.0,-322.6,-347.9,0.168,0.000,0.000,0.000,991.6,00:05:05,0.0,13.4,1,--.--,0,--.--,--.--,0000:16:39,0,0,0,1,1,16.17,-1.00,0,--.--,99,--.--,--:--:--,1,-16.17,15:08:55,13:08:55,02/10/2025,--.--,--.--,--.--,--.--,--.--,--.--,--.--,--.--,--.--,--.--,--.--,--.--,0,--.--,--.--,--.--,--.--,--.--,--.--,--.--,--.--,--.--,--.--,--.--,--.--,--.--,--.--,--.--,--.--,0,0.000,0.000,0.000,0.000,0.000,0.000,0.000,0.000,16.200,16.200,16.200,16.200,true,true,true,true,true,true,false,false,true,true,false,false,0.03,0.00,0.01,0.04,0.00,0.00,0.08,0.08,9223372036854775808,0,--.--,--.--,--.--,--.--,--.--,0,0,0,0,44.4368760,8.8840170,32TMQ 90769 20404,0.0,0.0,0.0,3,15,--.--,--.--,,--.--,--.--,--.--,0,0,--.--,--.--,0,0.0,0.0,-0.2,0.0,0.0,-0.1,--.--,--.--,--.--,--.--,--.--,--.--,--.--,--.--,--.--,--.--,0.0,0.0,2.2,0.4,-2.1,-0.0,0.00,--.--,--.--,0,0,0.0,0.0,0.0,0,0,0,--.--,--.--,--.--
