timestamp,latitude,longitude,altitude,vx,vy,vz
1759417421.806,44.436876,8.884017,0.0,0.0,0.0,0.0
1759417421.906,44.436876,8.884017,0.0,0.0,0.0,0.0
1759417422.006,44.436876,8.884017,0.0,0.0,0.0,0.0
1759417422.106,44.436876,8.884017,0.0,0.0,0.0,0.0
1759417422.206,44.436876,8.884017,0.0,0.0,0.0,0.0
1759417422.306,44.436876,8.884017,0.0,0.0,0.0,0.0
1759417422.406,44.436876,8.884017,0.0,0.0,0.0,0.0
1759417422.506,44.436876,8.884017,0.0,0.0,0.0,0.0
1759417422.606,44.436876,8.884017,0.0,0.0,0.0,0.0
1759417422.706,44.436876,8.884017,0.0,0.0,0.0,0.0
1759417422.806,44.436876,8.884017,0.0,0.0,0.0,0.0
1759417422.906,44.436876,8.884017,0.0,0.0,0.0,0.0
1759417423.006,44.436876,8.884017,0.0,0.0,0.0,0.0
1759417423.106,44.436876,8.884017,0.0,0.0,0.0,0.0
1759417423.206,44.436876,8.884017,0.0,0.0,0.0,0.0
1759417423.306,44.436876,8.884017,0.0,0.0,0.0,0.0
1759417423.406,44.436876,8.884017,0.0,0.0,0.0,0.0
1759417423.506,44.436876,8.884017,0.0,0.0,0.0,0.0
1759417423.606,44.436876,8.884017,0.0,0.0,0.0,0.0
1759417423.706,44.436876,8.884017,0.0,0.0,0.0,0.0
1759417423.806,44.436876,8.884017,0.0,0.0,0.0,-0.01
1759417423.906,44.436876,8.884017,0.0,0.0,0.0,-0.03
1759417424.006,44.436876,8.884017,0.0,0.0,0.0,-0.05
1759417424.106,44.436876,8.884017,0.0,0.0,0.0,-0.07
1759417424.206,44.436876,8.884017,0.0,0.0,0.0,-0.09
1759417424.306,44.436876,8.884017,0.0,0.0,0.0,-0.11
1759417424.406,44.436876,8.884017,0.0,0.0,0.0,-0.13
1759417424.506,44.436876,8.884017,0.0,0.0,0.0,-0.15
1759417424.606,44.436876,8.884017,0.0,0.0,0.0,-0.17
1759417424.706,44.436876,8.884017,0.0,0.0,0.0,-0.19
1759417424.806,44.436876,8.884017,0.03,0.0,0.0,-0.25
1759417424.906,44.436876,8.884017,0.08,0.0,0.0,-0.32
1759417425.006,44.436876,8.884017,0.13,0.0,0.0,-0.39
1759417425.106,44.436876,8.884017,0.18,0.0,0.0,-0.46
1759417425.206,44.436876,8.884017,0.23,0.0,0.0,-0.53
1759417425.306,44.436876,8.884017,0.28,0.0,0.0,-0.6
1759417425.406,44.436876,8.884017,0.33,0.0,0.0,-0.67
1759417425.506,44.436876,8.884017,0.38,0.0,0.0,-0.74
1759417425.606,44.436876,8.884017,0.43,0.0,0.0,-0.81
1759417425.706,44.436876,8.884017,0.48,0.0,0.0,-0.88
1759417425.806,44.436876,8.884017,0.58,0.0,0.0,-0.93
1759417425.906,44.436876,8.884017,0.7,0.0,0.0,-0.98
1759417426.006,44.436876,8.884017,0.82,0.0,0.0,-1.03
1759417426.106,44.436876,8.884017,0.94,0.0,0.0,-1.08
1759417426.206,44.436876,8.884017,1.06,0.0,0.0,-1.13
1759417426.306,44.436876,8.884017,1.18,0.0,0.0,-1.18
1759417426.406,44.436876,8.884017,1.3,0.0,0.0,-1.23
1759417426.506,44.436876,8.884017,1.42,0.0,0.0,-1.28
1759417426.606,44.436876,8.884017,1.54,0.0,0.0,-1.33
1759417426.706,44.436876,8.884017,1.66,0.0,0.0,-1.38
1759417426.806,44.436876,8.884017,1.8,0.0,0.0,-1.4
1759417426.906,44.436876,8.884017,1.93,0.0,0.0,-1.4
1759417427.006,44.436876,8.884017,2.07,0.0,0.0,-1.4
1759417427.106,44.436876,8.884017,2.21,0.0,0.0,-1.4
1759417427.206,44.436876,8.884017,2.35,0.0,0.0,-1.4
1759417427.306,44.436876,8.884017,2.49,0.0,0.0,-1.4
1759417427.406,44.436876,8.884017,2.63,0.0,0.0,-1.4
1759417427.506,44.436876,8.884017,2.77,0.0,0.0,-1.4
1759417427.606,44.436876,8.884017,2.91,0.0,0.0,-1.4
1759417427.706,44.436876,8.884017,3.05,0.0,0.0,-1.4
1759417427.806,44.436876,8.884017,3.2,0.0,0.0,-1.41
1759417427.906,44.436876,8.884017,3.35,0.0,0.0,-1.42
1759417428.006,44.436876,8.884017,3.5,0.0,0.0,-1.43
1759417428.106,44.436876,8.884017,3.65,0.0,0.0,-1.44
1759417428.206,44.436876,8.884017,3.8,0.0,0.0,-1.45
1759417428.306,44.436876,8.884017,3.95,0.0,0.0,-1.46
1759417428.406,44.436876,8.884017,4.1,0.0,0.0,-1.47
1759417428.506,44.436876,8.884017,4.25,0.0,0.0,-1.48
1759417428.606,44.436876,8.884017,4.4,0.0,0.0,-1.49
1759417428.706,44.436876,8.884017,4.55,0.0,0.0,-1.5
1759417428.806,44.436876,8.884017,4.7,0.0,0.0,-1.5
1759417428.906,44.436876,8.884017,4.86,0.0,0.0,-1.5
1759417429.006,44.436876,8.884017,5.02,0.0,0.0,-1.5
1759417429.106,44.436876,8.884017,5.18,0.0,0.0,-1.5
1759417429.206,44.436876,8.884017,5.34,0.0,0.0,-1.5
1759417429.306,44.436876,8.884017,5.5,0.0,0.0,-1.5
1759417429.406,44.436876,8.884017,5.65,0.0,0.0,-1.5
1759417429.506,44.436876,8.884017,5.81,0.0,0.0,-1.5
1759417429.606,44.436876,8.884017,5.97,0.0,0.0,-1.5
1759417429.706,44.436876,8.884017,6.13,0.0,0.0,-1.5
1759417429.806,44.436876,8.884017,6.28,0.0,0.0,-1.5
1759417429.906,44.436876,8.884017,6.44,0.0,0.0,-1.5
1759417430.006,44.436876,8.884017,6.59,0.0,0.0,-1.5
1759417430.106,44.436876,8.884017,6.74,0.0,0.0,-1.5
1759417430.206,44.436876,8.884017,6.89,0.0,0.0,-1.5
1759417430.306,44.436876,8.884017,7.04,0.0,0.0,-1.5
1759417430.406,44.436876,8.884017,7.2,0.0,0.0,-1.5
1759417430.506,44.436876,8.884017,7.35,0.0,0.0,-1.5
1759417430.606,44.436876,8.884017,7.5,0.0,0.0,-1.5
1759417430.706,44.436876,8.884017,7.65,0.0,0.0,-1.5
1759417430.806,44.436876,8.884017,7.8,0.0,0.0,-1.5
1759417430.906,44.436876,8.884017,7.95,0.0,0.0,-1.5
1759417431.006,44.436876,8.884017,8.1,0.0,0.0,-1.5
1759417431.106,44.436876,8.884017,8.25,0.0,0.0,-1.5
1759417431.206,44.436876,8.884017,8.39,0.0,0.0,-1.5
1759417431.306,44.436876,8.884017,8.54,0.0,0.0,-1.5
1759417431.406,44.436876,8.884017,8.69,0.0,0.0,-1.5
1759417431.506,44.436876,8.884017,8.84,0.0,0.0,-1.5
1759417431.606,44.436876,8.884017,8.99,0.0,0.0,-1.5
1759417431.706,44.436876,8.884017,9.13,0.0,0.0,-1.5
1759417431.806,44.436876,8.884017,9.28,0.0,0.0,-1.52
1759417431.906,44.436876,8.884017,9.43,0.0,0.0,-1.55
1759417432.006,44.436876,8.884017,9.58,0.0,0.0,-1.58
1759417432.106,44.436876,8.884017,9.73,0.0,0.0,-1.61
1759417432.206,44.436876,8.884017,9.88,0.0,0.0,-1.64
1759417432.306,44.436876,8.884017,10.03,0.0,0.0,-1.67
1759417432.406,44.436876,8.884017,10.18,0.0,0.0,-1.7
1759417432.506,44.436876,8.884017,10.33,0.0,0.0,-1.73
1759417432.606,44.436876,8.884017,10.48,0.0,0.0,-1.76
1759417432.706,44.436876,8.884017,10.63,0.0,0.0,-1.79
1759417432.806,44.436876,8.884017,10.83,0.0,0.0,-1.86
1759417432.906,44.436876,8.884017,11.08,0.0,0.0,-1.96
1759417433.006,44.436876,8.884017,11.32,0.0,0.0,-2.06
1759417433.106,44.436876,8.884017,11.56,0.0,0.0,-2.16
1759417433.206,44.436876,8.884017,11.8,0.0,0.0,-2.26
1759417433.306,44.436876,8.884017,12.05,0.0,0.0,-2.36
1759417433.406,44.436876,8.884017,12.29,0.0,0.0,-2.46
1759417433.506,44.436876,8.884017,12.53,0.0,0.0,-2.56
1759417433.606,44.436876,8.884017,12.77,0.0,0.0,-2.66
1759417433.706,44.436876,8.884017,13.02,0.0,0.0,-2.77
1759417433.806,44.436876,8.884017,13.28,0.0,0.0,-2.81
1759417433.906,44.436876,8.884017,13.56,0.0,0.0,-2.82
1759417434.006,44.436876,8.884017,13.84,0.0,0.0,-2.83
1759417434.106,44.436876,8.884017,14.12,0.0,0.0,-2.84
1759417434.206,44.436876,8.884017,14.4,0.0,0.0,-2.85
1759417434.306,44.436876,8.884017,14.68,0.0,0.0,-2.86
1759417434.406,44.436876,8.884017,14.96,0.0,0.0,-2.87
1759417434.506,44.436876,8.884017,15.24,0.0,0.0,-2.88
1759417434.606,44.436876,8.884017,15.52,0.0,0.0,-2.89
1759417434.706,44.436876,8.884017,15.8,0.0,0.0,-2.9
1759417434.806,44.436876,8.884017,16.1,0.0,0.0,-2.9
1759417434.906,44.436876,8.884017,16.4,0.0,0.0,-2.9
1759417435.006,44.436876,8.884017,16.7,0.0,0.0,-2.9
1759417435.106,44.436876,8.884017,17.0,0.0,0.0,-2.9
1759417435.206,44.436876,8.884017,17.3,0.0,0.0,-2.9
1759417435.306,44.436876,8.884017,17.6,0.0,0.0,-2.9
1759417435.406,44.436876,8.884017,17.9,0.0,0.0,-2.9
1759417435.506,44.436876,8.884017,18.2,0.0,0.0,-2.9
1759417435.606,44.436876,8.884017,18.5,0.0,0.0,-2.9
1759417435.706,44.436876,8.884017,18.8,0.0,0.0,-2.9
1759417435.806,44.436876,8.884017,19.1,0.0,0.0,-2.91
1759417435.906,44.436876,8.884017,19.4,0.0,0.0,-2.92
1759417436.006,44.436876,8.884017,19.7,0.0,0.0,-2.93
1759417436.106,44.436876,8.884017,20.0,0.0,0.0,-2.94
1759417436.206,44.436876,8.884017,20.3,0.0,0.0,-2.95
1759417436.306,44.436876,8.884017,20.6,0.0,0.0,-2.96
1759417436.406,44.436876,8.884017,20.9,0.0,0.0,-2.97
1759417436.506,44.436876,8.884017,21.2,0.0,0.0,-2.98
1759417436.606,44.436876,8.884017,21.5,0.0,0.0,-2.99
1759417436.706,44.436876,8.884017,21.8,0.0,0.0,-3.0
1759417436.806,44.436876,8.884017,21.9,0.0,0.0,-3.0
1759417436.906,44.436876,8.884017,21.9,0.0,0.0,-3.0
1759417437.006,44.436876,8.884017,21.9,0.0,0.0,-3.0
1759417437.106,44.436876,8.884017,21.9,0.0,0.0,-3.0
1759417437.206,44.436876,8.884017,21.9,0.0,0.0,-3.0
1759417437.306,44.436876,8.884017,21.9,0.0,0.0,-3.0
1759417437.406,44.436876,8.884017,21.9,0.0,0.0,-3.0
1759417437.506,44.436876,8.884017,21.9,0.0,0.0,-3.0
1759417437.606,44.436876,8.884017,21.9,0.0,0.0,-3.0
1759417437.706,44.436876,8.884017,21.9,0.0,0.0,-3.0
1759417437.806,44.436876,8.884017,22.29,0.0,0.0,-3.0
1759417437.906,44.436876,8.884017,22.88,0.0,0.0,-3.0
1759417438.006,44.436876,8.884017,23.47,0.0,0.0,-3.0
1759417438.106,44.436876,8.884017,24.06,0.0,0.0,-3.0
1759417438.206,44.436876,8.884017,24.65,0.0,0.0,-3.0
1759417438.306,44.436876,8.884017,25.24,0.0,0.0,-3.0
1759417438.406,44.436876,8.884017,25.83,0.0,0.0,-3.0
1759417438.506,44.436876,8.884017,26.42,0.0,0.0,-3.0
1759417438.606,44.436876,8.884017,27.01,0.0,0.0,-3.0
1759417438.706,44.436876,8.884017,27.6,0.0,0.0,-3.0
1759417438.806,44.436876,8.884017,28.0,0.0,0.0,-3.0
1759417438.906,44.436876,8.884017,28.3,0.0,0.0,-3.0
1759417439.006,44.436876,8.884017,28.6,0.0,0.0,-3.0
1759417439.106,44.436876,8.884017,28.9,0.0,0.0,-3.0
1759417439.206,44.436876,8.884017,29.2,0.0,0.0,-3.0
1759417439.306,44.436876,8.884017,29.5,0.0,0.0,-3.0
1759417439.406,44.436876,8.884017,29.8,0.0,0.0,-3.0
1759417439.506,44.436876,8.884017,30.1,0.0,0.0,-3.0
1759417439.606,44.436876,8.884017,30.4,0.0,0.0,-3.0
1759417439.706,44.436876,8.884017,30.7,0.0,0.0,-3.0
1759417439.806,44.436876,8.884017,30.8,0.0,0.0,-3.0
1759417439.906,44.436876,8.884017,30.8,0.0,0.0,-3.0
1759417440.006,44.436876,8.884017,30.8,0.0,0.0,-3.0
1759417440.106,44.436876,8.884017,30.8,0.0,0.0,-3.0
1759417440.206,44.436876,8.884017,30.8,0.0,0.0,-3.0
1759417440.306,44.436876,8.884017,30.8,0.0,0.0,-3.0
1759417440.406,44.436876,8.884017,30.8,0.0,0.0,-3.0
1759417440.506,44.436876,8.884017,30.8,0.0,0.0,-3.0
1759417440.606,44.436876,8.884017,30.8,0.0,0.0,-3.0
1759417440.706,44.436876,8.884017,30.8,0.0,0.0,-3.0
1759417440.806,44.436876,8.884017,30.97,0.0,0.0,-3.0
1759417440.906,44.436876,8.884017,31.27,0.0,0.0,-3.0
1759417441.006,44.436876,8.884017,31.58,0.0,0.0,-3.0
1759417441.106,44.436876,8.884017,31.88,0.0,0.0,-3.0
1759417441.206,44.436876,8.884017,32.19,0.0,0.0,-3.0
1759417441.306,44.436876,8.884017,32.49,0.0,0.0,-3.0
1759417441.406,44.436876,8.884017,32.79,0.0,0.0,-3.0
1759417441.506,44.436876,8.884017,33.1,0.0,0.0,-3.0
1759417441.606,44.436876,8.884017,33.4,0.0,0.0,-3.0
1759417441.706,44.436876,8.884017,33.71,0.0,0.0,-3.0
1759417441.806,44.436876,8.884017,34.0,0.0,0.0,-3.0
1759417441.906,44.436876,8.884017,34.3,0.0,0.0,-3.0
1759417442.006,44.436876,8.884017,34.6,0.0,0.0,-3.0
1759417442.106,44.436876,8.884017,34.89,0.0,0.0,-3.0
1759417442.206,44.436876,8.884017,35.19,0.0,0.0,-3.0
1759417442.306,44.436876,8.884017,35.48,0.0,0.0,-3.0
1759417442.406,44.436876,8.884017,35.78,0.0,0.0,-3.0
1759417442.506,44.436876,8.884017,36.08,0.0,0.0,-3.0
1759417442.606,44.436876,8.884017,36.37,0.0,0.0,-3.0
1759417442.706,44.436876,8.884017,36.67,0.0,0.0,-3.0
1759417442.806,44.436876,8.884017,36.97,0.0,0.0,-3.0
1759417442.906,44.436876,8.884017,37.27,0.0,0.0,-3.0
1759417443.006,44.436876,8.884017,37.57,0.0,0.0,-3.0
1759417443.106,44.436876,8.884017,37.88,0.0,0.0,-3.0
1759417443.206,44.436876,8.884017,38.18,0.0,0.0,-3.0
1759417443.306,44.436876,8.884017,38.49,0.0,0.0,-3.0
1759417443.406,44.436876,8.884017,38.79,0.0,0.0,-3.0
1759417443.506,44.436876,8.884017,39.09,0.0,0.0,-3.0
1759417443.606,44.436876,8.884017,39.4,0.0,0.0,-3.0
1759417443.706,44.436876,8.884017,39.7,0.0,0.0,-3.0
1759417443.806,44.436876,8.884017,40.0,0.0,0.0,-3.0
1759417443.906,44.436876,8.884017,40.3,0.0,0.0,-3.0
1759417444.006,44.436876,8.884017,40.59,0.0,0.0,-3.0
1759417444.106,44.436876,8.884017,40.89,0.0,0.0,-3.0
1759417444.206,44.436876,8.884017,41.18,0.0,0.0,-3.0
1759417444.306,44.436876,8.884017,41.48,0.0,0.0,-3.0
1759417444.406,44.436876,8.884017,41.78,0.0,0.0,-3.0
1759417444.506,44.436876,8.884017,42.07,0.0,0.0,-3.0
1759417444.606,44.436876,8.884017,42.37,0.0,0.0,-3.0
1759417444.706,44.436876,8.884017,42.67,0.0,0.0,-3.0
1759417444.806,44.436876,8.884017,42.96,0.0,0.0,-3.0
1759417444.906,44.436876,8.884017,43.26,0.0,0.0,-3.0
1759417445.006,44.436876,8.884017,43.55,0.0,0.0,-3.0
1759417445.106,44.436876,8.884017,43.84,0.0,0.0,-3.0
1759417445.206,44.436876,8.884017,44.14,0.0,0.0,-3.0
1759417445.306,44.436876,8.884017,44.43,0.0,0.0,-3.0
1759417445.406,44.436876,8.884017,44.72,0.0,0.0,-3.0
1759417445.506,44.436876,8.884017,45.02,0.0,0.0,-3.0
1759417445.606,44.436876,8.884017,45.31,0.0,0.0,-3.0
1759417445.706,44.436876,8.884017,45.61,0.0,0.0,-3.0
1759417445.806,44.436876,8.884017,45.9,0.0,0.0,-3.0
1759417445.906,44.436876,8.884017,46.2,0.0,0.0,-3.0
1759417446.006,44.436876,8.884017,46.5,0.0,0.0,-3.0
1759417446.106,44.436876,8.884017,46.81,0.0,0.0,-3.0
1759417446.206,44.436876,8.884017,47.11,0.0,0.0,-3.0
1759417446.306,44.436876,8.884017,47.41,0.0,0.0,-3.0
1759417446.406,44.436876,8.884017,47.71,0.0,0.0,-3.0
1759417446.506,44.436876,8.884017,48.01,0.0,0.0,-3.0
1759417446.606,44.436876,8.884017,48.31,0.0,0.0,-3.0
1759417446.706,44.436876,8.884017,48.61,0.0,0.0,-3.0
1759417446.806,44.436876,8.884017,48.91,0.0,0.0,-3.0
1759417446.906,44.436876,8.884017,49.21,0.0,0.0,-3.0
1759417447.006,44.436876,8.884017,49.51,0.0,0.0,-3.0
1759417447.106,44.436876,8.884017,49.81,0.0,0.0,-3.0
1759417447.206,44.436876,8.884017,50.11,0.0,0.0,-3.0
1759417447.306,44.436876,8.884017,50.41,0.0,0.0,-3.0
1759417447.406,44.436876,8.884017,50.7,0.0,0.0,-3.0
1759417447.506,44.436876,8.884017,51.0,0.0,0.0,-3.0
1759417447.606,44.436876,8.884017,51.3,0.0,0.0,-3.0
1759417447.706,44.436876,8.884017,51.6,0.0,0.0,-3.0
1759417447.806,44.436876,8.884017,51.9,0.0,0.0,-3.0
1759417447.906,44.436876,8.884017,52.2,0.0,0.0,-3.0
1759417448.006,44.436876,8.884017,52.5,0.0,0.0,-3.0
1759417448.106,44.436876,8.884017,52.8,0.0,0.0,-3.0
1759417448.206,44.436876,8.884017,53.1,0.0,0.0,-3.0
1759417448.306,44.436876,8.884017,53.4,0.0,0.0,-3.0
1759417448.406,44.436876,8.884017,53.7,0.0,0.0,-3.0
1759417448.506,44.436876,8.884017,53.99,0.0,0.0,-3.0
1759417448.606,44.436876,8.884017,54.29,0.0,0.0,-3.0
1759417448.706,44.436876,8.884017,54.59,0.0,0.0,-3.0
1759417448.806,44.436876,8.884017,54.89,0.0,0.0,-3.0
1759417448.906,44.436876,8.884017,55.19,0.0,0.0,-3.0
1759417449.006,44.436876,8.884017,55.5,0.0,0.0,-3.0
1759417449.106,44.436876,8.884017,55.8,0.0,0.0,-3.0
1759417449.206,44.436876,8.884017,56.1,0.0,0.0,-3.0
1759417449.306,44.436876,8.884017,56.4,0.0,0.0,-3.0
1759417449.406,44.436876,8.884017,56.7,0.0,0.0,-3.0
1759417449.506,44.436876,8.884017,57.0,0.0,0.0,-3.0
1759417449.606,44.436876,8.884017,57.31,0.0,0.0,-3.0
1759417449.706,44.436876,8.884017,57.61,0.0,0.0,-3.0
1759417449.806,44.436876,8.884017,57.9,0.0,0.0,-2.99
1759417449.906,44.436876,8.884017,58.2,0.0,0.0,-2.98
1759417450.006,44.436876,8.884017,58.5,0.0,0.0,-2.97
1759417450.106,44.436876,8.884017,58.79,0.0,0.0,-2.96
1759417450.206,44.436876,8.884017,59.09,0.0,0.0,-2.95
1759417450.306,44.436876,8.884017,59.38,0.0,0.0,-2.94
1759417450.406,44.436876,8.884017,59.68,0.0,0.0,-2.93
1759417450.506,44.436876,8.884017,59.98,0.0,0.0,-2.92
1759417450.606,44.436876,8.884017,60.27,0.0,0.0,-2.91
1759417450.706,44.436876,8.884017,60.57,0.0,0.0,-2.9
1759417450.806,44.436876,8.884017,60.86,0.0,0.0,-2.86
1759417450.906,44.436876,8.884017,61.17,0.0,0.0,-2.79
1759417451.006,44.436876,8.884017,61.47,0.0,0.0,-2.72
1759417451.106,44.436876,8.884017,61.76,0.0,0.0,-2.65
1759417451.206,44.436876,8.884017,62.07,0.0,0.0,-2.58
1759417451.306,44.436876,8.884017,62.36,0.0,0.0,-2.51
1759417451.406,44.436876,8.884017,62.67,0.0,0.0,-2.44
1759417451.506,44.436876,8.884017,62.97,0.0,0.0,-2.37
1759417451.606,44.436876,8.884017,63.26,0.0,0.0,-2.3
1759417451.706,44.436876,8.884017,63.57,0.0,0.0,-2.23
1759417451.806,44.436876,8.884017,63.85,0.0,0.0,-2.14
1759417451.906,44.436876,8.884017,64.12,0.0,0.0,-2.04
1759417452.006,44.436876,8.884017,64.4,0.0,0.0,-1.94
1759417452.106,44.436876,8.884017,64.67,0.0,0.0,-1.84
1759417452.206,44.436876,8.884017,64.95,0.0,0.0,-1.74
1759417452.306,44.436876,8.884017,65.22,0.0,0.0,-1.64
1759417452.406,44.436876,8.884017,65.49,0.0,0.0,-1.54
1759417452.506,44.436876,8.884017,65.77,0.0,0.0,-1.43
1759417452.606,44.436876,8.884017,66.04,0.0,0.0,-1.33
1759417452.706,44.436876,8.884017,66.32,0.0,0.0,-1.23
1759417452.806,44.436876,8.884017,66.52,0.0,0.0,-1.16
1759417452.906,44.436876,8.884017,66.68,0.0,0.0,-1.1
1759417453.006,44.436876,8.884017,66.85,0.0,0.0,-1.04
1759417453.106,44.436876,8.884017,67.02,0.0,0.0,-0.98
1759417453.206,44.436876,8.884017,67.19,0.0,0.0,-0.92
1759417453.306,44.436876,8.884017,67.35,0.0,0.0,-0.86
1759417453.406,44.436876,8.884017,67.52,0.0,0.0,-0.8
1759417453.506,44.436876,8.884017,67.69,0.0,0.0,-0.74
1759417453.606,44.436876,8.884017,67.86,0.0,0.0,-0.69
1759417453.706,44.436876,8.884017,68.02,0.0,0.0,-0.63
1759417453.806,44.436876,8.884017,68.14,0.0,0.0,-0.59
1759417453.906,44.436876,8.884017,68.22,0.0,0.0,-0.57
1759417454.006,44.436876,8.884017,68.3,0.0,0.0,-0.55
1759417454.106,44.436876,8.884017,68.38,0.0,0.0,-0.53
1759417454.206,44.436876,8.884017,68.46,0.0,0.0,-0.51
1759417454.306,44.436876,8.884017,68.54,0.0,0.0,-0.49
1759417454.406,44.436876,8.884017,68.62,0.0,0.0,-0.47
1759417454.506,44.436876,8.884017,68.7,0.0,0.0,-0.45
1759417454.606,44.436876,8.884017,68.78,0.0,0.0,-0.43
1759417454.706,44.436876,8.884017,68.86,0.0,0.0,-0.41
1759417454.806,44.436876,8.884017,68.92,0.0,-0.08,-0.39
1759417454.906,44.436876,8.884017,68.95,0.0,-0.24,-0.37
1759417455.006,44.436876,8.884017,68.98,0.0,-0.39,-0.35
1759417455.106,44.436876,8.884017,69.01,0.0,-0.54,-0.33
1759417455.206,44.436876,8.884017,69.04,0.0,-0.69,-0.31
1759417455.306,44.436876,8.884017,69.07,0.0,-0.84,-0.29
1759417455.406,44.436876,8.884017,69.1,0.0,-0.99,-0.27
1759417455.506,44.436876,8.884017,69.13,0.0,-1.15,-0.25
1759417455.606,44.436876,8.884017,69.16,0.0,-1.3,-0.23
1759417455.706,44.436876,8.884017,69.19,0.0,-1.45,-0.21
1759417455.806,44.436876,8.884017,69.22,0.0,-1.68,-0.19
1759417455.906,44.436876,8.884016,69.25,0.0,-1.96,-0.17
1759417456.006,44.436876,8.884016,69.28,0.0,-2.24,-0.15
1759417456.106,44.436876,8.884016,69.31,0.0,-2.51,-0.13
1759417456.206,44.436876,8.884015,69.34,0.0,-2.79,-0.11
1759417456.306,44.436876,8.884015,69.37,0.0,-3.07,-0.09
1759417456.406,44.436876,8.884015,69.4,0.0,-3.34,-0.07
1759417456.506,44.436876,8.884015,69.43,0.0,-3.62,-0.05
1759417456.606,44.436876,8.884014,69.46,0.0,-3.9,-0.03
1759417456.706,44.436876,8.884014,69.49,0.0,-4.18,-0.01
1759417456.806,44.436876,8.884012,69.5,0.02,-4.36,-0.01
1759417456.906,44.436876,8.884009,69.5,0.05,-4.46,-0.02
1759417457.006,44.436876,8.884005,69.5,0.08,-4.56,-0.03
1759417457.106,44.436876,8.884002,69.5,0.11,-4.66,-0.04
1759417457.206,44.436876,8.883999,69.5,0.14,-4.76,-0.05
1759417457.306,44.436876,8.883995,69.5,0.17,-4.86,-0.06
1759417457.406,44.436875,8.883992,69.5,0.2,-4.96,-0.07
1759417457.506,44.436875,8.883989,69.5,0.23,-5.06,-0.08
1759417457.606,44.436875,8.883985,69.5,0.26,-5.17,-0.09
1759417457.706,44.436875,8.883982,69.5,0.29,-5.27,-0.1
1759417457.806,44.436875,8.883976,69.5,0.3,-5.25,-0.1
1759417457.906,44.436875,8.883969,69.5,0.3,-5.18,-0.1
1759417458.006,44.436875,8.883962,69.5,0.3,-5.11,-0.1
1759417458.106,44.436875,8.883956,69.5,0.3,-5.04,-0.1
1759417458.206,44.436876,8.883949,69.5,0.3,-4.97,-0.1
1759417458.306,44.436876,8.883942,69.5,0.3,-4.9,-0.1
1759417458.406,44.436876,8.883935,69.5,0.3,-4.83,-0.1
1759417458.506,44.436876,8.883928,69.5,0.3,-4.76,-0.1
1759417458.606,44.436876,8.883921,69.5,0.3,-4.69,-0.1
1759417458.706,44.436876,8.883914,69.5,0.3,-4.62,-0.1
1759417458.806,44.436876,8.883908,69.51,0.29,-4.59,-0.09
1759417458.906,44.436877,8.883902,69.52,0.28,-4.58,-0.08
1759417459.006,44.436877,8.883895,69.53,0.27,-4.57,-0.07
1759417459.106,44.436877,8.883889,69.54,0.26,-4.56,-0.06
1759417459.206,44.436878,8.883883,69.55,0.25,-4.55,-0.05
1759417459.306,44.436878,8.883876,69.56,0.24,-4.54,-0.04
1759417459.406,44.436878,8.88387,69.57,0.23,-4.53,-0.03
1759417459.506,44.436879,8.883864,69.58,0.22,-4.52,-0.02
1759417459.606,44.436879,8.883857,69.59,0.21,-4.51,-0.01
1759417459.706,44.43688,8.883851,69.6,0.2,-4.5,-0.0
1759417459.806,44.43688,8.883845,69.61,0.19,-4.52,0.01
1759417459.906,44.43688,8.88384,69.62,0.18,-4.56,0.02
1759417460.006,44.43688,8.883834,69.63,0.17,-4.6,0.03
1759417460.106,44.436881,8.883829,69.64,0.16,-4.64,0.04
1759417460.206,44.436881,8.883823,69.65,0.15,-4.68,0.05
1759417460.306,44.436881,8.883817,69.66,0.14,-4.72,0.06
1759417460.406,44.436881,8.883812,69.67,0.13,-4.77,0.07
1759417460.506,44.436882,8.883806,69.68,0.12,-4.81,0.08
1759417460.606,44.436882,8.883801,69.69,0.11,-4.85,0.09
1759417460.706,44.436882,8.883795,69.7,0.1,-4.89,0.1
1759417460.806,44.436882,8.88379,69.7,0.1,-4.91,0.09
1759417460.906,44.436883,8.883784,69.7,0.1,-4.92,0.08
1759417461.006,44.436883,8.883778,69.7,0.1,-4.93,0.07
1759417461.106,44.436883,8.883773,69.7,0.1,-4.94,0.06
1759417461.206,44.436883,8.883767,69.7,0.1,-4.95,0.05
1759417461.306,44.436883,8.883761,69.7,0.1,-4.96,0.04
1759417461.406,44.436883,8.883756,69.7,0.1,-4.97,0.03
1759417461.506,44.436883,8.88375,69.7,0.1,-4.98,0.02
1759417461.606,44.436883,8.883744,69.7,0.1,-4.99,0.01
1759417461.706,44.436883,8.883739,69.7,0.1,-5.0,0.0
1759417461.806,44.436883,8.883733,69.69,0.11,-5.0,0.0
1759417461.906,44.436883,8.883727,69.68,0.12,-5.0,0.0
1759417462.006,44.436883,8.883721,69.67,0.13,-5.0,0.0
1759417462.106,44.436883,8.883714,69.66,0.14,-5.0,0.0
1759417462.206,44.436883,8.883708,69.65,0.15,-5.0,0.0
1759417462.306,44.436883,8.883702,69.64,0.16,-5.0,0.0
1759417462.406,44.436883,8.883696,69.63,0.17,-5.0,0.0
1759417462.506,44.436883,8.88369,69.62,0.18,-5.0,0.0
1759417462.606,44.436883,8.883684,69.61,0.19,-5.0,0.0
1759417462.706,44.436883,8.883678,69.6,0.2,-5.0,0.0
1759417462.806,44.436883,8.883672,69.6,0.2,-5.0,0.0
1759417462.906,44.436884,8.883665,69.6,0.2,-5.0,0.0
1759417463.006,44.436884,8.883659,69.6,0.2,-5.0,0.0
1759417463.106,44.436884,8.883652,69.6,0.2,-5.0,0.0
1759417463.206,44.436884,8.883646,69.6,0.2,-5.0,0.0
1759417463.306,44.436884,8.88364,69.6,0.2,-5.0,0.0
1759417463.406,44.436884,8.883633,69.6,0.2,-5.0,0.0
1759417463.506,44.436884,8.883627,69.6,0.2,-5.0,0.0
1759417463.606,44.436884,8.883621,69.6,0.2,-5.0,0.0
1759417463.706,44.436884,8.883614,69.6,0.2,-5.0,0.0
1759417463.806,44.436885,8.883608,69.6,0.2,-5.0,0.0
1759417463.906,44.436885,8.883602,69.6,0.2,-5.0,0.0
1759417464.006,44.436885,8.883595,69.6,0.2,-5.0,0.0
1759417464.106,44.436885,8.883589,69.6,0.2,-5.0,0.0
1759417464.206,44.436885,8.883583,69.6,0.2,-5.0,0.0
1759417464.306,44.436886,8.883577,69.6,0.2,-5.0,0.0
1759417464.406,44.436886,8.88357,69.6,0.2,-5.0,0.0
1759417464.506,44.436886,8.883564,69.6,0.2,-5.0,0.0
1759417464.606,44.436886,8.883558,69.6,0.2,-5.0,0.0
1759417464.706,44.436886,8.883552,69.6,0.2,-5.0,0.0
1759417464.806,44.436886,8.883545,69.6,0.19,-5.0,0.0
1759417464.906,44.436887,8.883539,69.6,0.18,-5.0,0.0
1759417465.006,44.436887,8.883533,69.6,0.17,-5.0,0.0
1759417465.106,44.436887,8.883526,69.6,0.16,-5.0,0.0
1759417465.206,44.436887,8.88352,69.6,0.15,-5.0,0.0
1759417465.306,44.436887,8.883514,69.6,0.14,-5.0,0.0
1759417465.406,44.436888,8.883507,69.6,0.13,-5.0,0.0
1759417465.506,44.436888,8.883501,69.6,0.12,-5.0,0.0
1759417465.606,44.436888,8.883494,69.6,0.11,-5.0,0.0
1759417465.706,44.436888,8.883488,69.6,0.1,-5.0,0.0
1759417465.806,44.436888,8.883482,69.6,0.11,-5.0,0.0
1759417465.906,44.436888,8.883475,69.6,0.12,-5.0,0.0
1759417466.006,44.436888,8.883469,69.6,0.13,-5.0,0.0
1759417466.106,44.436889,8.883463,69.6,0.14,-5.0,0.0
1759417466.206,44.436889,8.883456,69.6,0.15,-5.0,0.0
1759417466.306,44.436889,8.88345,69.6,0.16,-5.0,0.0
1759417466.406,44.436889,8.883444,69.6,0.17,-5.0,0.0
1759417466.506,44.436889,8.883437,69.6,0.18,-5.0,0.0
1759417466.606,44.436889,8.883431,69.6,0.19,-5.0,0.0
1759417466.706,44.436889,8.883425,69.6,0.2,-5.0,0.0
1759417466.806,44.436889,8.883418,69.6,0.2,-5.0,0.0
1759417466.906,44.43689,8.883412,69.6,0.2,-5.0,0.0
1759417467.006,44.43689,8.883406,69.6,0.2,-5.0,0.0
1759417467.106,44.43689,8.8834,69.6,0.2,-5.0,0.0
1759417467.206,44.43689,8.883393,69.6,0.2,-5.0,0.0
1759417467.306,44.43689,8.883387,69.6,0.2,-5.0,0.0
1759417467.406,44.43689,8.883381,69.6,0.2,-5.0,0.0
1759417467.506,44.43689,8.883375,69.6,0.2,-5.0,0.0
1759417467.606,44.43689,8.883369,69.6,0.2,-5.0,0.0
1759417467.706,44.436891,8.883362,69.6,0.2,-5.0,0.0
1759417467.806,44.436891,8.883356,69.6,0.2,-5.0,0.0
1759417467.906,44.436891,8.88335,69.6,0.2,-5.0,0.0
1759417468.006,44.436891,8.883343,69.6,0.2,-5.0,0.0
1759417468.106,44.436891,8.883337,69.6,0.2,-5.0,0.0
1759417468.206,44.436891,8.883331,69.6,0.2,-5.0,0.0
1759417468.306,44.436891,8.883324,69.6,0.2,-5.0,0.0
1759417468.406,44.436892,8.883318,69.6,0.2,-5.0,0.0
1759417468.506,44.436892,8.883312,69.6,0.2,-5.0,0.0
1759417468.606,44.436892,8.883305,69.6,0.2,-5.0,0.0
1759417468.706,44.436892,8.883299,69.6,0.2,-5.0,0.0
1759417468.806,44.436892,8.883293,69.6,0.2,-5.0,0.0
1759417468.906,44.436892,8.883286,69.6,0.2,-5.0,0.0
1759417469.006,44.436892,8.88328,69.6,0.2,-5.0,0.0
1759417469.106,44.436893,8.883274,69.6,0.2,-5.0,0.0
1759417469.206,44.436893,8.883267,69.6,0.2,-5.0,0.0
1759417469.306,44.436893,8.883261,69.6,0.2,-5.0,0.0
1759417469.406,44.436893,8.883254,69.6,0.2,-5.0,0.0
1759417469.506,44.436893,8.883248,69.6,0.2,-5.0,0.0
1759417469.606,44.436893,8.883242,69.6,0.2,-5.0,0.0
1759417469.706,44.436893,8.883235,69.6,0.2,-5.0,0.0
1759417469.806,44.436894,8.883229,69.6,0.2,-5.0,0.0
1759417469.906,44.436894,8.883223,69.6,0.2,-5.0,0.0
1759417470.006,44.436894,8.883217,69.6,0.2,-5.0,0.0
1759417470.106,44.436894,8.88321,69.6,0.2,-5.0,0.0
1759417470.206,44.436894,8.883204,69.6,0.2,-5.0,0.0
1759417470.306,44.436894,8.883198,69.6,0.2,-5.0,0.0
1759417470.406,44.436894,8.883192,69.6,0.2,-5.0,0.0
1759417470.506,44.436895,8.883185,69.6,0.2,-5.0,0.0
1759417470.606,44.436895,8.883179,69.6,0.2,-5.0,0.0
1759417470.706,44.436895,8.883173,69.6,0.2,-5.0,0.0
1759417470.806,44.436895,8.883167,69.6,0.2,-5.0,0.0
1759417470.906,44.436895,8.88316,69.6,0.2,-5.0,0.0
1759417471.006,44.436895,8.883154,69.6,0.2,-5.0,0.0
1759417471.106,44.436895,8.883148,69.6,0.2,-5.0,0.0
1759417471.206,44.436896,8.883141,69.6,0.2,-5.0,0.0
1759417471.306,44.436896,8.883135,69.6,0.2,-5.0,0.0
1759417471.406,44.436896,8.883129,69.6,0.2,-5.0,0.0
1759417471.506,44.436896,8.883122,69.6,0.2,-5.0,0.0
1759417471.606,44.436896,8.883116,69.6,0.2,-5.0,0.0
1759417471.706,44.436896,8.88311,69.6,0.2,-5.0,0.0
1759417471.806,44.436896,8.883103,69.6,0.2,-5.0,0.0
1759417471.906,44.436896,8.883097,69.6,0.2,-5.0,0.0
1759417472.006,44.436897,8.883091,69.6,0.2,-5.0,0.0
1759417472.106,44.436897,8.883085,69.6,0.2,-5.0,0.0
1759417472.206,44.436897,8.883079,69.6,0.2,-5.0,0.0
1759417472.306,44.436897,8.883073,69.6,0.2,-5.0,0.0
1759417472.406,44.436897,8.883067,69.6,0.2,-5.0,0.0
1759417472.506,44.436897,8.88306,69.6,0.2,-5.0,0.0
1759417472.606,44.436897,8.883054,69.6,0.2,-5.0,0.0
1759417472.706,44.436898,8.883048,69.6,0.2,-5.0,0.0
1759417472.806,44.436898,8.883042,69.61,0.2,-5.0,0.0
1759417472.906,44.436898,8.883035,69.62,0.2,-5.0,0.0
1759417473.006,44.436898,8.883029,69.63,0.2,-5.0,0.0
1759417473.106,44.436898,8.883023,69.64,0.2,-5.0,0.0
1759417473.206,44.436898,8.883016,69.65,0.2,-5.0,0.0
1759417473.306,44.436898,8.88301,69.66,0.2,-5.0,0.0
1759417473.406,44.436899,8.883003,69.67,0.2,-5.0,0.0
1759417473.506,44.436899,8.882997,69.68,0.2,-5.0,0.0
1759417473.606,44.436899,8.88299,69.69,0.2,-5.0,0.0
1759417473.706,44.436899,8.882984,69.7,0.2,-5.0,0.0
1759417473.806,44.436899,8.882978,69.7,0.2,-5.0,0.0
1759417473.906,44.436899,8.882971,69.7,0.2,-5.0,0.0
1759417474.006,44.436899,8.882965,69.7,0.2,-5.0,0.0
1759417474.106,44.4369,8.882959,69.7,0.2,-5.0,0.0
1759417474.206,44.4369,8.882953,69.7,0.2,-5.0,0.0
1759417474.306,44.4369,8.882946,69.7,0.2,-5.0,0.0
1759417474.406,44.4369,8.88294,69.7,0.2,-5.0,0.0
1759417474.506,44.4369,8.882934,69.7,0.2,-5.0,0.0
1759417474.606,44.4369,8.882928,69.7,0.2,-5.0,0.0
1759417474.706,44.436901,8.882921,69.7,0.2,-5.0,0.0
1759417474.806,44.436901,8.882915,69.7,0.2,-5.0,0.0
1759417474.906,44.436901,8.882909,69.7,0.2,-5.0,0.0
1759417475.006,44.436901,8.882903,69.7,0.2,-5.0,0.0
1759417475.106,44.436901,8.882897,69.7,0.2,-5.0,0.0
1759417475.206,44.436901,8.88289,69.7,0.2,-5.0,0.0
1759417475.306,44.436901,8.882884,69.7,0.2,-5.0,0.0
1759417475.406,44.436901,8.882878,69.7,0.2,-5.0,0.0
1759417475.506,44.436902,8.882872,69.7,0.2,-5.0,0.0
1759417475.606,44.436902,8.882865,69.7,0.2,-5.0,0.0
1759417475.706,44.436902,8.882859,69.7,0.2,-5.0,0.0
1759417475.806,44.436902,8.882853,69.7,0.2,-5.0,0.0
1759417475.906,44.436902,8.882847,69.7,0.2,-5.0,0.0
1759417476.006,44.436902,8.88284,69.7,0.2,-5.0,0.0
1759417476.106,44.436902,8.882834,69.7,0.2,-5.0,0.0
1759417476.206,44.436903,8.882828,69.7,0.2,-5.0,0.0
1759417476.306,44.436903,8.882821,69.7,0.2,-5.0,0.0
1759417476.406,44.436903,8.882815,69.7,0.2,-5.0,0.0
1759417476.506,44.436903,8.882809,69.7,0.2,-5.0,0.0
1759417476.606,44.436903,8.882802,69.7,0.2,-5.0,0.0
1759417476.706,44.436903,8.882796,69.7,0.2,-5.0,0.0
1759417476.806,44.436903,8.88279,69.7,0.2,-5.0,0.0
1759417476.906,44.436904,8.882783,69.7,0.2,-5.0,0.0
1759417477.006,44.436904,8.882777,69.7,0.2,-5.0,0.0
1759417477.106,44.436904,8.882771,69.7,0.2,-5.0,0.0
1759417477.206,44.436904,8.882765,69.7,0.2,-5.0,0.0
1759417477.306,44.436904,8.882759,69.7,0.2,-5.0,0.0
1759417477.406,44.436904,8.882752,69.7,0.2,-5.0,0.0
1759417477.506,44.436904,8.882746,69.7,0.2,-5.0,0.0
1759417477.606,44.436904,8.88274,69.7,0.2,-5.0,0.0
1759417477.706,44.436905,8.882734,69.7,0.2,-5.0,0.0
1759417477.806,44.436905,8.882728,69.7,0.2,-5.0,0.0
1759417477.906,44.436905,8.882721,69.7,0.2,-5.0,0.0
1759417478.006,44.436905,8.882715,69.7,0.2,-5.0,0.0
1759417478.106,44.436905,8.882708,69.7,0.2,-5.0,0.0
1759417478.206,44.436905,8.882702,69.7,0.2,-5.0,0.0
1759417478.306,44.436905,8.882696,69.7,0.2,-5.0,0.0
1759417478.406,44.436906,8.882689,69.7,0.2,-5.0,0.0
1759417478.506,44.436906,8.882683,69.7,0.2,-5.0,0.0
1759417478.606,44.436906,8.882677,69.7,0.2,-5.0,0.0
1759417478.706,44.436906,8.88267,69.7,0.2,-5.0,0.0
1759417478.806,44.436906,8.882664,69.7,0.2,-5.0,0.0
1759417478.906,44.436906,8.882658,69.7,0.2,-5.0,0.0
1759417479.006,44.436906,8.882651,69.7,0.2,-5.0,0.0
1759417479.106,44.436907,8.882645,69.7,0.2,-5.0,0.0
1759417479.206,44.436907,8.882638,69.7,0.2,-5.0,0.0
1759417479.306,44.436907,8.882632,69.7,0.2,-5.0,0.0
1759417479.406,44.436907,8.882625,69.7,0.2,-5.0,0.0
1759417479.506,44.436907,8.882619,69.7,0.2,-5.0,0.0
1759417479.606,44.436907,8.882613,69.7,0.2,-5.0,0.0
1759417479.706,44.436907,8.882606,69.7,0.2,-5.0,0.0
1759417479.806,44.436908,8.8826,69.7,0.2,-5.0,0.0
1759417479.906,44.436908,8.882594,69.7,0.2,-5.0,0.0
1759417480.006,44.436908,8.882587,69.7,0.2,-5.0,0.0
1759417480.106,44.436908,8.882581,69.7,0.2,-5.0,0.0
1759417480.206,44.436908,8.882575,69.7,0.2,-5.0,0.0
1759417480.306,44.436908,8.882569,69.7,0.2,-5.0,0.0
1759417480.406,44.436908,8.882563,69.7,0.2,-5.0,0.0
1759417480.506,44.436909,8.882556,69.7,0.2,-5.0,0.0
1759417480.606,44.436909,8.88255,69.7,0.2,-5.0,0.0
1759417480.706,44.436909,8.882544,69.7,0.2,-5.0,0.0
1759417480.806,44.436909,8.882538,69.7,0.2,-5.0,0.0
1759417480.906,44.436909,8.882531,69.7,0.2,-5.0,0.0
1759417481.006,44.436909,8.882525,69.7,0.2,-5.0,0.0
1759417481.106,44.436909,8.882519,69.7,0.2,-5.0,0.0
1759417481.206,44.43691,8.882512,69.7,0.2,-5.0,0.0
1759417481.306,44.43691,8.882506,69.7,0.2,-5.0,0.0
1759417481.406,44.43691,8.8825,69.7,0.2,-5.0,0.0
1759417481.506,44.43691,8.882493,69.7,0.2,-5.0,0.0
1759417481.606,44.43691,8.882487,69.7,0.2,-5.0,0.0
1759417481.706,44.43691,8.882481,69.7,0.2,-5.0,0.0
1759417481.806,44.43691,8.882474,69.7,0.2,-5.0,0.0
1759417481.906,44.436911,8.882468,69.7,0.2,-5.0,0.0
1759417482.006,44.436911,8.882462,69.7,0.2,-5.0,0.0
1759417482.106,44.436911,8.882455,69.7,0.2,-5.0,0.0
1759417482.206,44.436911,8.882449,69.7,0.2,-5.0,0.0
1759417482.306,44.436911,8.882443,69.7,0.2,-5.0,0.0
1759417482.406,44.436911,8.882436,69.7,0.2,-5.0,0.0
1759417482.506,44.436911,8.88243,69.7,0.2,-5.0,0.0
1759417482.606,44.436912,8.882424,69.7,0.2,-5.0,0.0
1759417482.706,44.436912,8.882417,69.7,0.2,-5.0,0.0
1759417482.806,44.436912,8.882411,69.7,0.2,-5.0,0.0
1759417482.906,44.436912,8.882405,69.7,0.2,-5.0,0.0
1759417483.006,44.436912,8.882399,69.7,0.2,-5.0,0.0
1759417483.106,44.436912,8.882392,69.7,0.2,-5.0,0.0
1759417483.206,44.436912,8.882386,69.7,0.2,-5.0,0.0
1759417483.306,44.436912,8.88238,69.7,0.2,-5.0,0.0
1759417483.406,44.436913,8.882374,69.7,0.2,-5.0,0.0
1759417483.506,44.436913,8.882368,69.7,0.2,-5.0,0.0
1759417483.606,44.436913,8.882361,69.7,0.2,-5.0,0.0
1759417483.706,44.436913,8.882355,69.7,0.2,-5.0,0.0
1759417483.806,44.436913,8.882349,69.7,0.2,-5.0,0.0
1759417483.906,44.436913,8.882343,69.7,0.2,-5.0,0.0
1759417484.006,44.436913,8.882336,69.7,0.2,-5.0,0.0
1759417484.106,44.436914,8.88233,69.7,0.2,-5.0,0.0
1759417484.206,44.436914,8.882324,69.7,0.2,-5.0,0.0
1759417484.306,44.436914,8.882317,69.7,0.2,-5.0,0.0
1759417484.406,44.436914,8.882311,69.7,0.2,-5.0,0.0
1759417484.506,44.436914,8.882305,69.7,0.2,-5.0,0.0
1759417484.606,44.436914,8.882299,69.7,0.2,-5.0,0.0
1759417484.706,44.436915,8.882292,69.7,0.2,-5.0,0.0
1759417484.806,44.436915,8.882286,69.7,0.2,-5.0,0.0
1759417484.906,44.436915,8.88228,69.7,0.2,-5.0,0.0
1759417485.006,44.436915,8.882274,69.7,0.2,-5.0,0.0
1759417485.106,44.436915,8.882267,69.7,0.2,-5.0,0.0
1759417485.206,44.436915,8.882261,69.7,0.2,-5.0,0.0
1759417485.306,44.436915,8.882255,69.7,0.2,-5.0,0.0
1759417485.406,44.436916,8.882249,69.7,0.2,-5.0,0.0
1759417485.506,44.436916,8.882243,69.7,0.2,-5.0,0.0
1759417485.606,44.436916,8.882236,69.7,0.2,-5.0,0.0
1759417485.706,44.436916,8.88223,69.7,0.2,-5.0,0.0
1759417485.806,44.436916,8.882224,69.7,0.2,-5.0,0.0
1759417485.906,44.436916,8.882218,69.7,0.2,-5.0,0.0
1759417486.006,44.436916,8.882211,69.7,0.2,-5.0,0.0
1759417486.106,44.436916,8.882205,69.7,0.2,-5.0,0.0
1759417486.206,44.436917,8.882198,69.7,0.2,-5.0,0.0
1759417486.306,44.436917,8.882192,69.7,0.2,-5.0,0.0
1759417486.406,44.436917,8.882186,69.7,0.2,-5.0,0.0
1759417486.506,44.436917,8.882179,69.7,0.2,-5.0,0.0
1759417486.606,44.436917,8.882173,69.7,0.2,-5.0,0.0
1759417486.706,44.436917,8.882167,69.7,0.2,-5.0,0.0
1759417486.806,44.436917,8.88216,69.7,0.2,-5.0,0.0
1759417486.906,44.436918,8.882154,69.7,0.2,-5.0,0.0
1759417487.006,44.436918,8.882148,69.7,0.2,-5.0,0.0
1759417487.106,44.436918,8.882141,69.7,0.2,-5.0,0.0
1759417487.206,44.436918,8.882135,69.7,0.2,-5.0,0.0
1759417487.306,44.436918,8.882129,69.7,0.2,-5.0,0.0
1759417487.406,44.436918,8.882122,69.7,0.2,-5.0,0.0
1759417487.506,44.436918,8.882116,69.7,0.2,-5.0,0.0
1759417487.606,44.436919,8.88211,69.7,0.2,-5.0,0.0
1759417487.706,44.436919,8.882103,69.7,0.2,-5.0,0.0
1759417487.806,44.436919,8.882097,69.7,0.2,-5.0,0.0
1759417487.906,44.436919,8.882091,69.7,0.2,-5.0,0.0
1759417488.006,44.436919,8.882084,69.7,0.2,-5.0,0.0
1759417488.106,44.436919,8.882078,69.7,0.2,-5.0,0.0
1759417488.206,44.436919,8.882072,69.7,0.2,-5.0,0.0
1759417488.306,44.43692,8.882066,69.7,0.2,-5.0,0.0
1759417488.406,44.43692,8.882059,69.7,0.2,-5.0,0.0
1759417488.506,44.43692,8.882053,69.7,0.2,-5.0,0.0
1759417488.606,44.43692,8.882047,69.7,0.2,-5.0,0.0
1759417488.706,44.43692,8.88204,69.7,0.2,-5.0,0.0
1759417488.806,44.43692,8.882034,69.7,0.2,-5.0,0.0
1759417488.906,44.43692,8.882028,69.7,0.2,-5.0,0.0
1759417489.006,44.436921,8.882021,69.7,0.2,-5.0,0.0
1759417489.106,44.436921,8.882015,69.7,0.2,-5.0,0.0
1759417489.206,44.436921,8.882009,69.7,0.2,-5.0,0.0
1759417489.306,44.436921,8.882002,69.7,0.2,-5.0,0.0
1759417489.406,44.436921,8.881996,69.7,0.2,-5.0,0.0
1759417489.506,44.436921,8.88199,69.7,0.2,-5.0,0.0
1759417489.606,44.436921,8.881983,69.7,0.2,-5.0,0.0
1759417489.706,44.436922,8.881977,69.7,0.2,-5.0,0.0
1759417489.806,44.436922,8.881971,69.71,0.2,-5.0,0.0
1759417489.906,44.436922,8.881965,69.72,0.2,-5.0,0.0
1759417490.006,44.436922,8.881958,69.73,0.2,-5.0,0.0
1759417490.106,44.436922,8.881952,69.74,0.2,-5.0,0.0
1759417490.206,44.436922,8.881946,69.75,0.2,-5.0,0.0
1759417490.306,44.436922,8.88194,69.76,0.2,-5.0,0.0
1759417490.406,44.436922,8.881934,69.77,0.2,-5.0,0.0
1759417490.506,44.436923,8.881928,69.78,0.2,-5.0,0.0
1759417490.606,44.436923,8.881922,69.79,0.2,-5.0,0.0
1759417490.706,44.436923,8.881916,69.8,0.2,-5.0,0.0
1759417490.806,44.436923,8.881909,69.8,0.2,-5.0,0.0
1759417490.906,44.436923,8.881903,69.8,0.2,-5.0,0.0
1759417491.006,44.436923,8.881897,69.8,0.2,-5.0,0.0
1759417491.106,44.436923,8.88189,69.8,0.2,-5.0,0.0
1759417491.206,44.436924,8.881884,69.8,0.2,-5.0,0.0
1759417491.306,44.436924,8.881878,69.8,0.2,-5.0,0.0
1759417491.406,44.436924,8.881871,69.8,0.2,-5.0,0.0
1759417491.506,44.436924,8.881865,69.8,0.2,-5.0,0.0
1759417491.606,44.436924,8.881859,69.8,0.2,-5.0,0.0
1759417491.706,44.436924,8.881852,69.8,0.2,-5.0,0.0
1759417491.806,44.436924,8.881846,69.8,0.19,-5.0,0.0
1759417491.906,44.436925,8.881839,69.8,0.18,-5.0,0.0
1759417492.006,44.436925,8.881833,69.8,0.17,-5.0,0.0
1759417492.106,44.436925,8.881827,69.8,0.16,-5.0,0.0
1759417492.206,44.436925,8.88182,69.8,0.15,-5.0,0.0
1759417492.306,44.436925,8.881814,69.8,0.14,-5.0,0.0
1759417492.406,44.436925,8.881807,69.8,0.13,-5.0,0.0
1759417492.506,44.436926,8.881801,69.8,0.12,-5.0,0.0
1759417492.606,44.436926,8.881794,69.8,0.11,-5.0,0.0
1759417492.706,44.436926,8.881788,69.8,0.1,-5.0,0.0
1759417492.806,44.436926,8.881782,69.8,0.11,-5.0,0.0
1759417492.906,44.436926,8.881776,69.8,0.12,-5.0,0.0
1759417493.006,44.436926,8.881769,69.8,0.13,-5.0,0.0
1759417493.106,44.436926,8.881763,69.8,0.14,-5.0,0.0
1759417493.206,44.436927,8.881757,69.8,0.15,-5.0,0.0
1759417493.306,44.436927,8.881751,69.8,0.16,-5.0,0.0
1759417493.406,44.436927,8.881744,69.8,0.17,-5.0,0.0
1759417493.506,44.436927,8.881738,69.8,0.18,-5.0,0.0
1759417493.606,44.436927,8.881732,69.8,0.19,-5.0,0.0
1759417493.706,44.436927,8.881726,69.8,0.2,-5.0,0.0
1759417493.806,44.436927,8.88172,69.8,0.2,-5.0,0.0
1759417493.906,44.436927,8.881713,69.8,0.2,-5.0,0.0
1759417494.006,44.436928,8.881707,69.8,0.2,-5.0,0.0
1759417494.106,44.436928,8.881701,69.8,0.2,-5.0,0.0
1759417494.206,44.436928,8.881694,69.8,0.2,-5.0,0.0
1759417494.306,44.436928,8.881688,69.8,0.2,-5.0,0.0
1759417494.406,44.436928,8.881682,69.8,0.2,-5.0,0.0
1759417494.506,44.436928,8.881676,69.8,0.2,-5.0,0.0
1759417494.606,44.436928,8.881669,69.8,0.2,-5.0,0.0
1759417494.706,44.436929,8.881663,69.8,0.2,-5.0,0.0
1759417494.806,44.436929,8.881657,69.8,0.2,-5.0,0.0
1759417494.906,44.436929,8.88165,69.8,0.2,-5.0,0.0
1759417495.006,44.436929,8.881644,69.8,0.2,-5.0,0.0
1759417495.106,44.436929,8.881637,69.8,0.2,-5.0,0.0
1759417495.206,44.436929,8.881631,69.8,0.2,-5.0,0.0
1759417495.306,44.436929,8.881625,69.8,0.2,-5.0,0.0
1759417495.406,44.43693,8.881618,69.8,0.2,-5.0,0.0
1759417495.506,44.43693,8.881612,69.8,0.2,-5.0,0.0
1759417495.606,44.43693,8.881605,69.8,0.2,-5.0,0.0
1759417495.706,44.43693,8.881599,69.8,0.2,-5.0,0.0
1759417495.806,44.43693,8.881593,69.8,0.19,-5.0,0.0
1759417495.906,44.43693,8.881586,69.8,0.18,-5.0,0.0
1759417496.006,44.43693,8.88158,69.8,0.17,-5.0,0.0
1759417496.106,44.436931,8.881574,69.8,0.16,-5.0,0.0
1759417496.206,44.436931,8.881568,69.8,0.15,-5.0,0.0
1759417496.306,44.436931,8.881562,69.8,0.14,-5.0,0.0
1759417496.406,44.436931,8.881555,69.8,0.13,-5.0,0.0
1759417496.506,44.436931,8.881549,69.8,0.12,-5.0,0.0
1759417496.606,44.436931,8.881543,69.8,0.11,-5.0,0.0
1759417496.706,44.436931,8.881537,69.8,0.1,-5.0,0.0
1759417496.806,44.436932,8.88153,69.8,0.11,-5.0,0.0
1759417496.906,44.436932,8.881524,69.8,0.12,-5.0,0.0
1759417497.006,44.436932,8.881518,69.8,0.13,-5.0,0.0
1759417497.106,44.436932,8.881511,69.8,0.14,-5.0,0.0
1759417497.206,44.436932,8.881505,69.8,0.15,-5.0,0.0
1759417497.306,44.436932,8.881499,69.8,0.16,-5.0,0.0
1759417497.406,44.436932,8.881492,69.8,0.17,-5.0,0.0
1759417497.506,44.436932,8.881486,69.8,0.18,-5.0,0.0
1759417497.606,44.436933,8.88148,69.8,0.19,-5.0,0.0
1759417497.706,44.436933,8.881473,69.8,0.2,-5.0,0.0
1759417497.806,44.436933,8.881467,69.8,0.2,-5.0,0.0
1759417497.906,44.436933,8.881461,69.8,0.2,-5.0,0.0
1759417498.006,44.436933,8.881454,69.8,0.2,-5.0,0.0
1759417498.106,44.436933,8.881448,69.8,0.2,-5.0,0.0
1759417498.206,44.436934,8.881442,69.8,0.2,-5.0,0.0
1759417498.306,44.436934,8.881435,69.8,0.2,-5.0,0.0
1759417498.406,44.436934,8.881429,69.8,0.2,-5.0,0.0
1759417498.506,44.436934,8.881423,69.8,0.2,-5.0,0.0
1759417498.606,44.436934,8.881416,69.8,0.2,-5.0,0.0
1759417498.706,44.436934,8.88141,69.8,0.2,-5.0,0.0
1759417498.806,44.436934,8.881404,69.8,0.19,-5.0,0.0
1759417498.906,44.436935,8.881398,69.8,0.18,-5.0,0.0
1759417499.006,44.436935,8.881392,69.8,0.17,-5.0,0.0
1759417499.106,44.436935,8.881385,69.8,0.16,-5.0,0.0
1759417499.206,44.436935,8.881379,69.8,0.15,-5.0,0.0
1759417499.306,44.436935,8.881373,69.8,0.14,-5.0,0.0
1759417499.406,44.436935,8.881367,69.8,0.13,-5.0,0.0
1759417499.506,44.436935,8.881361,69.8,0.12,-5.0,0.0
1759417499.606,44.436936,8.881355,69.8,0.11,-5.0,0.0
1759417499.706,44.436936,8.881349,69.8,0.1,-5.0,0.0
1759417499.806,44.436936,8.881342,69.8,0.11,-5.0,0.0
1759417499.906,44.436936,8.881336,69.8,0.12,-5.0,0.0
1759417500.006,44.436936,8.881329,69.8,0.13,-5.0,0.0
1759417500.106,44.436936,8.881323,69.8,0.14,-5.0,0.0
1759417500.206,44.436936,8.881316,69.8,0.15,-5.0,0.0
1759417500.306,44.436936,8.88131,69.8,0.16,-5.0,0.0
1759417500.406,44.436937,8.881304,69.8,0.17,-5.0,0.0
1759417500.506,44.436937,8.881297,69.8,0.18,-5.0,0.0
1759417500.606,44.436937,8.881291,69.8,0.19,-5.0,0.0
1759417500.706,44.436937,8.881284,69.8,0.2,-5.0,0.0
1759417500.806,44.436937,8.881278,69.8,0.2,-5.0,0.0
1759417500.906,44.436937,8.881272,69.8,0.2,-5.0,0.0
1759417501.006,44.436937,8.881266,69.8,0.2,-5.0,0.0
1759417501.106,44.436938,8.881259,69.8,0.2,-5.0,0.0
1759417501.206,44.436938,8.881253,69.8,0.2,-5.0,0.0
1759417501.306,44.436938,8.881247,69.8,0.2,-5.0,0.0
1759417501.406,44.436938,8.881241,69.8,0.2,-5.0,0.0
1759417501.506,44.436938,8.881235,69.8,0.2,-5.0,0.0
1759417501.606,44.436938,8.881228,69.8,0.2,-5.0,0.0
1759417501.706,44.436938,8.881222,69.8,0.2,-5.0,0.0
1759417501.806,44.436938,8.881216,69.8,0.2,-5.0,0.0
1759417501.906,44.436939,8.88121,69.8,0.2,-5.0,0.0
1759417502.006,44.436939,8.881204,69.8,0.2,-5.0,0.0
1759417502.106,44.436939,8.881197,69.8,0.2,-5.0,0.0
1759417502.206,44.436939,8.881191,69.8,0.2,-5.0,0.0
1759417502.306,44.436939,8.881185,69.8,0.2,-5.0,0.0
1759417502.406,44.436939,8.881178,69.8,0.2,-5.0,0.0
1759417502.506,44.43694,8.881172,69.8,0.2,-5.0,0.0
1759417502.606,44.43694,8.881166,69.8,0.2,-5.0,0.0
1759417502.706,44.43694,8.88116,69.8,0.2,-5.0,0.0
1759417502.806,44.43694,8.881153,69.8,0.19,-5.0,0.0
1759417502.906,44.43694,8.881147,69.8,0.18,-5.0,0.0
1759417503.006,44.43694,8.881141,69.8,0.17,-5.0,0.0
1759417503.106,44.43694,8.881134,69.8,0.16,-5.0,0.0
1759417503.206,44.436941,8.881128,69.8,0.15,-5.0,0.0
1759417503.306,44.436941,8.881122,69.8,0.14,-5.0,0.0
1759417503.406,44.436941,8.881115,69.8,0.13,-5.0,0.0
1759417503.506,44.436941,8.881109,69.8,0.12,-5.0,0.0
1759417503.606,44.436941,8.881102,69.8,0.11,-5.0,0.0
1759417503.706,44.436941,8.881096,69.8,0.1,-5.0,0.0
1759417503.806,44.436941,8.88109,69.8,0.11,-5.0,0.0
1759417503.906,44.436942,8.881083,69.8,0.12,-5.0,0.0
1759417504.006,44.436942,8.881077,69.8,0.13,-5.0,0.0
1759417504.106,44.436942,8.881071,69.8,0.14,-5.0,0.0
1759417504.206,44.436942,8.881065,69.8,0.15,-5.0,0.0
1759417504.306,44.436942,8.881058,69.8,0.16,-5.0,0.0
1759417504.406,44.436942,8.881052,69.8,0.17,-5.0,0.0
1759417504.506,44.436942,8.881046,69.8,0.18,-5.0,0.0
1759417504.606,44.436943,8.881039,69.8,0.19,-5.0,0.0
1759417504.706,44.436943,8.881033,69.8,0.2,-5.0,0.0
1759417504.806,44.436943,8.881027,69.8,0.2,-5.0,0.0
1759417504.906,44.436943,8.881021,69.8,0.2,-5.0,0.0
1759417505.006,44.436943,8.881014,69.8,0.2,-5.0,0.0
1759417505.106,44.436943,8.881008,69.8,0.2,-5.0,0.0
1759417505.206,44.436943,8.881001,69.8,0.2,-5.0,0.0
1759417505.306,44.436943,8.880995,69.8,0.2,-5.0,0.0
1759417505.406,44.436944,8.880989,69.8,0.2,-5.0,0.0
1759417505.506,44.436944,8.880982,69.8,0.2,-5.0,0.0
1759417505.606,44.436944,8.880976,69.8,0.2,-5.0,0.0
1759417505.706,44.436944,8.88097,69.8,0.2,-5.0,0.0
1759417505.806,44.436944,8.880964,69.8,0.19,-5.0,0.0
1759417505.906,44.436944,8.880957,69.8,0.18,-5.0,0.0
1759417506.006,44.436944,8.880951,69.8,0.17,-5.0,0.0
1759417506.106,44.436945,8.880945,69.8,0.16,-5.0,0.0
1759417506.206,44.436945,8.880939,69.8,0.15,-5.0,0.0
1759417506.306,44.436945,8.880932,69.8,0.14,-5.0,0.0
1759417506.406,44.436945,8.880926,69.8,0.13,-5.0,0.0
1759417506.506,44.436945,8.88092,69.8,0.12,-5.0,0.0
1759417506.606,44.436945,8.880914,69.8,0.11,-5.0,0.0
1759417506.706,44.436945,8.880908,69.8,0.1,-5.0,0.0
1759417506.806,44.436946,8.880901,69.8,0.11,-5.0,0.0
1759417506.906,44.436946,8.880895,69.8,0.12,-5.0,0.0
1759417507.006,44.436946,8.880889,69.8,0.13,-5.0,0.0
1759417507.106,44.436946,8.880882,69.8,0.14,-5.0,0.0
1759417507.206,44.436946,8.880876,69.8,0.15,-5.0,0.0
1759417507.306,44.436946,8.88087,69.8,0.16,-5.0,0.0
1759417507.406,44.436946,8.880863,69.8,0.17,-5.0,0.0
1759417507.506,44.436947,8.880857,69.8,0.18,-5.0,0.0
1759417507.606,44.436947,8.88085,69.8,0.19,-5.0,0.0
1759417507.706,44.436947,8.880844,69.8,0.2,-5.0,0.0
1759417507.806,44.436947,8.880838,69.8,0.2,-5.0,0.0
1759417507.906,44.436947,8.880831,69.8,0.2,-5.0,0.0
1759417508.006,44.436947,8.880825,69.8,0.2,-5.0,0.0
1759417508.106,44.436947,8.880819,69.8,0.2,-5.0,0.0
1759417508.206,44.436948,8.880812,69.8,0.2,-5.0,0.0
1759417508.306,44.436948,8.880806,69.8,0.2,-5.0,0.0
1759417508.406,44.436948,8.8808,69.8,0.2,-5.0,0.0
1759417508.506,44.436948,8.880794,69.8,0.2,-5.0,0.0
1759417508.606,44.436948,8.880787,69.8,0.2,-5.0,0.0
1759417508.706,44.436948,8.880781,69.8,0.2,-5.0,0.0
1759417508.806,44.436948,8.880775,69.8,0.2,-5.0,0.0
1759417508.906,44.436949,8.880768,69.8,0.2,-5.0,0.0
1759417509.006,44.436949,8.880762,69.8,0.2,-5.0,0.0
1759417509.106,44.436949,8.880756,69.8,0.2,-5.0,0.0
1759417509.206,44.436949,8.88075,69.8,0.2,-5.0,0.0
1759417509.306,44.436949,8.880743,69.8,0.2,-5.0,0.0
1759417509.406,44.436949,8.880737,69.8,0.2,-5.0,0.0
1759417509.506,44.436949,8.880731,69.8,0.2,-5.0,0.0
1759417509.606,44.43695,8.880725,69.8,0.2,-5.0,0.0
1759417509.706,44.43695,8.880719,69.8,0.2,-5.0,0.0
1759417509.806,44.43695,8.880712,69.81,0.19,-5.0,0.0
1759417509.906,44.43695,8.880706,69.82,0.18,-5.0,0.0
1759417510.006,44.43695,8.8807,69.83,0.17,-5.0,0.0
1759417510.106,44.43695,8.880693,69.84,0.16,-5.0,0.0
1759417510.206,44.43695,8.880687,69.85,0.15,-5.0,0.0
1759417510.306,44.436951,8.880681,69.86,0.14,-5.0,0.0
1759417510.406,44.436951,8.880674,69.87,0.13,-5.0,0.0
1759417510.506,44.436951,8.880668,69.88,0.12,-5.0,0.0
1759417510.606,44.436951,8.880662,69.89,0.11,-5.0,0.0
1759417510.706,44.436951,8.880655,69.9,0.1,-5.0,0.0
1759417510.806,44.436951,8.880649,69.9,0.11,-5.0,0.0
1759417510.906,44.436951,8.880643,69.9,0.12,-5.0,0.0
1759417511.006,44.436952,8.880637,69.9,0.13,-5.0,0.0
1759417511.106,44.436952,8.880631,69.9,0.14,-5.0,0.0
1759417511.206,44.436952,8.880624,69.9,0.15,-5.0,0.0
1759417511.306,44.436952,8.880618,69.9,0.16,-5.0,0.0
1759417511.406,44.436952,8.880612,69.9,0.17,-5.0,0.0
1759417511.506,44.436952,8.880606,69.9,0.18,-5.0,0.0
1759417511.606,44.436952,8.8806,69.9,0.19,-5.0,0.0
1759417511.706,44.436952,8.880594,69.9,0.2,-5.0,0.0
1759417511.806,44.436953,8.880587,69.9,0.2,-5.0,0.0
1759417511.906,44.436953,8.880581,69.9,0.2,-5.0,0.0
1759417512.006,44.436953,8.880575,69.9,0.2,-5.0,0.0
1759417512.106,44.436953,8.880568,69.9,0.2,-5.0,0.0
1759417512.206,44.436953,8.880562,69.9,0.2,-5.0,0.0
1759417512.306,44.436953,8.880556,69.9,0.2,-5.0,0.0
1759417512.406,44.436953,8.880549,69.9,0.2,-5.0,0.0
1759417512.506,44.436954,8.880543,69.9,0.2,-5.0,0.0
1759417512.606,44.436954,8.880537,69.9,0.2,-5.0,0.0
1759417512.706,44.436954,8.88053,69.9,0.2,-5.0,0.0
1759417512.806,44.436954,8.880524,69.9,0.2,-5.0,0.0
1759417512.906,44.436954,8.880517,69.9,0.2,-5.0,0.0
1759417513.006,44.436954,8.880511,69.9,0.2,-5.0,0.0
1759417513.106,44.436954,8.880505,69.9,0.2,-5.0,0.0
1759417513.206,44.436955,8.880498,69.9,0.2,-5.0,0.0
1759417513.306,44.436955,8.880492,69.9,0.2,-5.0,0.0
1759417513.406,44.436955,8.880485,69.9,0.2,-5.0,0.0
1759417513.506,44.436955,8.880479,69.9,0.2,-5.0,0.0
1759417513.606,44.436955,8.880473,69.9,0.2,-5.0,0.0
1759417513.706,44.436955,8.880466,69.9,0.2,-5.0,0.0
1759417513.806,44.436955,8.88046,69.9,0.19,-5.0,0.0
1759417513.906,44.436956,8.880454,69.9,0.18,-5.0,0.0
1759417514.006,44.436956,8.880448,69.9,0.17,-5.0,0.0
1759417514.106,44.436956,8.880442,69.9,0.16,-5.0,0.0
1759417514.206,44.436956,8.880435,69.9,0.15,-5.0,0.0
1759417514.306,44.436956,8.880429,69.9,0.14,-5.0,0.0
1759417514.406,44.436956,8.880423,69.9,0.13,-5.0,0.0
1759417514.506,44.436956,8.880417,69.9,0.12,-5.0,0.0
1759417514.606,44.436957,8.880411,69.9,0.11,-5.0,0.0
1759417514.706,44.436957,8.880405,69.9,0.1,-5.0,0.0
1759417514.806,44.436957,8.880399,69.9,0.11,-5.0,0.0
1759417514.906,44.436957,8.880392,69.9,0.12,-5.0,0.0
1759417515.006,44.436957,8.880386,69.9,0.13,-5.0,0.0
1759417515.106,44.436957,8.880379,69.9,0.14,-5.0,0.0
1759417515.206,44.436957,8.880373,69.9,0.15,-5.0,0.0
1759417515.306,44.436958,8.880367,69.9,0.16,-5.0,0.0
1759417515.406,44.436958,8.88036,69.9,0.17,-5.0,0.0
1759417515.506,44.436958,8.880354,69.9,0.18,-5.0,0.0
1759417515.606,44.436958,8.880348,69.9,0.19,-5.0,0.0
1759417515.706,44.436958,8.880341,69.9,0.2,-5.0,0.0
1759417515.806,44.436958,8.880335,69.9,0.2,-5.0,0.0
1759417515.906,44.436958,8.880328,69.9,0.2,-5.0,0.0
1759417516.006,44.436959,8.880322,69.9,0.2,-5.0,0.0
1759417516.106,44.436959,8.880316,69.9,0.2,-5.0,0.0
1759417516.206,44.436959,8.880309,69.9,0.2,-5.0,0.0
1759417516.306,44.436959,8.880303,69.9,0.2,-5.0,0.0
1759417516.406,44.436959,8.880296,69.9,0.2,-5.0,0.0
1759417516.506,44.436959,8.88029,69.9,0.2,-5.0,0.0
1759417516.606,44.436959,8.880283,69.9,0.2,-5.0,0.0
1759417516.706,44.436959,8.880277,69.9,0.2,-5.0,0.0
1759417516.806,44.43696,8.880271,69.9,0.2,-5.0,0.0
1759417516.906,44.43696,8.880265,69.9,0.2,-5.0,0.0
1759417517.006,44.43696,8.880258,69.9,0.2,-5.0,0.0
1759417517.106,44.43696,8.880252,69.9,0.2,-5.0,0.0
1759417517.206,44.43696,8.880246,69.9,0.2,-5.0,0.0
1759417517.306,44.43696,8.88024,69.9,0.2,-5.0,0.0
1759417517.406,44.436961,8.880234,69.9,0.2,-5.0,0.0
1759417517.506,44.436961,8.880227,69.9,0.2,-5.0,0.0
1759417517.606,44.436961,8.880221,69.9,0.2,-5.0,0.0
1759417517.706,44.436961,8.880215,69.9,0.2,-5.0,0.0
1759417517.806,44.436961,8.880209,69.9,0.19,-5.0,0.0
1759417517.906,44.436961,8.880202,69.9,0.18,-5.0,0.0
1759417518.006,44.436961,8.880196,69.9,0.17,-5.0,0.0
1759417518.106,44.436962,8.88019,69.9,0.16,-5.0,0.0
1759417518.206,44.436962,8.880184,69.9,0.15,-5.0,0.0
1759417518.306,44.436962,8.880177,69.9,0.14,-5.0,0.0
1759417518.406,44.436962,8.880171,69.9,0.13,-5.0,0.0
1759417518.506,44.436962,8.880165,69.9,0.12,-5.0,0.0
1759417518.606,44.436962,8.880159,69.9,0.11,-5.0,0.0
1759417518.706,44.436962,8.880152,69.9,0.1,-5.0,0.0
1759417518.806,44.436963,8.880146,69.9,0.11,-5.0,0.0
1759417518.906,44.436963,8.88014,69.9,0.12,-5.0,0.0
1759417519.006,44.436963,8.880134,69.9,0.13,-5.0,0.0
1759417519.106,44.436963,8.880127,69.9,0.14,-5.0,0.0
1759417519.206,44.436963,8.880121,69.9,0.15,-5.0,0.0
1759417519.306,44.436963,8.880115,69.9,0.16,-5.0,0.0
1759417519.406,44.436963,8.880109,69.9,0.17,-5.0,0.0
1759417519.506,44.436963,8.880102,69.9,0.18,-5.0,0.0
1759417519.606,44.436964,8.880096,69.9,0.19,-5.0,0.0
1759417519.706,44.436964,8.88009,69.9,0.2,-5.0,0.0
1759417519.806,44.436964,8.880084,69.9,0.2,-5.0,0.0
1759417519.906,44.436964,8.880077,69.9,0.2,-5.0,0.0
1759417520.006,44.436964,8.880071,69.9,0.2,-5.0,0.0
1759417520.106,44.436964,8.880065,69.9,0.2,-5.0,0.0
1759417520.206,44.436964,8.880058,69.9,0.2,-5.0,0.0
1759417520.306,44.436965,8.880052,69.9,0.2,-5.0,0.0
1759417520.406,44.436965,8.880046,69.9,0.2,-5.0,0.0
1759417520.506,44.436965,8.880039,69.9,0.2,-5.0,0.0
1759417520.606,44.436965,8.880033,69.9,0.2,-5.0,0.0
1759417520.706,44.436965,8.880027,69.9,0.2,-5.0,0.0
1759417520.806,44.436965,8.88002,69.9,0.19,-5.0,0.0
1759417520.906,44.436965,8.880014,69.9,0.18,-5.0,0.0
1759417521.006,44.436966,8.880007,69.9,0.17,-5.0,0.0
1759417521.106,44.436966,8.880001,69.9,0.16,-5.0,0.0
1759417521.206,44.436966,8.879995,69.9,0.15,-5.0,0.0
1759417521.306,44.436966,8.879988,69.9,0.14,-5.0,0.0
1759417521.406,44.436966,8.879982,69.9,0.13,-5.0,0.0
1759417521.506,44.436966,8.879975,69.9,0.12,-5.0,0.0
1759417521.606,44.436966,8.879969,69.9,0.11,-5.0,0.0
1759417521.706,44.436967,8.879962,69.9,0.1,-5.0,0.0
1759417521.806,44.436967,8.879956,69.9,0.11,-5.0,0.0
1759417521.906,44.436967,8.87995,69.9,0.12,-5.0,0.0
1759417522.006,44.436967,8.879944,69.9,0.13,-5.0,0.0
1759417522.106,44.436967,8.879938,69.9,0.14,-5.0,0.0
1759417522.206,44.436967,8.879932,69.9,0.15,-5.0,0.0
1759417522.306,44.436967,8.879925,69.9,0.16,-5.0,0.0
1759417522.406,44.436968,8.879919,69.9,0.17,-5.0,0.0
1759417522.506,44.436968,8.879913,69.9,0.18,-5.0,0.0
1759417522.606,44.436968,8.879907,69.9,0.19,-5.0,0.0
1759417522.706,44.436968,8.879901,69.9,0.2,-5.0,0.0
1759417522.806,44.436968,8.879895,69.9,0.2,-5.0,0.0
1759417522.906,44.436968,8.879888,69.9,0.2,-5.0,0.0
1759417523.006,44.436968,8.879882,69.9,0.2,-5.0,0.0
1759417523.106,44.436968,8.879876,69.9,0.2,-5.0,0.0
1759417523.206,44.436969,8.879869,69.9,0.2,-5.0,0.0
1759417523.306,44.436969,8.879863,69.9,0.2,-5.0,0.0
1759417523.406,44.436969,8.879857,69.9,0.2,-5.0,0.0
1759417523.506,44.436969,8.87985,69.9,0.2,-5.0,0.0
1759417523.606,44.436969,8.879844,69.9,0.2,-5.0,0.0
1759417523.706,44.436969,8.879837,69.9,0.2,-5.0,0.0
1759417523.806,44.436969,8.879831,69.9,0.2,-5.0,0.0
1759417523.906,44.43697,8.879825,69.9,0.2,-5.0,0.0
1759417524.006,44.43697,8.879818,69.9,0.2,-5.0,0.0
1759417524.106,44.43697,8.879812,69.9,0.2,-5.0,0.0
1759417524.206,44.43697,8.879805,69.9,0.2,-5.0,0.0
1759417524.306,44.43697,8.879799,69.9,0.2,-5.0,0.0
1759417524.406,44.43697,8.879793,69.9,0.2,-5.0,0.0
1759417524.506,44.43697,8.879786,69.9,0.2,-5.0,0.0
1759417524.606,44.436971,8.87978,69.9,0.2,-5.0,0.0
1759417524.706,44.436971,8.879773,69.9,0.2,-5.0,0.0
1759417524.806,44.436971,8.879767,69.9,0.19,-5.0,0.0
1759417524.906,44.436971,8.879761,69.9,0.18,-5.0,0.0
1759417525.006,44.436971,8.879755,69.9,0.17,-5.0,0.0
1759417525.106,44.436971,8.879749,69.9,0.16,-5.0,0.0
1759417525.206,44.436972,8.879742,69.9,0.15,-5.0,0.0
1759417525.306,44.436972,8.879736,69.9,0.14,-5.0,0.0
1759417525.406,44.436972,8.87973,69.9,0.13,-5.0,0.0
1759417525.506,44.436972,8.879724,69.9,0.12,-5.0,0.0
1759417525.606,44.436972,8.879717,69.9,0.11,-5.0,0.0
1759417525.706,44.436972,8.879711,69.9,0.1,-5.0,0.0
1759417525.806,44.436972,8.879705,69.9,0.11,-5.0,0.0
1759417525.906,44.436973,8.879699,69.9,0.12,-5.0,0.0
1759417526.006,44.436973,8.879692,69.9,0.13,-5.0,0.0
1759417526.106,44.436973,8.879686,69.9,0.14,-5.0,0.0
1759417526.206,44.436973,8.87968,69.9,0.15,-5.0,0.0
1759417526.306,44.436973,8.879674,69.9,0.16,-5.0,0.0
1759417526.406,44.436973,8.879667,69.9,0.17,-5.0,0.0
1759417526.506,44.436973,8.879661,69.9,0.18,-5.0,0.0
1759417526.606,44.436973,8.879655,69.9,0.19,-5.0,0.0
1759417526.706,44.436974,8.879648,69.9,0.2,-5.0,0.0
1759417526.806,44.436974,8.879642,69.9,0.2,-5.0,0.0
1759417526.906,44.436974,8.879636,69.9,0.2,-5.0,0.0
1759417527.006,44.436974,8.87963,69.9,0.2,-5.0,0.0
1759417527.106,44.436974,8.879623,69.9,0.2,-5.0,0.0
1759417527.206,44.436974,8.879617,69.9,0.2,-5.0,0.0
1759417527.306,44.436974,8.879611,69.9,0.2,-5.0,0.0
1759417527.406,44.436975,8.879605,69.9,0.2,-5.0,0.0
1759417527.506,44.436975,8.879598,69.9,0.2,-5.0,0.0
1759417527.606,44.436975,8.879592,69.9,0.2,-5.0,0.0
1759417527.706,44.436975,8.879586,69.9,0.2,-5.0,0.0
1759417527.806,44.436975,8.879579,69.91,0.2,-5.0,0.0
1759417527.906,44.436975,8.879573,69.92,0.2,-5.0,0.0
1759417528.006,44.436975,8.879567,69.93,0.2,-5.0,0.0
1759417528.106,44.436976,8.87956,69.94,0.2,-5.0,0.0
1759417528.206,44.436976,8.879554,69.95,0.2,-5.0,0.0
1759417528.306,44.436976,8.879548,69.96,0.2,-5.0,0.0
1759417528.406,44.436976,8.879541,69.97,0.2,-5.0,0.0
1759417528.506,44.436976,8.879535,69.98,0.2,-5.0,0.0
1759417528.606,44.436976,8.879529,69.99,0.2,-5.0,0.0
1759417528.706,44.436976,8.879522,70.0,0.2,-5.0,0.0
1759417528.806,44.436977,8.879516,70.0,0.19,-5.0,0.0
1759417528.906,44.436977,8.87951,70.0,0.18,-5.0,0.0
1759417529.006,44.436977,8.879503,70.0,0.17,-5.0,0.0
1759417529.106,44.436977,8.879497,70.0,0.16,-5.0,0.0
1759417529.206,44.436977,8.879491,70.0,0.15,-5.0,0.0
1759417529.306,44.436977,8.879484,70.0,0.14,-5.0,0.0
1759417529.406,44.436977,8.879478,70.0,0.13,-5.0,0.0
1759417529.506,44.436978,8.879472,70.0,0.12,-5.0,0.0
1759417529.606,44.436978,8.879465,70.0,0.11,-5.0,0.0
1759417529.706,44.436978,8.879459,70.0,0.1,-5.0,0.0
1759417529.806,44.436978,8.879453,70.0,0.11,-5.0,0.0
1759417529.906,44.436978,8.879446,70.0,0.12,-5.0,0.0
1759417530.006,44.436978,8.87944,70.0,0.13,-5.0,0.0
1759417530.106,44.436978,8.879434,70.0,0.14,-5.0,0.0
1759417530.206,44.436979,8.879428,70.0,0.15,-5.0,0.0
1759417530.306,44.436979,8.879421,70.0,0.16,-5.0,0.0
1759417530.406,44.436979,8.879415,70.0,0.17,-5.0,0.0
1759417530.506,44.436979,8.879409,70.0,0.18,-5.0,0.0
1759417530.606,44.436979,8.879403,70.0,0.19,-5.0,0.0
1759417530.706,44.436979,8.879396,70.0,0.2,-5.0,0.0
1759417530.806,44.436979,8.87939,70.0,0.2,-5.0,0.0
1759417530.906,44.436979,8.879384,70.0,0.2,-5.0,0.0
1759417531.006,44.43698,8.879378,70.0,0.2,-5.0,0.0
1759417531.106,44.43698,8.879371,70.0,0.2,-5.0,0.0
1759417531.206,44.43698,8.879365,70.0,0.2,-5.0,0.0
1759417531.306,44.43698,8.879358,70.0,0.2,-5.0,0.0
1759417531.406,44.43698,8.879352,70.0,0.2,-5.0,0.0
1759417531.506,44.43698,8.879346,70.0,0.2,-5.0,0.0
1759417531.606,44.43698,8.879339,70.0,0.2,-5.0,0.0
1759417531.706,44.436981,8.879333,70.0,0.2,-5.0,0.0
1759417531.806,44.436981,8.879327,70.0,0.19,-5.0,0.0
1759417531.906,44.436981,8.879321,70.0,0.18,-5.0,0.0
1759417532.006,44.436981,8.879314,70.0,0.17,-5.0,0.0
1759417532.106,44.436981,8.879308,70.0,0.16,-5.0,0.0
1759417532.206,44.436981,8.879302,70.0,0.15,-5.0,0.0
1759417532.306,44.436981,8.879296,70.0,0.14,-5.0,0.0
1759417532.406,44.436982,8.87929,70.0,0.13,-5.0,0.0
1759417532.506,44.436982,8.879283,70.0,0.12,-5.0,0.0
1759417532.606,44.436982,8.879277,70.0,0.11,-5.0,0.0
1759417532.706,44.436982,8.879271,70.0,0.1,-5.0,0.0
1759417532.806,44.436982,8.879265,70.0,0.11,-5.0,0.0
1759417532.906,44.436982,8.879258,70.0,0.12,-5.0,0.0
1759417533.006,44.436982,8.879252,70.0,0.13,-5.0,0.0
1759417533.106,44.436983,8.879246,70.0,0.14,-5.0,0.0
1759417533.206,44.436983,8.879239,70.0,0.15,-5.0,0.0
1759417533.306,44.436983,8.879233,70.0,0.16,-5.0,0.0
1759417533.406,44.436983,8.879227,70.0,0.17,-5.0,0.0
1759417533.506,44.436983,8.87922,70.0,0.18,-5.0,0.0
1759417533.606,44.436983,8.879214,70.0,0.19,-5.0,0.0
1759417533.706,44.436983,8.879208,70.0,0.2,-5.0,0.0
1759417533.806,44.436984,8.879201,70.0,0.2,-5.0,0.0
1759417533.906,44.436984,8.879195,70.0,0.2,-5.0,0.0
1759417534.006,44.436984,8.879189,70.0,0.2,-5.0,0.0
1759417534.106,44.436984,8.879183,70.0,0.2,-5.0,0.0
1759417534.206,44.436984,8.879176,70.0,0.2,-5.0,0.0
1759417534.306,44.436984,8.87917,70.0,0.2,-5.0,0.0
1759417534.406,44.436984,8.879164,70.0,0.2,-5.0,0.0
1759417534.506,44.436984,8.879157,70.0,0.2,-5.0,0.0
1759417534.606,44.436985,8.879151,70.0,0.2,-5.0,0.0
1759417534.706,44.436985,8.879145,70.0,0.2,-5.0,0.0
1759417534.806,44.436985,8.879139,70.0,0.19,-4.92,0.0
1759417534.906,44.436985,8.879132,70.0,0.18,-4.77,0.0
1759417535.006,44.436985,8.879126,70.0,0.17,-4.62,0.0
1759417535.106,44.436985,8.87912,70.0,0.16,-4.47,0.0
1759417535.206,44.436985,8.879114,70.0,0.15,-4.32,0.0
1759417535.306,44.436986,8.879108,70.0,0.14,-4.17,0.0
1759417535.406,44.436986,8.879101,70.0,0.13,-4.02,0.0
1759417535.506,44.436986,8.879095,70.0,0.12,-3.87,0.0
1759417535.606,44.436986,8.879089,70.0,0.11,-3.72,0.0
1759417535.706,44.436986,8.879083,70.0,0.1,-3.57,0.0
1759417535.806,44.436986,8.879077,70.0,0.1,-3.43,0.0
1759417535.906,44.436987,8.879071,70.0,0.1,-3.31,0.0
1759417536.006,44.436987,8.879065,70.0,0.1,-3.19,0.0
1759417536.106,44.436987,8.87906,70.0,0.1,-3.07,0.0
1759417536.206,44.436987,8.879054,70.0,0.1,-2.95,0.0
1759417536.306,44.436987,8.879049,70.0,0.1,-2.83,0.0
1759417536.406,44.436987,8.879043,70.0,0.1,-2.71,0.0
1759417536.506,44.436987,8.879037,70.0,0.1,-2.59,0.0
1759417536.606,44.436987,8.879032,70.0,0.1,-2.47,0.0
1759417536.706,44.436988,8.879026,70.0,0.1,-2.35,0.0
1759417536.806,44.436988,8.879022,70.0,0.18,-2.28,0.0
1759417536.906,44.436988,8.879018,70.0,0.32,-2.24,0.0
1759417537.006,44.436988,8.879015,70.0,0.46,-2.2,0.0
1759417537.106,44.436988,8.879011,70.0,0.6,-2.16,0.0
1759417537.206,44.436988,8.879008,70.0,0.74,-2.12,0.0
1759417537.306,44.436988,8.879004,70.0,0.88,-2.08,0.0
1759417537.406,44.436988,8.879001,70.0,1.02,-2.04,0.0
1759417537.506,44.436988,8.878997,70.0,1.16,-2.0,0.0
1759417537.606,44.436988,8.878994,70.0,1.3,-1.96,0.0
1759417537.706,44.436989,8.87899,70.0,1.44,-1.92,0.0
1759417537.806,44.436989,8.878988,70.0,1.6,-1.96,0.01
1759417537.906,44.436989,8.878985,70.0,1.79,-2.07,0.02
1759417538.006,44.43699,8.878983,70.0,1.98,-2.18,0.03
1759417538.106,44.43699,8.87898,70.0,2.18,-2.29,0.04
1759417538.206,44.43699,8.878978,70.0,2.37,-2.4,0.05
1759417538.306,44.436991,8.878975,70.0,2.56,-2.51,0.06
1759417538.406,44.436991,8.878973,70.0,2.75,-2.62,0.07
1759417538.506,44.436992,8.87897,70.0,2.94,-2.73,0.08
1759417538.606,44.436992,8.878968,70.0,3.13,-2.84,0.09
1759417538.706,44.436992,8.878965,70.0,3.32,-2.95,0.1
1759417538.806,44.436994,8.878963,70.0,3.43,-3.03,0.09
1759417538.906,44.436996,8.87896,70.0,3.48,-3.08,0.07
1759417539.006,44.436998,8.878957,70.0,3.53,-3.13,0.05
1759417539.106,44.437,8.878955,70.0,3.58,-3.18,0.03
1759417539.206,44.437002,8.878952,70.0,3.63,-3.23,0.01
1759417539.306,44.437004,8.878949,70.0,3.68,-3.28,-0.01
1759417539.406,44.437007,8.878947,70.0,3.73,-3.33,-0.03
1759417539.506,44.437009,8.878944,70.0,3.78,-3.38,-0.05
1759417539.606,44.437011,8.878942,70.0,3.83,-3.43,-0.07
1759417539.706,44.437013,8.878939,70.0,3.88,-3.48,-0.09
1759417539.806,44.437016,8.878935,69.99,3.87,-3.49,-0.1
1759417539.906,44.43702,8.878931,69.98,3.83,-3.48,-0.1
1759417540.006,44.437023,8.878926,69.97,3.79,-3.47,-0.1
1759417540.106,44.437027,8.878922,69.96,3.75,-3.46,-0.1
1759417540.206,44.43703,8.878918,69.95,3.71,-3.45,-0.1
1759417540.306,44.437034,8.878914,69.94,3.68,-3.44,-0.1
1759417540.406,44.437037,8.878909,69.93,3.64,-3.43,-0.1
1759417540.506,44.437041,8.878905,69.92,3.6,-3.42,-0.1
1759417540.606,44.437044,8.878901,69.91,3.56,-3.41,-0.1
1759417540.706,44.437048,8.878896,69.9,3.52,-3.4,-0.1
1759417540.806,44.437051,8.878892,69.91,3.46,-3.36,-0.09
1759417540.906,44.437055,8.878887,69.92,3.38,-3.28,-0.08
1759417541.006,44.437058,8.878883,69.93,3.3,-3.2,-0.07
1759417541.106,44.437062,8.878878,69.94,3.22,-3.12,-0.06
1759417541.206,44.437065,8.878873,69.95,3.14,-3.04,-0.05
1759417541.306,44.437069,8.878869,69.96,3.06,-2.96,-0.04
1759417541.406,44.437072,8.878864,69.97,2.98,-2.88,-0.03
1759417541.506,44.437076,8.87886,69.98,2.9,-2.8,-0.02
1759417541.606,44.437079,8.878855,69.99,2.82,-2.72,-0.01
1759417541.706,44.437083,8.878851,70.0,2.74,-2.64,-0.0
1759417541.806,44.437086,8.878846,70.0,2.65,-2.54,0.0
1759417541.906,44.437089,8.878842,70.0,2.56,-2.44,0.0
1759417542.006,44.437092,8.878838,70.0,2.47,-2.34,0.0
1759417542.106,44.437095,8.878834,70.0,2.38,-2.24,0.0
1759417542.206,44.437098,8.87883,70.0,2.28,-2.14,0.0
1759417542.306,44.437101,8.878826,70.0,2.19,-2.04,0.0
1759417542.406,44.437104,8.878822,70.0,2.1,-1.94,0.0
1759417542.506,44.437107,8.878818,70.0,2.01,-1.83,0.0
1759417542.606,44.43711,8.878814,70.0,1.92,-1.73,0.0
1759417542.706,44.437113,8.878809,70.0,1.83,-1.63,0.0
1759417542.806,44.437115,8.878807,70.0,1.79,-1.63,0.0
1759417542.906,44.437117,8.878804,70.0,1.77,-1.68,0.0
1759417543.006,44.437119,8.878802,70.0,1.75,-1.73,0.0
1759417543.106,44.437121,8.878799,70.0,1.73,-1.78,0.0
1759417543.206,44.437123,8.878797,70.0,1.71,-1.83,0.0
1759417543.306,44.437125,8.878794,70.0,1.69,-1.88,0.0
1759417543.406,44.437127,8.878792,70.0,1.67,-1.93,0.0
1759417543.506,44.437129,8.878789,70.0,1.65,-1.98,0.0
1759417543.606,44.437131,8.878787,70.0,1.63,-2.03,0.0
1759417543.706,44.437133,8.878784,70.0,1.61,-2.08,0.0
1759417543.806,44.437135,8.878782,70.0,1.53,-2.17,0.0
1759417543.906,44.437136,8.87878,70.0,1.4,-2.3,0.0
1759417544.006,44.437138,8.878778,70.0,1.27,-2.43,0.0
1759417544.106,44.437139,8.878777,70.0,1.14,-2.56,0.0
1759417544.206,44.437141,8.878775,70.0,1.01,-2.69,0.0
1759417544.306,44.437143,8.878773,70.0,0.88,-2.82,0.0
1759417544.406,44.437144,8.878771,70.0,0.75,-2.95,0.0
1759417544.506,44.437146,8.878769,70.0,0.62,-3.08,0.0
1759417544.606,44.437147,8.878767,70.0,0.49,-3.21,0.0
1759417544.706,44.437149,8.878765,70.0,0.36,-3.34,0.0
1759417544.806,44.43715,8.878763,70.0,0.31,-3.5,0.0
1759417544.906,44.437151,8.87876,70.0,0.32,-3.68,0.0
1759417545.006,44.437151,8.878757,70.0,0.33,-3.87,0.0
1759417545.106,44.437152,8.878754,70.0,0.34,-4.05,0.0
1759417545.206,44.437153,8.878751,70.0,0.35,-4.23,0.0
1759417545.306,44.437154,8.878748,70.0,0.36,-4.41,0.0
1759417545.406,44.437154,8.878745,70.0,0.37,-4.59,0.0
1759417545.506,44.437155,8.878741,70.0,0.38,-4.78,0.0
1759417545.606,44.437156,8.878738,70.0,0.39,-4.96,0.0
1759417545.706,44.437157,8.878735,70.0,0.4,-5.14,0.0
1759417545.806,44.437157,8.878731,69.99,0.42,-5.19,-0.01
1759417545.906,44.437157,8.878725,69.98,0.45,-5.17,-0.02
1759417546.006,44.437157,8.878719,69.97,0.48,-5.15,-0.03
1759417546.106,44.437157,8.878714,69.96,0.51,-5.13,-0.04
1759417546.206,44.437158,8.878708,69.95,0.54,-5.11,-0.05
1759417546.306,44.437158,8.878702,69.94,0.57,-5.09,-0.06
1759417546.406,44.437158,8.878697,69.93,0.6,-5.07,-0.07
1759417546.506,44.437158,8.878691,69.92,0.63,-5.05,-0.08
1759417546.606,44.437158,8.878686,69.91,0.66,-5.03,-0.09
1759417546.706,44.437158,8.87868,69.9,0.69,-5.01,-0.1
1759417546.806,44.437159,8.878674,69.91,0.71,-4.98,-0.09
1759417546.906,44.437159,8.878667,69.92,0.72,-4.95,-0.08
1759417547.006,44.437159,8.87866,69.93,0.73,-4.92,-0.07
1759417547.106,44.43716,8.878653,69.94,0.74,-4.89,-0.06
1759417547.206,44.43716,8.878646,69.95,0.75,-4.86,-0.05
1759417547.306,44.437161,8.878639,69.96,0.76,-4.83,-0.04
1759417547.406,44.437161,8.878633,69.97,0.77,-4.8,-0.03
1759417547.506,44.437162,8.878626,69.98,0.78,-4.77,-0.02
1759417547.606,44.437162,8.878619,69.99,0.79,-4.74,-0.01
1759417547.706,44.437163,8.878612,70.0,0.8,-4.71,-0.0
1759417547.806,44.437163,8.878606,70.0,0.78,-4.65,0.0
1759417547.906,44.437164,8.8786,70.0,0.75,-4.57,0.0
1759417548.006,44.437165,8.878593,70.0,0.72,-4.49,0.0
1759417548.106,44.437166,8.878587,70.0,0.69,-4.41,0.0
1759417548.206,44.437166,8.878581,70.0,0.66,-4.33,0.0
1759417548.306,44.437167,8.878575,70.0,0.63,-4.25,0.0
1759417548.406,44.437168,8.878568,70.0,0.6,-4.17,0.0
1759417548.506,44.437169,8.878562,70.0,0.57,-4.09,0.0
1759417548.606,44.43717,8.878556,70.0,0.54,-4.01,0.0
1759417548.706,44.43717,8.87855,70.0,0.51,-3.93,0.0
1759417548.806,44.437171,8.878544,70.0,0.47,-3.81,0.0
1759417548.906,44.437172,8.878538,70.0,0.43,-3.68,0.0
1759417549.006,44.437173,8.878533,70.0,0.39,-3.55,0.0
1759417549.106,44.437173,8.878527,70.0,0.35,-3.42,0.0
1759417549.206,44.437174,8.878522,70.0,0.31,-3.29,0.0
1759417549.306,44.437175,8.878516,70.0,0.27,-3.16,0.0
1759417549.406,44.437175,8.87851,70.0,0.23,-3.03,0.0
1759417549.506,44.437176,8.878505,70.0,0.19,-2.9,0.0
1759417549.606,44.437177,8.878499,70.0,0.15,-2.77,0.0
1759417549.706,44.437177,8.878493,70.0,0.11,-2.64,0.0
1759417549.806,44.437178,8.878489,70.0,0.07,-2.59,0.0
1759417549.906,44.437178,8.878485,70.0,0.02,-2.58,0.0
1759417550.006,44.437178,8.878481,70.0,-0.03,-2.57,0.0
1759417550.106,44.437178,8.878477,70.0,-0.08,-2.56,0.0
1759417550.206,44.437179,8.878473,70.0,-0.13,-2.55,0.0
1759417550.306,44.437179,8.878469,70.0,-0.18,-2.54,0.0
1759417550.406,44.437179,8.878465,70.0,-0.23,-2.53,0.0
1759417550.506,44.43718,8.878461,70.0,-0.28,-2.52,0.0
1759417550.606,44.43718,8.878457,70.0,-0.33,-2.51,0.0
1759417550.706,44.43718,8.878453,70.0,-0.38,-2.5,0.0
1759417550.806,44.43718,8.87845,70.0,-0.5,-2.52,0.0
1759417550.906,44.43718,8.878447,70.0,-0.68,-2.56,0.0
1759417551.006,44.43718,8.878444,70.0,-0.87,-2.6,0.0
1759417551.106,44.43718,8.878441,70.0,-1.05,-2.64,0.0
1759417551.206,44.43718,8.878438,70.0,-1.23,-2.68,0.0
1759417551.306,44.43718,8.878435,70.0,-1.41,-2.72,0.0
1759417551.406,44.43718,8.878432,70.0,-1.59,-2.77,0.0
1759417551.506,44.43718,8.878429,70.0,-1.78,-2.81,0.0
1759417551.606,44.43718,8.878426,70.0,-1.96,-2.85,0.0
1759417551.706,44.43718,8.878423,70.0,-2.14,-2.89,0.0
1759417551.806,44.43718,8.87842,70.0,-2.27,-2.98,0.0
1759417551.906,44.437178,8.878417,70.0,-2.37,-3.1,0.0
1759417552.006,44.437177,8.878414,70.0,-2.47,-3.22,0.0
1759417552.106,44.437176,8.878411,70.0,-2.57,-3.34,0.0
1759417552.206,44.437175,8.878407,70.0,-2.67,-3.46,0.0
1759417552.306,44.437174,8.878404,70.0,-2.77,-3.58,0.0
1759417552.406,44.437173,8.878401,70.0,-2.87,-3.7,0.0
1759417552.506,44.437172,8.878398,70.0,-2.97,-3.82,0.0
1759417552.606,44.437171,8.878395,70.0,-3.07,-3.94,0.0
1759417552.706,44.43717,8.878392,70.0,-3.17,-4.06,0.0
1759417552.806,44.437167,8.878388,70.0,-3.18,-4.11,0.0
1759417552.906,44.437165,8.878384,70.0,-3.15,-4.12,0.0
1759417553.006,44.437162,8.878379,70.0,-3.12,-4.13,0.0
1759417553.106,44.43716,8.878375,70.0,-3.09,-4.14,0.0
1759417553.206,44.437157,8.87837,70.0,-3.06,-4.15,0.0
1759417553.306,44.437155,8.878366,70.0,-3.03,-4.16,0.0
1759417553.406,44.437152,8.878362,70.0,-3.0,-4.17,0.0
1759417553.506,44.437149,8.878357,70.0,-2.97,-4.18,0.0
1759417553.606,44.437147,8.878353,70.0,-2.94,-4.19,0.0
1759417553.706,44.437144,8.878348,70.0,-2.91,-4.2,0.0
1759417553.806,44.437141,8.878343,70.0,-2.86,-4.14,0.0
1759417553.906,44.437139,8.878338,70.0,-2.78,-4.03,0.0
1759417554.006,44.437136,8.878332,70.0,-2.7,-3.92,0.0
1759417554.106,44.437133,8.878327,70.0,-2.62,-3.81,0.0
1759417554.206,44.43713,8.878321,70.0,-2.54,-3.7,0.0
1759417554.306,44.437127,8.878316,70.0,-2.46,-3.59,0.0
1759417554.406,44.437124,8.87831,70.0,-2.38,-3.48,0.0
1759417554.506,44.437121,8.878305,70.0,-2.3,-3.37,0.0
1759417554.606,44.437118,8.878299,70.0,-2.22,-3.26,0.0
1759417554.706,44.437115,8.878294,70.0,-2.14,-3.15,0.0
1759417554.806,44.437113,8.878288,70.0,-2.05,-3.03,0.0
1759417554.906,44.43711,8.878283,70.0,-1.96,-2.9,0.0
1759417555.006,44.437108,8.878278,70.0,-1.87,-2.77,0.0
1759417555.106,44.437106,8.878273,70.0,-1.78,-2.64,0.0
1759417555.206,44.437103,8.878268,70.0,-1.69,-2.51,0.0
1759417555.306,44.437101,8.878263,70.0,-1.6,-2.38,0.0
1759417555.406,44.437099,8.878258,70.0,-1.51,-2.25,0.0
1759417555.506,44.437096,8.878253,70.0,-1.42,-2.12,0.0
1759417555.606,44.437094,8.878248,70.0,-1.33,-1.99,0.0
1759417555.706,44.437091,8.878243,70.0,-1.24,-1.86,0.0
1759417555.806,44.43709,8.87824,70.0,-1.23,-1.77,0.0
1759417555.906,44.437088,8.878236,70.0,-1.29,-1.72,0.0
1759417556.006,44.437087,8.878233,70.0,-1.36,-1.67,0.0
1759417556.106,44.437085,8.87823,70.0,-1.42,-1.62,0.0
1759417556.206,44.437084,8.878227,70.0,-1.48,-1.57,0.0
1759417556.306,44.437082,8.878224,70.0,-1.54,-1.52,0.0
1759417556.406,44.437081,8.878221,70.0,-1.6,-1.47,0.0
1759417556.506,44.437079,8.878218,70.0,-1.66,-1.42,0.0
1759417556.606,44.437078,8.878215,70.0,-1.72,-1.37,0.0
1759417556.706,44.437076,8.878212,70.0,-1.78,-1.32,0.0
1759417556.806,44.437075,8.87821,70.0,-1.93,-1.25,0.0
1759417556.906,44.437074,8.878208,70.0,-2.12,-1.18,0.0
1759417557.006,44.437073,8.878206,70.0,-2.3,-1.11,0.0
1759417557.106,44.437072,8.878204,70.0,-2.49,-1.05,0.0
1759417557.206,44.437071,8.878202,70.0,-2.68,-0.98,0.0
1759417557.306,44.43707,8.878201,70.0,-2.87,-0.91,0.0
1759417557.406,44.437069,8.878199,70.0,-3.05,-0.84,0.0
1759417557.506,44.437068,8.878197,70.0,-3.24,-0.77,0.0
1759417557.606,44.437067,8.878195,70.0,-3.43,-0.7,0.0
1759417557.706,44.437066,8.878193,70.0,-3.62,-0.63,0.0
1759417557.806,44.437064,8.878192,70.0,-3.78,-0.61,-0.01
1759417557.906,44.437062,8.878191,70.0,-3.93,-0.62,-0.02
1759417558.006,44.43706,8.87819,70.0,-4.08,-0.63,-0.03
1759417558.106,44.437057,8.878189,70.0,-4.23,-0.64,-0.04
1759417558.206,44.437055,8.878188,70.0,-4.38,-0.65,-0.05
1759417558.306,44.437053,8.878187,70.0,-4.53,-0.66,-0.06
1759417558.406,44.437051,8.878186,70.0,-4.68,-0.67,-0.07
1759417558.506,44.437049,8.878186,70.0,-4.83,-0.68,-0.08
1759417558.606,44.437046,8.878185,70.0,-4.98,-0.69,-0.09
1759417558.706,44.437044,8.878184,70.0,-5.13,-0.7,-0.1
1759417558.806,44.437041,8.878183,70.0,-5.19,-0.71,-0.1
1759417558.906,44.437037,8.878182,70.0,-5.17,-0.72,-0.1
1759417559.006,44.437032,8.878181,70.0,-5.15,-0.73,-0.1
1759417559.106,44.437028,8.87818,70.0,-5.13,-0.74,-0.1
1759417559.206,44.437024,8.87818,70.0,-5.11,-0.75,-0.1
1759417559.306,44.43702,8.878179,70.0,-5.09,-0.76,-0.1
1759417559.406,44.437016,8.878178,70.0,-5.07,-0.77,-0.1
1759417559.506,44.437011,8.878177,70.0,-5.05,-0.78,-0.1
1759417559.606,44.437007,8.878176,70.0,-5.03,-0.79,-0.1
1759417559.706,44.437003,8.878175,70.0,-5.01,-0.8,-0.1
1759417559.806,44.436998,8.878175,70.0,-4.98,-0.79,-0.09
1759417559.906,44.436993,8.878174,70.0,-4.95,-0.78,-0.08
1759417560.006,44.436988,8.878173,70.0,-4.92,-0.77,-0.07
1759417560.106,44.436984,8.878172,70.0,-4.89,-0.76,-0.06
1759417560.206,44.436979,8.878171,70.0,-4.86,-0.75,-0.05
1759417560.306,44.436974,8.87817,70.0,-4.83,-0.74,-0.04
1759417560.406,44.436969,8.878169,70.0,-4.8,-0.73,-0.03
1759417560.506,44.436964,8.878168,70.0,-4.77,-0.72,-0.02
1759417560.606,44.436959,8.878167,70.0,-4.74,-0.71,-0.01
1759417560.706,44.436954,8.878166,70.0,-4.71,-0.7,-0.0
1759417560.806,44.43695,8.878165,70.0,-4.63,-0.69,0.0
1759417560.906,44.436945,8.878164,70.0,-4.52,-0.67,0.0
1759417561.006,44.436941,8.878163,70.0,-4.41,-0.65,0.0
1759417561.106,44.436936,8.878162,70.0,-4.3,-0.63,0.0
1759417561.206,44.436932,8.878161,70.0,-4.19,-0.61,0.0
1759417561.306,44.436928,8.87816,70.0,-4.08,-0.59,0.0
1759417561.406,44.436923,8.878159,70.0,-3.97,-0.57,0.0
1759417561.506,44.436919,8.878158,70.0,-3.86,-0.55,0.0
1759417561.606,44.436914,8.878157,70.0,-3.75,-0.53,0.0
1759417561.706,44.43691,8.878156,70.0,-3.64,-0.51,0.0
1759417561.806,44.436906,8.878155,70.0,-3.55,-0.49,0.0
1759417561.906,44.436902,8.878154,70.0,-3.48,-0.48,0.0
1759417562.006,44.436899,8.878153,70.0,-3.41,-0.47,0.0
1759417562.106,44.436895,8.878153,70.0,-3.34,-0.46,0.0
1759417562.206,44.436891,8.878152,70.0,-3.27,-0.45,0.0
1759417562.306,44.436887,8.878151,70.0,-3.2,-0.44,0.0
1759417562.406,44.436883,8.87815,70.0,-3.13,-0.43,0.0
1759417562.506,44.43688,8.87815,70.0,-3.06,-0.42,0.0
1759417562.606,44.436876,8.878149,70.0,-2.99,-0.41,0.0
1759417562.706,44.436872,8.878148,70.0,-2.92,-0.4,0.0
1759417562.806,44.436869,8.878147,70.0,-2.89,-0.31,0.0
1759417562.906,44.436866,8.878147,70.0,-2.88,-0.18,0.0
1759417563.006,44.436864,8.878146,70.0,-2.87,-0.05,0.0
1759417563.106,44.436861,8.878146,70.0,-2.86,0.08,0.0
1759417563.206,44.436858,8.878146,70.0,-2.85,0.21,0.0
1759417563.306,44.436855,8.878145,70.0,-2.84,0.34,0.0
1759417563.406,44.436853,8.878145,70.0,-2.83,0.47,0.0
1759417563.506,44.43685,8.878144,70.0,-2.82,0.6,0.0
1759417563.606,44.436847,8.878144,70.0,-2.81,0.73,0.0
1759417563.706,44.436845,8.878143,70.0,-2.8,0.86,0.0
1759417563.806,44.436842,8.878143,70.0,-2.9,1.0,0.01
1759417563.906,44.43684,8.878143,70.0,-3.05,1.15,0.02
1759417564.006,44.436837,8.878143,70.0,-3.2,1.3,0.03
1759417564.106,44.436835,8.878143,70.0,-3.34,1.44,0.04
1759417564.206,44.436832,8.878143,70.0,-3.49,1.59,0.05
1759417564.306,44.43683,8.878143,70.0,-3.64,1.74,0.06
1759417564.406,44.436828,8.878143,70.0,-3.79,1.89,0.07
1759417564.506,44.436825,8.878142,70.0,-3.94,2.04,0.08
1759417564.606,44.436823,8.878142,70.0,-4.09,2.19,0.09
1759417564.706,44.43682,8.878142,70.0,-4.23,2.33,0.1
1759417564.806,44.436818,8.878143,70.0,-4.31,2.4,0.09
1759417564.906,44.436815,8.878146,70.0,-4.33,2.4,0.07
1759417565.006,44.436812,8.878148,70.0,-4.35,2.4,0.05
1759417565.106,44.436809,8.87815,70.0,-4.37,2.4,0.03
1759417565.206,44.436806,8.878152,70.0,-4.39,2.4,0.01
1759417565.306,44.436803,8.878154,70.0,-4.41,2.4,-0.01
1759417565.406,44.4368,8.878156,70.0,-4.43,2.4,-0.03
1759417565.506,44.436797,8.878158,70.0,-4.45,2.4,-0.05
1759417565.606,44.436794,8.878161,70.0,-4.47,2.4,-0.07
1759417565.706,44.436791,8.878163,70.0,-4.49,2.4,-0.09
1759417565.806,44.436787,8.878166,70.0,-4.41,2.34,-0.09
1759417565.906,44.436783,8.878169,70.0,-4.28,2.25,-0.08
1759417566.006,44.436778,8.878172,70.0,-4.15,2.16,-0.07
1759417566.106,44.436774,8.878175,70.0,-4.02,2.07,-0.06
1759417566.206,44.43677,8.878178,70.0,-3.89,1.98,-0.05
1759417566.306,44.436766,8.878182,70.0,-3.76,1.89,-0.04
1759417566.406,44.436762,8.878185,70.0,-3.63,1.8,-0.03
1759417566.506,44.436758,8.878188,70.0,-3.5,1.71,-0.02
1759417566.606,44.436754,8.878191,70.0,-3.37,1.62,-0.01
1759417566.706,44.436749,8.878194,70.0,-3.24,1.53,-0.0
1759417566.806,44.436746,8.878197,70.0,-3.13,1.46,0.0
1759417566.906,44.436742,8.8782,70.0,-3.02,1.4,0.0
1759417567.006,44.436738,8.878203,70.0,-2.91,1.34,0.0
1759417567.106,44.436734,8.878205,70.0,-2.8,1.28,0.0
1759417567.206,44.436731,8.878208,70.0,-2.69,1.22,0.0
1759417567.306,44.436727,8.878211,70.0,-2.58,1.16,0.0
1759417567.406,44.436723,8.878214,70.0,-2.47,1.1,0.0
1759417567.506,44.436719,8.878216,70.0,-2.37,1.04,0.0
1759417567.606,44.436716,8.878219,70.0,-2.26,0.99,0.0
1759417567.706,44.436712,8.878222,70.0,-2.15,0.93,0.0
1759417567.806,44.436709,8.878224,70.0,-2.04,0.98,0.0
1759417567.906,44.436707,8.878225,70.0,-1.94,1.12,0.0
1759417568.006,44.436705,8.878227,70.0,-1.84,1.26,0.0
1759417568.106,44.436703,8.878228,70.0,-1.74,1.4,0.0
1759417568.206,44.4367,8.87823,70.0,-1.64,1.55,0.0
1759417568.306,44.436698,8.878231,70.0,-1.54,1.69,0.0
1759417568.406,44.436696,8.878233,70.0,-1.44,1.83,0.0
1759417568.506,44.436694,8.878234,70.0,-1.34,1.97,0.0
1759417568.606,44.436692,8.878236,70.0,-1.23,2.11,0.0
1759417568.706,44.436689,8.878237,70.0,-1.13,2.25,0.0
1759417568.806,44.436688,8.878239,70.0,-1.16,2.46,0.0
1759417568.906,44.436686,8.87824,70.0,-1.25,2.7,0.0
1759417569.006,44.436685,8.878242,70.0,-1.34,2.93,0.0
1759417569.106,44.436684,8.878243,70.0,-1.43,3.17,0.0
1759417569.206,44.436682,8.878245,70.0,-1.52,3.41,0.0
1759417569.306,44.436681,8.878246,70.0,-1.6,3.65,0.0
1759417569.406,44.43668,8.878248,70.0,-1.69,3.88,0.0
1759417569.506,44.436678,8.878249,70.0,-1.78,4.12,0.0
1759417569.606,44.436677,8.878251,70.0,-1.87,4.36,0.0
1759417569.706,44.436676,8.878253,70.0,-1.96,4.6,0.0
1759417569.806,44.436675,8.878256,69.99,-2.01,4.71,-0.01
1759417569.906,44.436673,8.87826,69.98,-2.02,4.72,-0.02
1759417570.006,44.436672,8.878264,69.97,-2.03,4.73,-0.03
1759417570.106,44.436671,8.878269,69.96,-2.04,4.74,-0.04
1759417570.206,44.43667,8.878273,69.95,-2.05,4.75,-0.05
1759417570.306,44.436668,8.878277,69.94,-2.06,4.76,-0.06
1759417570.406,44.436667,8.878282,69.93,-2.07,4.77,-0.07
1759417570.506,44.436666,8.878286,69.92,-2.08,4.78,-0.08
1759417570.606,44.436665,8.878291,69.91,-2.09,4.79,-0.09
1759417570.706,44.436663,8.878295,69.9,-2.1,4.8,-0.1
1759417570.806,44.436662,8.8783,69.91,-2.09,4.78,-0.09
1759417570.906,44.43666,8.878307,69.92,-2.08,4.74,-0.08
1759417571.006,44.436658,8.878313,69.93,-2.07,4.7,-0.07
1759417571.106,44.436656,8.87832,69.94,-2.06,4.66,-0.06
1759417571.206,44.436654,8.878326,69.95,-2.05,4.62,-0.05
1759417571.306,44.436652,8.878333,69.96,-2.04,4.58,-0.04
1759417571.406,44.43665,8.878339,69.97,-2.03,4.53,-0.03
1759417571.506,44.436648,8.878345,69.98,-2.02,4.49,-0.02
1759417571.606,44.436646,8.878352,69.99,-2.01,4.45,-0.01
1759417571.706,44.436644,8.878358,70.0,-2.0,4.41,-0.0
1759417571.806,44.436642,8.878364,70.0,-1.97,4.33,0.0
1759417571.906,44.43664,8.87837,70.0,-1.92,4.23,0.0
1759417572.006,44.436638,8.878376,70.0,-1.87,4.13,0.0
1759417572.106,44.436636,8.878382,70.0,-1.82,4.03,0.0
1759417572.206,44.436634,8.878388,70.0,-1.77,3.93,0.0
1759417572.306,44.436632,8.878393,70.0,-1.72,3.83,0.0
1759417572.406,44.43663,8.878399,70.0,-1.67,3.73,0.0
1759417572.506,44.436629,8.878405,70.0,-1.62,3.63,0.0
1759417572.606,44.436627,8.878411,70.0,-1.57,3.53,0.0
1759417572.706,44.436625,8.878417,70.0,-1.52,3.43,0.0
1759417572.806,44.436623,8.878422,70.0,-1.47,3.32,0.0
1759417572.906,44.436622,8.878427,70.0,-1.42,3.21,0.0
1759417573.006,44.43662,8.878433,70.0,-1.37,3.1,0.0
1759417573.106,44.436618,8.878438,70.0,-1.32,2.99,0.0
1759417573.206,44.436617,8.878443,70.0,-1.27,2.88,0.0
1759417573.306,44.436615,8.878448,70.0,-1.22,2.77,0.0
1759417573.406,44.436613,8.878453,70.0,-1.17,2.66,0.0
1759417573.506,44.436612,8.878458,70.0,-1.12,2.55,0.0
1759417573.606,44.43661,8.878464,70.0,-1.07,2.44,0.0
1759417573.706,44.436608,8.878469,70.0,-1.02,2.33,0.0
1759417573.806,44.436607,8.878473,70.0,-0.95,2.31,0.0
1759417573.906,44.436606,8.878476,70.0,-0.87,2.33,0.0
1759417574.006,44.436605,8.878479,70.0,-0.79,2.35,0.0
1759417574.106,44.436604,8.878483,70.0,-0.71,2.37,0.0
1759417574.206,44.436603,8.878486,70.0,-0.63,2.39,0.0
1759417574.306,44.436602,8.878489,70.0,-0.55,2.41,0.0
1759417574.406,44.436601,8.878493,70.0,-0.47,2.43,0.0
1759417574.506,44.4366,8.878496,70.0,-0.39,2.45,0.0
1759417574.606,44.436599,8.878499,70.0,-0.31,2.47,0.0
1759417574.706,44.436598,8.878503,70.0,-0.23,2.49,0.0
1759417574.806,44.436597,8.878506,70.0,-0.1,2.56,0.0
1759417574.906,44.436597,8.878508,70.0,0.07,2.67,0.0
1759417575.006,44.436596,8.878511,70.0,0.24,2.78,0.0
1759417575.106,44.436595,8.878514,70.0,0.41,2.89,0.0
1759417575.206,44.436595,8.878517,70.0,0.58,3.0,0.0
1759417575.306,44.436594,8.878519,70.0,0.75,3.11,0.0
1759417575.406,44.436593,8.878522,70.0,0.92,3.22,0.0
1759417575.506,44.436592,8.878525,70.0,1.09,3.33,0.0
1759417575.606,44.436592,8.878528,70.0,1.26,3.44,0.0
1759417575.706,44.436591,8.87853,70.0,1.43,3.55,0.0
1759417575.806,44.436591,8.878534,70.0,1.52,3.67,0.0
1759417575.906,44.436591,8.878537,70.0,1.56,3.8,0.0
1759417576.006,44.436592,8.87854,70.0,1.6,3.93,0.0
1759417576.106,44.436592,8.878544,70.0,1.64,4.06,0.0
1759417576.206,44.436593,8.878547,70.0,1.68,4.19,0.0
1759417576.306,44.436593,8.878551,70.0,1.72,4.32,0.0
1759417576.406,44.436594,8.878554,70.0,1.76,4.45,0.0
1759417576.506,44.436594,8.878558,70.0,1.8,4.58,0.0
1759417576.606,44.436595,8.878561,70.0,1.84,4.71,0.0
1759417576.706,44.436595,8.878564,70.0,1.88,4.84,0.0
1759417576.806,44.436597,8.878569,70.0,1.88,4.89,0.0
1759417576.906,44.436598,8.878575,70.0,1.85,4.87,0.0
1759417577.006,44.4366,8.87858,70.0,1.82,4.85,0.0
1759417577.106,44.436601,8.878586,70.0,1.79,4.83,0.0
1759417577.206,44.436603,8.878591,70.0,1.76,4.81,0.0
1759417577.306,44.436604,8.878597,70.0,1.73,4.79,0.0
1759417577.406,44.436606,8.878603,70.0,1.7,4.77,0.0
1759417577.506,44.436608,8.878608,70.0,1.67,4.75,0.0
1759417577.606,44.436609,8.878614,70.0,1.64,4.73,0.0
1759417577.706,44.436611,8.878619,70.0,1.61,4.71,0.0
1759417577.806,44.436612,8.878625,70.0,1.58,4.65,0.0
1759417577.906,44.436614,8.878632,70.0,1.55,4.56,0.0
1759417578.006,44.436616,8.878638,70.0,1.52,4.47,0.0
1759417578.106,44.436617,8.878645,70.0,1.49,4.38,0.0
1759417578.206,44.436619,8.878651,70.0,1.46,4.29,0.0
1759417578.306,44.436621,8.878658,70.0,1.43,4.19,0.0
1759417578.406,44.436622,8.878664,70.0,1.4,4.1,0.0
1759417578.506,44.436624,8.87867,70.0,1.37,4.01,0.0
1759417578.606,44.436626,8.878677,70.0,1.34,3.92,0.0
1759417578.706,44.436627,8.878683,70.0,1.31,3.83,0.0
1759417578.806,44.436629,8.878689,70.0,1.27,3.7,0.0
1759417578.906,44.43663,8.878695,70.0,1.22,3.55,0.0
1759417579.006,44.436632,8.878701,70.0,1.17,3.4,0.0
1759417579.106,44.436633,8.878706,70.0,1.12,3.25,0.0
1759417579.206,44.436634,8.878712,70.0,1.07,3.11,0.0
1759417579.306,44.436636,8.878718,70.0,1.02,2.96,0.0
1759417579.406,44.436637,8.878723,70.0,0.97,2.81,0.0
1759417579.506,44.436638,8.878729,70.0,0.92,2.66,0.0
1759417579.606,44.43664,8.878735,70.0,0.87,2.51,0.0
1759417579.706,44.436641,8.87874,70.0,0.82,2.36,0.0
1759417579.806,44.436642,8.878745,70.0,0.82,2.28,0.0
1759417579.906,44.436643,8.878749,70.0,0.86,2.25,0.0
1759417580.006,44.436644,8.878752,70.0,0.9,2.22,0.0
1759417580.106,44.436645,8.878756,70.0,0.94,2.19,0.0
1759417580.206,44.436646,8.87876,70.0,0.98,2.16,0.0
1759417580.306,44.436647,8.878763,70.0,1.02,2.13,0.0
1759417580.406,44.436648,8.878767,70.0,1.06,2.1,0.0
1759417580.506,44.436649,8.878771,70.0,1.1,2.07,0.0
1759417580.606,44.43665,8.878775,70.0,1.14,2.04,0.0
1759417580.706,44.436651,8.878778,70.0,1.18,2.01,0.0
1759417580.806,44.436652,8.878781,70.0,1.31,1.98,0.0
1759417580.906,44.436653,8.878784,70.0,1.51,1.94,0.0
1759417581.006,44.436653,8.878787,70.0,1.71,1.9,0.0
1759417581.106,44.436654,8.878789,70.0,1.91,1.86,0.0
1759417581.206,44.436655,8.878792,70.0,2.11,1.82,0.0
1759417581.306,44.436655,8.878794,70.0,2.31,1.78,0.0
1759417581.406,44.436656,8.878797,70.0,2.51,1.74,0.0
1759417581.506,44.436657,8.8788,70.0,2.71,1.7,0.0
1759417581.606,44.436657,8.878802,70.0,2.91,1.66,0.0
1759417581.706,44.436658,8.878805,70.0,3.11,1.62,0.0
1759417581.806,44.436659,8.878807,70.0,3.28,1.65,0.0
1759417581.906,44.436661,8.878809,70.0,3.42,1.74,0.0
1759417582.006,44.436663,8.878811,70.0,3.56,1.83,0.0
1759417582.106,44.436665,8.878813,70.0,3.7,1.92,0.0
1759417582.206,44.436666,8.878815,70.0,3.84,2.01,0.0
1759417582.306,44.436668,8.878817,70.0,3.98,2.1,0.0
1759417582.406,44.43667,8.878819,70.0,4.12,2.19,0.0
1759417582.506,44.436672,8.878821,70.0,4.26,2.28,0.0
1759417582.606,44.436673,8.878823,70.0,4.4,2.37,0.0
1759417582.706,44.436675,8.878825,70.0,4.54,2.46,0.0
1759417582.806,44.436678,8.878827,70.0,4.59,2.5,-0.01
1759417582.906,44.436682,8.87883,70.0,4.57,2.5,-0.02
1759417583.006,44.436685,8.878833,70.0,4.55,2.5,-0.03
1759417583.106,44.436689,8.878835,70.0,4.53,2.5,-0.04
1759417583.206,44.436693,8.878838,70.0,4.51,2.5,-0.05
1759417583.306,44.436696,8.878841,70.0,4.49,2.5,-0.06
1759417583.406,44.4367,8.878844,70.0,4.47,2.5,-0.07
1759417583.506,44.436704,8.878846,70.0,4.45,2.5,-0.08
1759417583.606,44.436708,8.878849,70.0,4.43,2.5,-0.09
1759417583.706,44.436711,8.878852,70.0,4.41,2.5,-0.1
1759417583.806,44.436715,8.878855,70.0,4.32,2.46,-0.09
1759417583.906,44.43672,8.878858,70.0,4.17,2.39,-0.08
1759417584.006,44.436724,8.878862,70.0,4.02,2.32,-0.07
1759417584.106,44.436728,8.878865,70.0,3.87,2.25,-0.06
1759417584.206,44.436732,8.878868,70.0,3.72,2.18,-0.05
1759417584.306,44.436737,8.878872,70.0,3.57,2.11,-0.04
1759417584.406,44.436741,8.878875,70.0,3.42,2.04,-0.03
1759417584.506,44.436745,8.878878,70.0,3.27,1.97,-0.02
1759417584.606,44.43675,8.878882,70.0,3.12,1.9,-0.01
1759417584.706,44.436754,8.878885,70.0,2.97,1.83,-0.0
1759417584.806,44.436758,8.878888,70.0,2.83,1.74,0.0
1759417584.906,44.436761,8.878891,70.0,2.7,1.64,0.0
1759417585.006,44.436764,8.878894,70.0,2.57,1.54,0.0
1759417585.106,44.436768,8.878897,70.0,2.44,1.44,0.0
1759417585.206,44.436771,8.878899,70.0,2.31,1.34,0.0
1759417585.306,44.436775,8.878902,70.0,2.18,1.24,0.0
1759417585.406,44.436778,8.878905,70.0,2.05,1.14,0.0
1759417585.506,44.436782,8.878908,70.0,1.92,1.04,0.0
1759417585.606,44.436785,8.878911,70.0,1.79,0.94,0.0
1759417585.706,44.436789,8.878913,70.0,1.66,0.84,0.0
1759417585.806,44.436791,8.878916,70.0,1.55,0.78,0.0
1759417585.906,44.436793,8.878917,70.0,1.47,0.75,0.0
1759417586.006,44.436795,8.878919,70.0,1.39,0.72,0.0
1759417586.106,44.436797,8.87892,70.0,1.31,0.69,0.0
1759417586.206,44.436799,8.878922,70.0,1.23,0.66,0.0
1759417586.306,44.436801,8.878923,70.0,1.15,0.63,0.0
1759417586.406,44.436803,8.878924,70.0,1.07,0.6,0.0
1759417586.506,44.436805,8.878926,70.0,0.99,0.57,0.0
1759417586.606,44.436807,8.878927,70.0,0.91,0.54,0.0
1759417586.706,44.436809,8.878929,70.0,0.83,0.51,0.0
1759417586.806,44.43681,8.87893,70.0,0.74,0.54,0.0
1759417586.906,44.436811,8.878931,70.0,0.64,0.61,0.0
1759417587.006,44.436812,8.878931,70.0,0.54,0.68,0.0
1759417587.106,44.436813,8.878932,70.0,0.44,0.75,0.0
1759417587.206,44.436814,8.878932,70.0,0.34,0.82,0.0
1759417587.306,44.436815,8.878933,70.0,0.24,0.89,0.0
1759417587.406,44.436816,8.878934,70.0,0.14,0.96,0.0
1759417587.506,44.436817,8.878934,70.0,0.04,1.03,0.0
1759417587.606,44.436818,8.878935,70.0,-0.06,1.1,0.0
1759417587.706,44.436818,8.878935,70.0,-0.16,1.17,0.0
1759417587.806,44.436819,8.878936,70.0,-0.18,1.34,0.01
1759417587.906,44.436819,8.878937,70.0,-0.15,1.58,0.02
1759417588.006,44.43682,8.878938,70.0,-0.12,1.82,0.03
1759417588.106,44.43682,8.878938,70.0,-0.09,2.07,0.04
1759417588.206,44.436821,8.878939,70.0,-0.06,2.31,0.05
1759417588.306,44.436821,8.87894,70.0,-0.03,2.55,0.06
1759417588.406,44.436821,8.878941,70.0,-0.0,2.8,0.07
1759417588.506,44.436822,8.878941,70.0,0.03,3.04,0.08
1759417588.606,44.436822,8.878942,70.0,0.06,3.28,0.09
1759417588.706,44.436822,8.878943,70.0,0.09,3.52,0.1
1759417588.806,44.436822,8.878945,69.99,0.1,3.71,0.09
1759417588.906,44.436822,8.878948,69.98,0.1,3.87,0.07
1759417589.006,44.436822,8.87895,69.97,0.1,4.02,0.05
1759417589.106,44.436822,8.878953,69.96,0.1,4.18,0.03
1759417589.206,44.436822,8.878956,69.95,0.1,4.34,0.01
1759417589.306,44.436821,8.878959,69.94,0.1,4.5,-0.01
1759417589.406,44.436821,8.878961,69.93,0.1,4.66,-0.03
1759417589.506,44.436821,8.878964,69.92,0.1,4.81,-0.05
1759417589.606,44.436821,8.878967,69.91,0.1,4.97,-0.07
1759417589.706,44.436821,8.87897,69.9,0.1,5.13,-0.09
1759417589.806,44.436821,8.878974,69.9,0.11,5.18,-0.1
1759417589.906,44.436821,8.878981,69.9,0.12,5.15,-0.1
1759417590.006,44.436821,8.878987,69.9,0.13,5.12,-0.1
1759417590.106,44.436821,8.878993,69.9,0.14,5.09,-0.1
1759417590.206,44.436822,8.878999,69.9,0.15,5.06,-0.1
1759417590.306,44.436822,8.879005,69.9,0.16,5.03,-0.1
1759417590.406,44.436822,8.879012,69.9,0.17,5.0,-0.1
1759417590.506,44.436822,8.879018,69.9,0.18,4.97,-0.1
1759417590.606,44.436822,8.879024,69.9,0.19,4.94,-0.1
1759417590.706,44.436823,8.87903,69.9,0.2,4.91,-0.1
1759417590.806,44.436823,8.879037,69.91,0.19,4.88,-0.09
1759417590.906,44.436823,8.879044,69.92,0.17,4.84,-0.08
1759417591.006,44.436823,8.879051,69.93,0.15,4.8,-0.07
1759417591.106,44.436824,8.879058,69.94,0.13,4.76,-0.06
1759417591.206,44.436824,8.879065,69.95,0.11,4.72,-0.05
1759417591.306,44.436824,8.879072,69.96,0.09,4.67,-0.04
1759417591.406,44.436825,8.879079,69.97,0.07,4.63,-0.03
1759417591.506,44.436825,8.879086,69.98,0.05,4.59,-0.02
1759417591.606,44.436825,8.879093,69.99,0.03,4.55,-0.01
1759417591.706,44.436826,8.8791,70.0,0.01,4.51,-0.0
1759417591.806,44.436826,8.879106,70.0,-0.01,4.51,0.0
1759417591.906,44.436826,8.879112,70.0,-0.03,4.53,0.0
1759417592.006,44.436826,8.879118,70.0,-0.05,4.55,0.0
1759417592.106,44.436827,8.879124,70.0,-0.07,4.57,0.0
1759417592.206,44.436827,8.87913,70.0,-0.09,4.59,0.0
1759417592.306,44.436827,8.879136,70.0,-0.11,4.61,0.0
1759417592.406,44.436827,8.879141,70.0,-0.13,4.63,0.0
1759417592.506,44.436828,8.879147,70.0,-0.15,4.65,0.0
1759417592.606,44.436828,8.879153,70.0,-0.17,4.67,0.0
1759417592.706,44.436828,8.879159,70.0,-0.19,4.69,0.0
1759417592.806,44.436828,8.879165,70.0,-0.19,4.71,0.0
1759417592.906,44.436828,8.87917,70.0,-0.18,4.73,0.0
1759417593.006,44.436828,8.879176,70.0,-0.17,4.75,0.0
1759417593.106,44.436828,8.879181,70.0,-0.16,4.77,0.0
1759417593.206,44.436828,8.879187,70.0,-0.15,4.79,0.0
1759417593.306,44.436828,8.879192,70.0,-0.14,4.81,0.0
1759417593.406,44.436828,8.879198,70.0,-0.13,4.83,0.0
1759417593.506,44.436828,8.879203,70.0,-0.12,4.85,0.0
1759417593.606,44.436828,8.879209,70.0,-0.11,4.87,0.0
1759417593.706,44.436828,8.879214,70.0,-0.1,4.89,0.0
1759417593.806,44.436828,8.87922,70.0,-0.09,4.91,0.0
1759417593.906,44.436827,8.879226,70.0,-0.07,4.92,0.0
1759417594.006,44.436827,8.879232,70.0,-0.05,4.93,0.0
1759417594.106,44.436827,8.879238,70.0,-0.03,4.94,0.0
1759417594.206,44.436827,8.879244,70.0,-0.01,4.95,0.0
1759417594.306,44.436827,8.87925,70.0,0.01,4.96,0.0
1759417594.406,44.436827,8.879256,70.0,0.03,4.97,0.0
1759417594.506,44.436827,8.879262,70.0,0.05,4.98,0.0
1759417594.606,44.436826,8.879268,70.0,0.07,4.99,0.0
1759417594.706,44.436826,8.879274,70.0,0.09,5.0,0.0
1759417594.806,44.436826,8.87928,70.0,0.1,5.0,0.0
1759417594.906,44.436826,8.879286,70.0,0.1,5.0,0.0
1759417595.006,44.436826,8.879292,70.0,0.1,5.0,0.0
1759417595.106,44.436826,8.879299,70.0,0.1,5.0,0.0
1759417595.206,44.436826,8.879305,70.0,0.1,5.0,0.0
1759417595.306,44.436826,8.879311,70.0,0.1,5.0,0.0
1759417595.406,44.436826,8.879317,70.0,0.1,5.0,0.0
1759417595.506,44.436826,8.879324,70.0,0.1,5.0,0.0
1759417595.606,44.436826,8.87933,70.0,0.1,5.0,0.0
1759417595.706,44.436826,8.879336,70.0,0.1,5.0,0.0
1759417595.806,44.436826,8.879342,70.0,0.1,5.0,0.0
1759417595.906,44.436826,8.879349,70.0,0.1,5.0,0.0
1759417596.006,44.436826,8.879355,70.0,0.1,5.0,0.0
1759417596.106,44.436826,8.879362,70.0,0.1,5.0,0.0
1759417596.206,44.436826,8.879368,70.0,0.1,5.0,0.0
1759417596.306,44.436827,8.879375,70.0,0.1,5.0,0.0
1759417596.406,44.436827,8.879381,70.0,0.1,5.0,0.0
1759417596.506,44.436827,8.879388,70.0,0.1,5.0,0.0
1759417596.606,44.436827,8.879394,70.0,0.1,5.0,0.0
1759417596.706,44.436827,8.879401,70.0,0.1,5.0,0.0
1759417596.806,44.436827,8.879407,70.0,0.09,5.0,0.0
1759417596.906,44.436827,8.879413,70.0,0.08,5.0,0.0
1759417597.006,44.436827,8.87942,70.0,0.07,5.0,0.0
1759417597.106,44.436828,8.879426,70.0,0.06,5.0,0.0
1759417597.206,44.436828,8.879432,70.0,0.05,5.0,0.0
1759417597.306,44.436828,8.879439,70.0,0.04,5.0,0.0
1759417597.406,44.436828,8.879445,70.0,0.03,5.0,0.0
1759417597.506,44.436828,8.879451,70.0,0.02,5.0,0.0
1759417597.606,44.436828,8.879458,70.0,0.01,5.0,0.0
1759417597.706,44.436828,8.879464,70.0,0.0,5.0,0.0
1759417597.806,44.436829,8.87947,70.0,0.0,5.0,0.0
1759417597.906,44.436829,8.879477,70.0,0.0,5.0,0.0
1759417598.006,44.436829,8.879483,70.0,0.0,5.0,0.0
1759417598.106,44.436829,8.879489,70.0,0.0,5.0,0.0
1759417598.206,44.436829,8.879495,70.0,0.0,5.0,0.0
1759417598.306,44.436829,8.879501,70.0,0.0,5.0,0.0
1759417598.406,44.436829,8.879507,70.0,0.0,5.0,0.0
1759417598.506,44.436829,8.879513,70.0,0.0,5.0,0.0
1759417598.606,44.436829,8.879519,70.0,0.0,5.0,0.0
1759417598.706,44.436829,8.879525,70.0,0.0,5.0,0.0
1759417598.806,44.436829,8.879532,70.0,0.01,5.0,0.0
1759417598.906,44.436829,8.879538,70.0,0.02,5.0,0.0
1759417599.006,44.436829,8.879545,70.0,0.03,5.0,0.0
1759417599.106,44.436829,8.879551,70.0,0.04,5.0,0.0
1759417599.206,44.436829,8.879557,70.0,0.05,5.0,0.0
1759417599.306,44.436829,8.879564,70.0,0.06,5.0,0.0
1759417599.406,44.436829,8.87957,70.0,0.07,5.0,0.0
1759417599.506,44.436829,8.879577,70.0,0.08,5.0,0.0
1759417599.606,44.436829,8.879583,70.0,0.09,5.0,0.0
1759417599.706,44.436829,8.87959,70.0,0.1,5.0,0.0
1759417599.806,44.436829,8.879596,70.0,0.1,5.0,0.0
1759417599.906,44.436829,8.879602,70.0,0.1,5.0,0.0
1759417600.006,44.43683,8.879608,70.0,0.1,5.0,0.0
1759417600.106,44.43683,8.879615,70.0,0.1,5.0,0.0
1759417600.206,44.43683,8.879621,70.0,0.1,5.0,0.0
1759417600.306,44.43683,8.879627,70.0,0.1,5.0,0.0
1759417600.406,44.43683,8.879633,70.0,0.1,5.0,0.0
1759417600.506,44.43683,8.87964,70.0,0.1,5.0,0.0
1759417600.606,44.43683,8.879646,70.0,0.1,5.0,0.0
1759417600.706,44.43683,8.879652,70.0,0.1,5.0,0.0
1759417600.806,44.43683,8.879658,70.0,0.1,5.0,0.0
1759417600.906,44.43683,8.879665,70.0,0.1,5.0,0.0
1759417601.006,44.43683,8.879671,70.0,0.1,5.0,0.0
1759417601.106,44.43683,8.879678,70.0,0.1,5.0,0.0
1759417601.206,44.43683,8.879684,70.0,0.1,5.0,0.0
1759417601.306,44.43683,8.87969,70.0,0.1,5.0,0.0
1759417601.406,44.43683,8.879697,70.0,0.1,5.0,0.0
1759417601.506,44.43683,8.879703,70.0,0.1,5.0,0.0
1759417601.606,44.436831,8.879709,70.0,0.1,5.0,0.0
1759417601.706,44.436831,8.879716,70.0,0.1,5.0,0.0
1759417601.806,44.436831,8.879722,70.0,0.1,5.0,0.0
1759417601.906,44.436831,8.879728,70.0,0.1,5.0,0.0
1759417602.006,44.436831,8.879735,70.0,0.1,5.0,0.0
1759417602.106,44.436831,8.879741,70.0,0.1,5.0,0.0
1759417602.206,44.436831,8.879747,70.0,0.1,5.0,0.0
1759417602.306,44.436831,8.879754,70.0,0.1,5.0,0.0
1759417602.406,44.436831,8.87976,70.0,0.1,5.0,0.0
1759417602.506,44.436831,8.879766,70.0,0.1,5.0,0.0
1759417602.606,44.436831,8.879773,70.0,0.1,5.0,0.0
1759417602.706,44.436831,8.879779,70.0,0.1,5.0,0.0
1759417602.806,44.436832,8.879785,70.0,0.1,5.0,0.0
1759417602.906,44.436832,8.879791,70.0,0.1,5.0,0.0
1759417603.006,44.436832,8.879797,70.0,0.1,5.0,0.0
1759417603.106,44.436832,8.879804,70.0,0.1,5.0,0.0
1759417603.206,44.436832,8.87981,70.0,0.1,5.0,0.0
1759417603.306,44.436832,8.879816,70.0,0.1,5.0,0.0
1759417603.406,44.436832,8.879822,70.0,0.1,5.0,0.0
1759417603.506,44.436832,8.879828,70.0,0.1,5.0,0.0
1759417603.606,44.436832,8.879834,70.0,0.1,5.0,0.0
1759417603.706,44.436832,8.879841,70.0,0.1,5.0,0.0
1759417603.806,44.436832,8.879847,70.0,0.1,5.0,0.0
1759417603.906,44.436832,8.879853,70.0,0.1,5.0,0.0
1759417604.006,44.436832,8.87986,70.0,0.1,5.0,0.0
1759417604.106,44.436832,8.879866,70.0,0.1,5.0,0.0
1759417604.206,44.436832,8.879873,70.0,0.1,5.0,0.0
1759417604.306,44.436832,8.879879,70.0,0.1,5.0,0.0
1759417604.406,44.436832,8.879885,70.0,0.1,5.0,0.0
1759417604.506,44.436833,8.879892,70.0,0.1,5.0,0.0
1759417604.606,44.436833,8.879898,70.0,0.1,5.0,0.0
1759417604.706,44.436833,8.879905,70.0,0.1,5.0,0.0
1759417604.806,44.436833,8.879911,70.0,0.1,5.0,0.0
1759417604.906,44.436833,8.879917,70.0,0.1,5.0,0.0
1759417605.006,44.436833,8.879924,70.0,0.1,5.0,0.0
1759417605.106,44.436833,8.87993,70.0,0.1,5.0,0.0
1759417605.206,44.436833,8.879936,70.0,0.1,5.0,0.0
1759417605.306,44.436833,8.879943,70.0,0.1,5.0,0.0
1759417605.406,44.436833,8.879949,70.0,0.1,5.0,0.0
1759417605.506,44.436833,8.879955,70.0,0.1,5.0,0.0
1759417605.606,44.436833,8.879962,70.0,0.1,5.0,0.0
1759417605.706,44.436833,8.879968,70.0,0.1,5.0,0.0
1759417605.806,44.436833,8.879974,70.0,0.1,5.0,0.0
1759417605.906,44.436834,8.879981,70.0,0.1,5.0,0.0
1759417606.006,44.436834,8.879987,70.0,0.1,5.0,0.0
1759417606.106,44.436834,8.879993,70.0,0.1,5.0,0.0
1759417606.206,44.436834,8.879999,70.0,0.1,5.0,0.0
1759417606.306,44.436834,8.880005,70.0,0.1,5.0,0.0
1759417606.406,44.436834,8.880011,70.0,0.1,5.0,0.0
1759417606.506,44.436834,8.880017,70.0,0.1,5.0,0.0
1759417606.606,44.436834,8.880024,70.0,0.1,5.0,0.0
1759417606.706,44.436834,8.88003,70.0,0.1,5.0,0.0
1759417606.806,44.436834,8.880036,70.0,0.1,5.0,0.0
1759417606.906,44.436834,8.880042,70.0,0.1,5.0,0.0
1759417607.006,44.436834,8.880049,70.0,0.1,5.0,0.0
1759417607.106,44.436834,8.880055,70.0,0.1,5.0,0.0
1759417607.206,44.436834,8.880061,70.0,0.1,5.0,0.0
1759417607.306,44.436834,8.880068,70.0,0.1,5.0,0.0
1759417607.406,44.436834,8.880074,70.0,0.1,5.0,0.0
1759417607.506,44.436835,8.88008,70.0,0.1,5.0,0.0
1759417607.606,44.436835,8.880087,70.0,0.1,5.0,0.0
1759417607.706,44.436835,8.880093,70.0,0.1,5.0,0.0
1759417607.806,44.436835,8.880099,70.0,0.1,5.0,0.0
1759417607.906,44.436835,8.880106,70.0,0.1,5.0,0.0
1759417608.006,44.436835,8.880112,70.0,0.1,5.0,0.0
1759417608.106,44.436835,8.880118,70.0,0.1,5.0,0.0
1759417608.206,44.436835,8.880125,70.0,0.1,5.0,0.0
1759417608.306,44.436835,8.880131,70.0,0.1,5.0,0.0
1759417608.406,44.436835,8.880137,70.0,0.1,5.0,0.0
1759417608.506,44.436835,8.880143,70.0,0.1,5.0,0.0
1759417608.606,44.436835,8.88015,70.0,0.1,5.0,0.0
1759417608.706,44.436835,8.880156,70.0,0.1,5.0,0.0
1759417608.806,44.436835,8.880162,70.0,0.1,5.0,0.0
1759417608.906,44.436835,8.880169,70.0,0.1,5.0,0.0
1759417609.006,44.436836,8.880175,70.0,0.1,5.0,0.0
1759417609.106,44.436836,8.880181,70.0,0.1,5.0,0.0
1759417609.206,44.436836,8.880188,70.0,0.1,5.0,0.0
1759417609.306,44.436836,8.880194,70.0,0.1,5.0,0.0
1759417609.406,44.436836,8.8802,70.0,0.1,5.0,0.0
1759417609.506,44.436836,8.880207,70.0,0.1,5.0,0.0
1759417609.606,44.436836,8.880213,70.0,0.1,5.0,0.0
1759417609.706,44.436836,8.880219,70.0,0.1,5.0,0.0
1759417609.806,44.436836,8.880226,70.0,0.1,5.0,0.0
1759417609.906,44.436836,8.880232,70.0,0.1,5.0,0.0
1759417610.006,44.436836,8.880238,70.0,0.1,5.0,0.0
1759417610.106,44.436836,8.880245,70.0,0.1,5.0,0.0
1759417610.206,44.436836,8.880251,70.0,0.1,5.0,0.0
1759417610.306,44.436836,8.880258,70.0,0.1,5.0,0.0
1759417610.406,44.436837,8.880264,70.0,0.1,5.0,0.0
1759417610.506,44.436837,8.88027,70.0,0.1,5.0,0.0
1759417610.606,44.436837,8.880277,70.0,0.1,5.0,0.0
1759417610.706,44.436837,8.880283,70.0,0.1,5.0,0.0
1759417610.806,44.436837,8.880289,70.0,0.1,5.0,0.0
1759417610.906,44.436837,8.880295,70.0,0.1,5.0,0.0
1759417611.006,44.436837,8.880301,70.0,0.1,5.0,0.0
1759417611.106,44.436837,8.880308,70.0,0.1,5.0,0.0
1759417611.206,44.436837,8.880314,70.0,0.1,5.0,0.0
1759417611.306,44.436837,8.88032,70.0,0.1,5.0,0.0
1759417611.406,44.436837,8.880326,70.0,0.1,5.0,0.0
1759417611.506,44.436837,8.880332,70.0,0.1,5.0,0.0
1759417611.606,44.436837,8.880338,70.0,0.1,5.0,0.0
1759417611.706,44.436837,8.880344,70.0,0.1,5.0,0.0
1759417611.806,44.436837,8.880351,70.0,0.1,5.0,0.0
1759417611.906,44.436837,8.880357,70.0,0.1,5.0,0.0
1759417612.006,44.436838,8.880364,70.0,0.1,5.0,0.0
1759417612.106,44.436838,8.88037,70.0,0.1,5.0,0.0
1759417612.206,44.436838,8.880376,70.0,0.1,5.0,0.0
1759417612.306,44.436838,8.880383,70.0,0.1,5.0,0.0
1759417612.406,44.436838,8.880389,70.0,0.1,5.0,0.0
1759417612.506,44.436838,8.880396,70.0,0.1,5.0,0.0
1759417612.606,44.436838,8.880402,70.0,0.1,5.0,0.0
1759417612.706,44.436838,8.880408,70.0,0.1,5.0,0.0
1759417612.806,44.436838,8.880415,70.0,0.1,5.0,0.0
1759417612.906,44.436838,8.880421,70.0,0.1,5.0,0.0
1759417613.006,44.436838,8.880427,70.0,0.1,5.0,0.0
1759417613.106,44.436838,8.880434,70.0,0.1,5.0,0.0
1759417613.206,44.436838,8.88044,70.0,0.1,5.0,0.0
1759417613.306,44.436838,8.880446,70.0,0.1,5.0,0.0
1759417613.406,44.436839,8.880452,70.0,0.1,5.0,0.0
1759417613.506,44.436839,8.880459,70.0,0.1,5.0,0.0
1759417613.606,44.436839,8.880465,70.0,0.1,5.0,0.0
1759417613.706,44.436839,8.880471,70.0,0.1,5.0,0.0
1759417613.806,44.436839,8.880477,70.0,0.1,5.0,0.0
1759417613.906,44.436839,8.880484,70.0,0.1,5.0,0.0
1759417614.006,44.436839,8.88049,70.0,0.1,5.0,0.0
1759417614.106,44.436839,8.880496,70.0,0.1,5.0,0.0
1759417614.206,44.436839,8.880503,70.0,0.1,5.0,0.0
1759417614.306,44.436839,8.880509,70.0,0.1,5.0,0.0
1759417614.406,44.436839,8.880515,70.0,0.1,5.0,0.0
1759417614.506,44.436839,8.880522,70.0,0.1,5.0,0.0
1759417614.606,44.436839,8.880528,70.0,0.1,5.0,0.0
1759417614.706,44.436839,8.880534,70.0,0.1,5.0,0.0
1759417614.806,44.436839,8.88054,70.0,0.1,5.0,0.0
1759417614.906,44.43684,8.880547,70.0,0.1,5.0,0.0
1759417615.006,44.43684,8.880553,70.0,0.1,5.0,0.0
1759417615.106,44.43684,8.880559,70.0,0.1,5.0,0.0
1759417615.206,44.43684,8.880566,70.0,0.1,5.0,0.0
1759417615.306,44.43684,8.880572,70.0,0.1,5.0,0.0
1759417615.406,44.43684,8.880578,70.0,0.1,5.0,0.0
1759417615.506,44.43684,8.880584,70.0,0.1,5.0,0.0
1759417615.606,44.43684,8.880591,70.0,0.1,5.0,0.0
1759417615.706,44.43684,8.880597,70.0,0.1,5.0,0.0
1759417615.806,44.43684,8.880603,70.0,0.1,5.0,0.0
1759417615.906,44.43684,8.88061,70.0,0.1,5.0,0.0
1759417616.006,44.43684,8.880616,70.0,0.1,5.0,0.0
1759417616.106,44.43684,8.880622,70.0,0.1,5.0,0.0
1759417616.206,44.43684,8.880629,70.0,0.1,5.0,0.0
1759417616.306,44.43684,8.880635,70.0,0.1,5.0,0.0
1759417616.406,44.43684,8.880641,70.0,0.1,5.0,0.0
1759417616.506,44.436841,8.880648,70.0,0.1,5.0,0.0
1759417616.606,44.436841,8.880654,70.0,0.1,5.0,0.0
1759417616.706,44.436841,8.88066,70.0,0.1,5.0,0.0
1759417616.806,44.436841,8.880667,70.0,0.1,5.0,0.0
1759417616.906,44.436841,8.880673,70.0,0.1,5.0,0.0
1759417617.006,44.436841,8.880679,70.0,0.1,5.0,0.0
1759417617.106,44.436841,8.880685,70.0,0.1,5.0,0.0
1759417617.206,44.436841,8.880692,70.0,0.1,5.0,0.0
1759417617.306,44.436841,8.880698,70.0,0.1,5.0,0.0
1759417617.406,44.436841,8.880704,70.0,0.1,5.0,0.0
1759417617.506,44.436841,8.880711,70.0,0.1,5.0,0.0
1759417617.606,44.436841,8.880717,70.0,0.1,5.0,0.0
1759417617.706,44.436841,8.880723,70.0,0.1,5.0,0.0
1759417617.806,44.436842,8.880729,70.0,0.1,5.0,0.0
1759417617.906,44.436842,8.880736,70.0,0.1,5.0,0.0
1759417618.006,44.436842,8.880742,70.0,0.1,5.0,0.0
1759417618.106,44.436842,8.880749,70.0,0.1,5.0,0.0
1759417618.206,44.436842,8.880755,70.0,0.1,5.0,0.0
1759417618.306,44.436842,8.880761,70.0,0.1,5.0,0.0
1759417618.406,44.436842,8.880768,70.0,0.1,5.0,0.0
1759417618.506,44.436842,8.880774,70.0,0.1,5.0,0.0
1759417618.606,44.436842,8.88078,70.0,0.1,5.0,0.0
1759417618.706,44.436842,8.880787,70.0,0.1,5.0,0.0
1759417618.806,44.436842,8.880793,70.0,0.1,5.0,0.0
1759417618.906,44.436842,8.880799,70.0,0.1,5.0,0.0
1759417619.006,44.436842,8.880805,70.0,0.1,5.0,0.0
1759417619.106,44.436842,8.880811,70.0,0.1,5.0,0.0
1759417619.206,44.436842,8.880817,70.0,0.1,5.0,0.0
1759417619.306,44.436842,8.880824,70.0,0.1,5.0,0.0
1759417619.406,44.436842,8.88083,70.0,0.1,5.0,0.0
1759417619.506,44.436843,8.880836,70.0,0.1,5.0,0.0
1759417619.606,44.436843,8.880842,70.0,0.1,5.0,0.0
1759417619.706,44.436843,8.880848,70.0,0.1,5.0,0.0
1759417619.806,44.436843,8.880854,70.0,0.1,5.0,0.0
1759417619.906,44.436843,8.880861,70.0,0.1,5.0,0.0
1759417620.006,44.436843,8.880867,70.0,0.1,5.0,0.0
1759417620.106,44.436843,8.880873,70.0,0.1,5.0,0.0
1759417620.206,44.436843,8.88088,70.0,0.1,5.0,0.0
1759417620.306,44.436843,8.880886,70.0,0.1,5.0,0.0
1759417620.406,44.436843,8.880892,70.0,0.1,5.0,0.0
1759417620.506,44.436843,8.880899,70.0,0.1,5.0,0.0
1759417620.606,44.436843,8.880905,70.0,0.1,5.0,0.0
1759417620.706,44.436843,8.880911,70.0,0.1,5.0,0.0
1759417620.806,44.436843,8.880918,70.0,0.1,5.0,0.0
1759417620.906,44.436844,8.880924,70.0,0.1,5.0,0.0
1759417621.006,44.436844,8.88093,70.0,0.1,5.0,0.0
1759417621.106,44.436844,8.880936,70.0,0.1,5.0,0.0
1759417621.206,44.436844,8.880943,70.0,0.1,5.0,0.0
1759417621.306,44.436844,8.880949,70.0,0.1,5.0,0.0
1759417621.406,44.436844,8.880955,70.0,0.1,5.0,0.0
1759417621.506,44.436844,8.880961,70.0,0.1,5.0,0.0
1759417621.606,44.436844,8.880967,70.0,0.1,5.0,0.0
1759417621.706,44.436844,8.880974,70.0,0.1,5.0,0.0
1759417621.806,44.436844,8.88098,70.0,0.1,5.0,0.0
1759417621.906,44.436844,8.880986,70.0,0.1,5.0,0.0
1759417622.006,44.436844,8.880993,70.0,0.1,5.0,0.0
1759417622.106,44.436844,8.880999,70.0,0.1,5.0,0.0
1759417622.206,44.436844,8.881006,70.0,0.1,5.0,0.0
1759417622.306,44.436844,8.881012,70.0,0.1,5.0,0.0
1759417622.406,44.436844,8.881018,70.0,0.1,5.0,0.0
1759417622.506,44.436845,8.881025,70.0,0.1,5.0,0.0
1759417622.606,44.436845,8.881031,70.0,0.1,5.0,0.0
1759417622.706,44.436845,8.881038,70.0,0.1,5.0,0.0
1759417622.806,44.436845,8.881044,70.0,0.1,5.0,0.0
1759417622.906,44.436845,8.88105,70.0,0.1,5.0,0.0
1759417623.006,44.436845,8.881057,70.0,0.1,5.0,0.0
1759417623.106,44.436845,8.881063,70.0,0.1,5.0,0.0
1759417623.206,44.436845,8.881069,70.0,0.1,5.0,0.0
1759417623.306,44.436845,8.881075,70.0,0.1,5.0,0.0
1759417623.406,44.436845,8.881082,70.0,0.1,5.0,0.0
1759417623.506,44.436845,8.881088,70.0,0.1,5.0,0.0
1759417623.606,44.436845,8.881094,70.0,0.1,5.0,0.0
1759417623.706,44.436845,8.881101,70.0,0.1,5.0,0.0
1759417623.806,44.436845,8.881107,70.0,0.1,5.0,0.0
1759417623.906,44.436845,8.881113,70.0,0.1,5.0,0.0
1759417624.006,44.436846,8.881119,70.0,0.1,5.0,0.0
1759417624.106,44.436846,8.881126,70.0,0.1,5.0,0.0
1759417624.206,44.436846,8.881132,70.0,0.1,5.0,0.0
1759417624.306,44.436846,8.881138,70.0,0.1,5.0,0.0
1759417624.406,44.436846,8.881144,70.0,0.1,5.0,0.0
1759417624.506,44.436846,8.88115,70.0,0.1,5.0,0.0
1759417624.606,44.436846,8.881157,70.0,0.1,5.0,0.0
1759417624.706,44.436846,8.881163,70.0,0.1,5.0,0.0
1759417624.806,44.436846,8.881169,70.0,0.1,5.0,0.0
1759417624.906,44.436846,8.881176,70.0,0.1,5.0,0.0
1759417625.006,44.436846,8.881182,70.0,0.1,5.0,0.0
1759417625.106,44.436846,8.881188,70.0,0.1,5.0,0.0
1759417625.206,44.436846,8.881195,70.0,0.1,5.0,0.0
1759417625.306,44.436846,8.881201,70.0,0.1,5.0,0.0
1759417625.406,44.436847,8.881208,70.0,0.1,5.0,0.0
1759417625.506,44.436847,8.881214,70.0,0.1,5.0,0.0
1759417625.606,44.436847,8.881221,70.0,0.1,5.0,0.0
1759417625.706,44.436847,8.881227,70.0,0.1,5.0,0.0
1759417625.806,44.436847,8.881233,70.0,0.1,5.0,0.0
1759417625.906,44.436847,8.88124,70.0,0.1,5.0,0.0
1759417626.006,44.436847,8.881246,70.0,0.1,5.0,0.0
1759417626.106,44.436847,8.881252,70.0,0.1,5.0,0.0
1759417626.206,44.436847,8.881259,70.0,0.1,5.0,0.0
1759417626.306,44.436847,8.881265,70.0,0.1,5.0,0.0
1759417626.406,44.436847,8.881271,70.0,0.1,5.0,0.0
1759417626.506,44.436847,8.881278,70.0,0.1,5.0,0.0
1759417626.606,44.436847,8.881284,70.0,0.1,5.0,0.0
1759417626.706,44.436847,8.88129,70.0,0.1,5.0,0.0
1759417626.806,44.436847,8.881297,70.0,0.1,5.0,0.0
1759417626.906,44.436848,8.881303,70.0,0.1,5.0,0.0
1759417627.006,44.436848,8.881309,70.0,0.1,5.0,0.0
1759417627.106,44.436848,8.881315,70.0,0.1,5.0,0.0
1759417627.206,44.436848,8.881321,70.0,0.1,5.0,0.0
1759417627.306,44.436848,8.881328,70.0,0.1,5.0,0.0
1759417627.406,44.436848,8.881334,70.0,0.1,5.0,0.0
1759417627.506,44.436848,8.88134,70.0,0.1,5.0,0.0
1759417627.606,44.436848,8.881346,70.0,0.1,5.0,0.0
1759417627.706,44.436848,8.881353,70.0,0.1,5.0,0.0
1759417627.806,44.436848,8.881359,70.0,0.1,5.0,0.0
1759417627.906,44.436848,8.881365,70.0,0.1,5.0,0.0
1759417628.006,44.436848,8.881372,70.0,0.1,5.0,0.0
1759417628.106,44.436848,8.881378,70.0,0.1,5.0,0.0
1759417628.206,44.436848,8.881384,70.0,0.1,5.0,0.0
1759417628.306,44.436848,8.881391,70.0,0.1,5.0,0.0
1759417628.406,44.436848,8.881397,70.0,0.1,5.0,0.0
1759417628.506,44.436849,8.881403,70.0,0.1,5.0,0.0
1759417628.606,44.436849,8.88141,70.0,0.1,5.0,0.0
1759417628.706,44.436849,8.881416,70.0,0.1,5.0,0.0
1759417628.806,44.436849,8.881422,70.0,0.1,5.0,0.0
1759417628.906,44.436849,8.881428,70.0,0.1,5.0,0.0
1759417629.006,44.436849,8.881435,70.0,0.1,5.0,0.0
1759417629.106,44.436849,8.881441,70.0,0.1,5.0,0.0
1759417629.206,44.436849,8.881447,70.0,0.1,5.0,0.0
1759417629.306,44.436849,8.881453,70.0,0.1,5.0,0.0
1759417629.406,44.436849,8.881459,70.0,0.1,5.0,0.0
1759417629.506,44.436849,8.881466,70.0,0.1,5.0,0.0
1759417629.606,44.436849,8.881472,70.0,0.1,5.0,0.0
1759417629.706,44.436849,8.881478,70.0,0.1,5.0,0.0
1759417629.806,44.436849,8.881484,70.0,0.1,5.0,0.0
1759417629.906,44.43685,8.881491,70.0,0.1,5.0,0.0
1759417630.006,44.43685,8.881497,70.0,0.1,5.0,0.0
1759417630.106,44.43685,8.881504,70.0,0.1,5.0,0.0
1759417630.206,44.43685,8.88151,70.0,0.1,5.0,0.0
1759417630.306,44.43685,8.881516,70.0,0.1,5.0,0.0
1759417630.406,44.43685,8.881523,70.0,0.1,5.0,0.0
1759417630.506,44.43685,8.881529,70.0,0.1,5.0,0.0
1759417630.606,44.43685,8.881535,70.0,0.1,5.0,0.0
1759417630.706,44.43685,8.881542,70.0,0.1,5.0,0.0
1759417630.806,44.43685,8.881548,70.0,0.1,5.0,0.0
1759417630.906,44.43685,8.881554,70.0,0.1,5.0,0.0
1759417631.006,44.43685,8.881561,70.0,0.1,5.0,0.0
1759417631.106,44.43685,8.881567,70.0,0.1,5.0,0.0
1759417631.206,44.43685,8.881573,70.0,0.1,5.0,0.0
1759417631.306,44.43685,8.88158,70.0,0.1,5.0,0.0
1759417631.406,44.43685,8.881586,70.0,0.1,5.0,0.0
1759417631.506,44.436851,8.881592,70.0,0.1,5.0,0.0
1759417631.606,44.436851,8.881599,70.0,0.1,5.0,0.0
1759417631.706,44.436851,8.881605,70.0,0.1,5.0,0.0
1759417631.806,44.436851,8.881611,70.0,0.1,5.0,0.0
1759417631.906,44.436851,8.881618,70.0,0.1,5.0,0.0
1759417632.006,44.436851,8.881624,70.0,0.1,5.0,0.0
1759417632.106,44.436851,8.88163,70.0,0.1,5.0,0.0
1759417632.206,44.436851,8.881636,70.0,0.1,5.0,0.0
1759417632.306,44.436851,8.881642,70.0,0.1,5.0,0.0
1759417632.406,44.436851,8.881649,70.0,0.1,5.0,0.0
1759417632.506,44.436851,8.881655,70.0,0.1,5.0,0.0
1759417632.606,44.436851,8.881661,70.0,0.1,5.0,0.0
1759417632.706,44.436851,8.881667,70.0,0.1,5.0,0.0
1759417632.806,44.436851,8.881674,70.0,0.1,5.0,0.0
1759417632.906,44.436852,8.88168,70.0,0.1,5.0,0.0
1759417633.006,44.436852,8.881686,70.0,0.1,5.0,0.0
1759417633.106,44.436852,8.881693,70.0,0.1,5.0,0.0
1759417633.206,44.436852,8.881699,70.0,0.1,5.0,0.0
1759417633.306,44.436852,8.881705,70.0,0.1,5.0,0.0
1759417633.406,44.436852,8.881712,70.0,0.1,5.0,0.0
1759417633.506,44.436852,8.881718,70.0,0.1,5.0,0.0
1759417633.606,44.436852,8.881724,70.0,0.1,5.0,0.0
1759417633.706,44.436852,8.881731,70.0,0.1,5.0,0.0
1759417633.806,44.436852,8.881737,70.0,0.1,5.0,0.0
1759417633.906,44.436852,8.881743,70.0,0.1,5.0,0.0
1759417634.006,44.436852,8.881749,70.0,0.1,5.0,0.0
1759417634.106,44.436852,8.881756,70.0,0.1,5.0,0.0
1759417634.206,44.436852,8.881762,70.0,0.1,5.0,0.0
1759417634.306,44.436852,8.881768,70.0,0.1,5.0,0.0
1759417634.406,44.436852,8.881774,70.0,0.1,5.0,0.0
1759417634.506,44.436852,8.88178,70.0,0.1,5.0,0.0
1759417634.606,44.436853,8.881787,70.0,0.1,5.0,0.0
1759417634.706,44.436853,8.881793,70.0,0.1,5.0,0.0
1759417634.806,44.436853,8.881799,70.0,0.1,5.0,0.0
1759417634.906,44.436853,8.881806,70.0,0.1,5.0,0.0
1759417635.006,44.436853,8.881812,70.0,0.1,5.0,0.0
1759417635.106,44.436853,8.881818,70.0,0.1,5.0,0.0
1759417635.206,44.436853,8.881825,70.0,0.1,5.0,0.0
1759417635.306,44.436853,8.881831,70.0,0.1,5.0,0.0
1759417635.406,44.436853,8.881837,70.0,0.1,5.0,0.0
1759417635.506,44.436853,8.881844,70.0,0.1,5.0,0.0
1759417635.606,44.436853,8.88185,70.0,0.1,5.0,0.0
1759417635.706,44.436853,8.881856,70.0,0.1,5.0,0.0
1759417635.806,44.436853,8.881863,70.0,0.1,5.0,0.0
1759417635.906,44.436853,8.881869,70.0,0.1,5.0,0.0
1759417636.006,44.436853,8.881875,70.0,0.1,5.0,0.0
1759417636.106,44.436854,8.881881,70.0,0.1,5.0,0.0
1759417636.206,44.436854,8.881888,70.0,0.1,5.0,0.0
1759417636.306,44.436854,8.881894,70.0,0.1,5.0,0.0
1759417636.406,44.436854,8.8819,70.0,0.1,5.0,0.0
1759417636.506,44.436854,8.881907,70.0,0.1,5.0,0.0
1759417636.606,44.436854,8.881913,70.0,0.1,5.0,0.0
1759417636.706,44.436854,8.881919,70.0,0.1,5.0,0.0
1759417636.806,44.436854,8.881925,70.0,0.1,5.0,0.0
1759417636.906,44.436854,8.881932,70.0,0.1,5.0,0.0
1759417637.006,44.436854,8.881938,70.0,0.1,5.0,0.0
1759417637.106,44.436854,8.881944,70.0,0.1,5.0,0.0
1759417637.206,44.436854,8.881951,70.0,0.1,5.0,0.0
1759417637.306,44.436854,8.881957,70.0,0.1,5.0,0.0
1759417637.406,44.436854,8.881963,70.0,0.1,5.0,0.0
1759417637.506,44.436854,8.881969,70.0,0.1,5.0,0.0
1759417637.606,44.436855,8.881976,70.0,0.1,5.0,0.0
1759417637.706,44.436855,8.881982,70.0,0.1,5.0,0.0
1759417637.806,44.436855,8.881988,70.0,0.1,5.0,0.0
1759417637.906,44.436855,8.881995,70.0,0.1,5.0,0.0
1759417638.006,44.436855,8.882001,70.0,0.1,5.0,0.0
1759417638.106,44.436855,8.882007,70.0,0.1,5.0,0.0
1759417638.206,44.436855,8.882014,70.0,0.1,5.0,0.0
1759417638.306,44.436855,8.88202,70.0,0.1,5.0,0.0
1759417638.406,44.436855,8.882026,70.0,0.1,5.0,0.0
1759417638.506,44.436855,8.882033,70.0,0.1,5.0,0.0
1759417638.606,44.436855,8.882039,70.0,0.1,5.0,0.0
1759417638.706,44.436855,8.882045,70.0,0.1,5.0,0.0
1759417638.806,44.436855,8.882052,70.0,0.1,5.0,0.0
1759417638.906,44.436855,8.882058,70.0,0.1,5.0,0.0
1759417639.006,44.436855,8.882064,70.0,0.1,5.0,0.0
1759417639.106,44.436856,8.88207,70.0,0.1,5.0,0.0
1759417639.206,44.436856,8.882077,70.0,0.1,5.0,0.0
1759417639.306,44.436856,8.882083,70.0,0.1,5.0,0.0
1759417639.406,44.436856,8.882089,70.0,0.1,5.0,0.0
1759417639.506,44.436856,8.882096,70.0,0.1,5.0,0.0
1759417639.606,44.436856,8.882102,70.0,0.1,5.0,0.0
1759417639.706,44.436856,8.882108,70.0,0.1,5.0,0.0
1759417639.806,44.436856,8.882114,70.0,0.1,5.0,0.0
1759417639.906,44.436856,8.882121,70.0,0.1,5.0,0.0
1759417640.006,44.436856,8.882127,70.0,0.1,5.0,0.0
1759417640.106,44.436856,8.882133,70.0,0.1,5.0,0.0
1759417640.206,44.436856,8.88214,70.0,0.1,5.0,0.0
1759417640.306,44.436856,8.882146,70.0,0.1,5.0,0.0
1759417640.406,44.436856,8.882152,70.0,0.1,5.0,0.0
1759417640.506,44.436857,8.882158,70.0,0.1,5.0,0.0
1759417640.606,44.436857,8.882165,70.0,0.1,5.0,0.0
1759417640.706,44.436857,8.882171,70.0,0.1,5.0,0.0
1759417640.806,44.436857,8.882177,70.0,0.1,5.0,0.0
1759417640.906,44.436857,8.882184,70.0,0.1,5.0,0.0
1759417641.006,44.436857,8.88219,70.0,0.1,5.0,0.0
1759417641.106,44.436857,8.882196,70.0,0.1,5.0,0.0
1759417641.206,44.436857,8.882202,70.0,0.1,5.0,0.0
1759417641.306,44.436857,8.882209,70.0,0.1,5.0,0.0
1759417641.406,44.436857,8.882215,70.0,0.1,5.0,0.0
1759417641.506,44.436857,8.882221,70.0,0.1,5.0,0.0
1759417641.606,44.436857,8.882228,70.0,0.1,5.0,0.0
1759417641.706,44.436857,8.882234,70.0,0.1,5.0,0.0
1759417641.806,44.436857,8.88224,70.0,0.1,5.0,0.0
1759417641.906,44.436857,8.882246,70.0,0.1,5.0,0.0
1759417642.006,44.436857,8.882253,70.0,0.1,5.0,0.0
1759417642.106,44.436858,8.882259,70.0,0.1,5.0,0.0
1759417642.206,44.436858,8.882265,70.0,0.1,5.0,0.0
1759417642.306,44.436858,8.882272,70.0,0.1,5.0,0.0
1759417642.406,44.436858,8.882278,70.0,0.1,5.0,0.0
1759417642.506,44.436858,8.882284,70.0,0.1,5.0,0.0
1759417642.606,44.436858,8.88229,70.0,0.1,5.0,0.0
1759417642.706,44.436858,8.882297,70.0,0.1,5.0,0.0
1759417642.806,44.436858,8.882303,70.0,0.1,5.0,0.0
1759417642.906,44.436858,8.882309,70.0,0.1,5.0,0.0
1759417643.006,44.436858,8.882316,70.0,0.1,5.0,0.0
1759417643.106,44.436858,8.882322,70.0,0.1,5.0,0.0
1759417643.206,44.436858,8.882328,70.0,0.1,5.0,0.0
1759417643.306,44.436858,8.882335,70.0,0.1,5.0,0.0
1759417643.406,44.436858,8.882341,70.0,0.1,5.0,0.0
1759417643.506,44.436859,8.882347,70.0,0.1,5.0,0.0
1759417643.606,44.436859,8.882354,70.0,0.1,5.0,0.0
1759417643.706,44.436859,8.88236,70.0,0.1,5.0,0.0
1759417643.806,44.436859,8.882366,70.0,0.1,5.0,0.0
1759417643.906,44.436859,8.882373,70.0,0.1,5.0,0.0
1759417644.006,44.436859,8.882379,70.0,0.1,5.0,0.0
1759417644.106,44.436859,8.882386,70.0,0.1,5.0,0.0
1759417644.206,44.436859,8.882392,70.0,0.1,5.0,0.0
1759417644.306,44.436859,8.882398,70.0,0.1,5.0,0.0
1759417644.406,44.436859,8.882405,70.0,0.1,5.0,0.0
1759417644.506,44.436859,8.882411,70.0,0.1,5.0,0.0
1759417644.606,44.436859,8.882417,70.0,0.1,5.0,0.0
1759417644.706,44.436859,8.882424,70.0,0.1,5.0,0.0
1759417644.806,44.436859,8.88243,70.0,0.1,5.0,0.0
1759417644.906,44.436859,8.882436,70.0,0.1,5.0,0.0
1759417645.006,44.436859,8.882442,70.0,0.1,5.0,0.0
1759417645.106,44.43686,8.882448,70.0,0.1,5.0,0.0
1759417645.206,44.43686,8.882454,70.0,0.1,5.0,0.0
1759417645.306,44.43686,8.882461,70.0,0.1,5.0,0.0
1759417645.406,44.43686,8.882467,70.0,0.1,5.0,0.0
1759417645.506,44.43686,8.882473,70.0,0.1,5.0,0.0
1759417645.606,44.43686,8.882479,70.0,0.1,5.0,0.0
1759417645.706,44.43686,8.882485,70.0,0.1,5.0,0.0
1759417645.806,44.43686,8.882491,70.0,0.1,5.0,0.0
1759417645.906,44.43686,8.882498,70.0,0.1,5.0,0.0
1759417646.006,44.43686,8.882504,70.0,0.1,5.0,0.0
1759417646.106,44.43686,8.882511,70.0,0.1,5.0,0.0
1759417646.206,44.43686,8.882517,70.0,0.1,5.0,0.0
1759417646.306,44.43686,8.882523,70.0,0.1,5.0,0.0
1759417646.406,44.43686,8.88253,70.0,0.1,5.0,0.0
1759417646.506,44.43686,8.882536,70.0,0.1,5.0,0.0
1759417646.606,44.436861,8.882543,70.0,0.1,5.0,0.0
1759417646.706,44.436861,8.882549,70.0,0.1,5.0,0.0
1759417646.806,44.436861,8.882555,70.0,0.1,5.0,0.0
1759417646.906,44.436861,8.882562,70.0,0.1,5.0,0.0
1759417647.006,44.436861,8.882568,70.0,0.1,5.0,0.0
1759417647.106,44.436861,8.882574,70.0,0.1,5.0,0.0
1759417647.206,44.436861,8.882581,70.0,0.1,5.0,0.0
1759417647.306,44.436861,8.882587,70.0,0.1,5.0,0.0
1759417647.406,44.436861,8.882593,70.0,0.1,5.0,0.0
1759417647.506,44.436861,8.882599,70.0,0.1,5.0,0.0
1759417647.606,44.436861,8.882606,70.0,0.1,5.0,0.0
1759417647.706,44.436861,8.882612,70.0,0.1,5.0,0.0
1759417647.806,44.436861,8.882618,70.0,0.1,5.0,0.0
1759417647.906,44.436861,8.882624,70.0,0.1,5.0,0.0
1759417648.006,44.436861,8.882631,70.0,0.1,5.0,0.0
1759417648.106,44.436862,8.882637,70.0,0.1,5.0,0.0
1759417648.206,44.436862,8.882643,70.0,0.1,5.0,0.0
1759417648.306,44.436862,8.882649,70.0,0.1,5.0,0.0
1759417648.406,44.436862,8.882656,70.0,0.1,5.0,0.0
1759417648.506,44.436862,8.882662,70.0,0.1,5.0,0.0
1759417648.606,44.436862,8.882668,70.0,0.1,5.0,0.0
1759417648.706,44.436862,8.882674,70.0,0.1,5.0,0.0
1759417648.806,44.436862,8.882681,70.0,0.1,5.0,0.0
1759417648.906,44.436862,8.882687,70.0,0.1,5.0,0.0
1759417649.006,44.436862,8.882693,70.0,0.1,5.0,0.0
1759417649.106,44.436862,8.8827,70.0,0.1,5.0,0.0
1759417649.206,44.436862,8.882706,70.0,0.1,5.0,0.0
1759417649.306,44.436862,8.882712,70.0,0.1,5.0,0.0
1759417649.406,44.436862,8.882719,70.0,0.1,5.0,0.0
1759417649.506,44.436862,8.882725,70.0,0.1,5.0,0.0
1759417649.606,44.436862,8.882731,70.0,0.1,5.0,0.0
1759417649.706,44.436863,8.882738,70.0,0.1,5.0,0.0
1759417649.806,44.436863,8.882744,70.0,0.1,5.0,0.0
1759417649.906,44.436863,8.88275,70.0,0.1,5.0,0.0
1759417650.006,44.436863,8.882757,70.0,0.1,5.0,0.0
1759417650.106,44.436863,8.882763,70.0,0.1,5.0,0.0
1759417650.206,44.436863,8.882769,70.0,0.1,5.0,0.0
1759417650.306,44.436863,8.882775,70.0,0.1,5.0,0.0
1759417650.406,44.436863,8.882782,70.0,0.1,5.0,0.0
1759417650.506,44.436863,8.882788,70.0,0.1,5.0,0.0
1759417650.606,44.436863,8.882794,70.0,0.1,5.0,0.0
1759417650.706,44.436863,8.882801,70.0,0.1,5.0,0.0
1759417650.806,44.436863,8.882807,70.0,0.1,5.0,0.0
1759417650.906,44.436863,8.882813,70.0,0.1,5.0,0.0
1759417651.006,44.436863,8.882819,70.0,0.1,5.0,0.0
1759417651.106,44.436864,8.882826,70.0,0.1,5.0,0.0
1759417651.206,44.436864,8.882832,70.0,0.1,5.0,0.0
1759417651.306,44.436864,8.882838,70.0,0.1,5.0,0.0
1759417651.406,44.436864,8.882845,70.0,0.1,5.0,0.0
1759417651.506,44.436864,8.882851,70.0,0.1,5.0,0.0
1759417651.606,44.436864,8.882857,70.0,0.1,5.0,0.0
1759417651.706,44.436864,8.882863,70.0,0.1,5.0,0.0
1759417651.806,44.436864,8.88287,70.0,0.1,5.0,0.0
1759417651.906,44.436864,8.882876,70.0,0.1,5.0,0.0
1759417652.006,44.436864,8.882883,70.0,0.1,5.0,0.0
1759417652.106,44.436864,8.882889,70.0,0.1,5.0,0.0
1759417652.206,44.436864,8.882895,70.0,0.1,5.0,0.0
1759417652.306,44.436864,8.882902,70.0,0.1,5.0,0.0
1759417652.406,44.436864,8.882908,70.0,0.1,5.0,0.0
1759417652.506,44.436864,8.882915,70.0,0.1,5.0,0.0
1759417652.606,44.436864,8.882921,70.0,0.1,5.0,0.0
1759417652.706,44.436864,8.882928,70.0,0.1,5.0,0.0
1759417652.806,44.436865,8.882934,70.0,0.1,5.0,0.0
1759417652.906,44.436865,8.88294,70.0,0.1,5.0,0.0
1759417653.006,44.436865,8.882946,70.0,0.1,5.0,0.0
1759417653.106,44.436865,8.882952,70.0,0.1,5.0,0.0
1759417653.206,44.436865,8.882958,70.0,0.1,5.0,0.0
1759417653.306,44.436865,8.882964,70.0,0.1,5.0,0.0
1759417653.406,44.436865,8.882971,70.0,0.1,5.0,0.0
1759417653.506,44.436865,8.882977,70.0,0.1,5.0,0.0
1759417653.606,44.436865,8.882983,70.0,0.1,5.0,0.0
1759417653.706,44.436865,8.882989,70.0,0.1,5.0,0.0
1759417653.806,44.436865,8.882995,70.0,0.1,5.0,0.0
1759417653.906,44.436865,8.883002,70.0,0.1,5.0,0.0
1759417654.006,44.436865,8.883008,70.0,0.1,5.0,0.0
1759417654.106,44.436865,8.883015,70.0,0.1,5.0,0.0
1759417654.206,44.436866,8.883021,70.0,0.1,5.0,0.0
1759417654.306,44.436866,8.883027,70.0,0.1,5.0,0.0
1759417654.406,44.436866,8.883034,70.0,0.1,5.0,0.0
1759417654.506,44.436866,8.88304,70.0,0.1,5.0,0.0
1759417654.606,44.436866,8.883047,70.0,0.1,5.0,0.0
1759417654.706,44.436866,8.883053,70.0,0.1,5.0,0.0
1759417654.806,44.436866,8.883059,70.0,0.1,5.0,0.0
1759417654.906,44.436866,8.883066,70.0,0.1,5.0,0.0
1759417655.006,44.436866,8.883072,70.0,0.1,5.0,0.0
1759417655.106,44.436866,8.883078,70.0,0.1,5.0,0.0
1759417655.206,44.436866,8.883084,70.0,0.1,5.0,0.0
1759417655.306,44.436866,8.88309,70.0,0.1,5.0,0.0
1759417655.406,44.436866,8.883097,70.0,0.1,5.0,0.0
1759417655.506,44.436866,8.883103,70.0,0.1,5.0,0.0
1759417655.606,44.436866,8.883109,70.0,0.1,5.0,0.0
1759417655.706,44.436866,8.883115,70.0,0.1,5.0,0.0
1759417655.806,44.436867,8.883122,70.0,0.1,5.0,0.0
1759417655.906,44.436867,8.883128,70.0,0.1,5.0,0.0
1759417656.006,44.436867,8.883134,70.0,0.1,5.0,0.0
1759417656.106,44.436867,8.88314,70.0,0.1,5.0,0.0
1759417656.206,44.436867,8.883147,70.0,0.1,5.0,0.0
1759417656.306,44.436867,8.883153,70.0,0.1,5.0,0.0
1759417656.406,44.436867,8.883159,70.0,0.1,5.0,0.0
1759417656.506,44.436867,8.883165,70.0,0.1,5.0,0.0
1759417656.606,44.436867,8.883172,70.0,0.1,5.0,0.0
1759417656.706,44.436867,8.883178,70.0,0.1,5.0,0.0
1759417656.806,44.436867,8.883184,70.0,0.1,5.0,0.0
1759417656.906,44.436867,8.883191,70.0,0.1,5.0,0.0
1759417657.006,44.436867,8.883197,70.0,0.1,5.0,0.0
1759417657.106,44.436867,8.883204,70.0,0.1,5.0,0.0
1759417657.206,44.436868,8.88321,70.0,0.1,5.0,0.0
1759417657.306,44.436868,8.883216,70.0,0.1,5.0,0.0
1759417657.406,44.436868,8.883223,70.0,0.1,5.0,0.0
1759417657.506,44.436868,8.883229,70.0,0.1,5.0,0.0
1759417657.606,44.436868,8.883236,70.0,0.1,5.0,0.0
1759417657.706,44.436868,8.883242,70.0,0.1,5.0,0.0
1759417657.806,44.436868,8.883248,70.0,0.1,5.0,0.0
1759417657.906,44.436868,8.883255,70.0,0.1,5.0,0.0
1759417658.006,44.436868,8.883261,70.0,0.1,5.0,0.0
1759417658.106,44.436868,8.883267,70.0,0.1,5.0,0.0
1759417658.206,44.436868,8.883273,70.0,0.1,5.0,0.0
1759417658.306,44.436868,8.883279,70.0,0.1,5.0,0.0
1759417658.406,44.436868,8.883285,70.0,0.1,5.0,0.0
1759417658.506,44.436868,8.883291,70.0,0.1,5.0,0.0
1759417658.606,44.436869,8.883298,70.0,0.1,5.0,0.0
1759417658.706,44.436869,8.883304,70.0,0.1,5.0,0.0
1759417658.806,44.436869,8.88331,70.0,0.1,5.0,0.0
1759417658.906,44.436869,8.883316,70.0,0.1,5.0,0.0
1759417659.006,44.436869,8.883323,70.0,0.1,5.0,0.0
1759417659.106,44.436869,8.883329,70.0,0.1,5.0,0.0
1759417659.206,44.436869,8.883335,70.0,0.1,5.0,0.0
1759417659.306,44.436869,8.883342,70.0,0.1,5.0,0.0
1759417659.406,44.436869,8.883348,70.0,0.1,5.0,0.0
1759417659.506,44.436869,8.883354,70.0,0.1,5.0,0.0
1759417659.606,44.436869,8.883361,70.0,0.1,5.0,0.0
1759417659.706,44.436869,8.883367,70.0,0.1,5.0,0.0
1759417659.806,44.436869,8.883373,70.0,0.1,5.0,0.0
1759417659.906,44.436869,8.88338,70.0,0.1,5.0,0.0
1759417660.006,44.436869,8.883386,70.0,0.1,5.0,0.0
1759417660.106,44.436869,8.883392,70.0,0.1,5.0,0.0
1759417660.206,44.436869,8.883399,70.0,0.1,5.0,0.0
1759417660.306,44.43687,8.883405,70.0,0.1,5.0,0.0
1759417660.406,44.43687,8.883412,70.0,0.1,5.0,0.0
1759417660.506,44.43687,8.883418,70.0,0.1,5.0,0.0
1759417660.606,44.43687,8.883424,70.0,0.1,5.0,0.0
1759417660.706,44.43687,8.883431,70.0,0.1,5.0,0.0
1759417660.806,44.43687,8.883437,70.0,0.1,5.0,0.0
1759417660.906,44.43687,8.883443,70.0,0.1,5.0,0.0
1759417661.006,44.43687,8.883449,70.0,0.1,5.0,0.0
1759417661.106,44.43687,8.883455,70.0,0.1,5.0,0.0
1759417661.206,44.43687,8.883462,70.0,0.1,5.0,0.0
1759417661.306,44.43687,8.883468,70.0,0.1,5.0,0.0
1759417661.406,44.43687,8.883474,70.0,0.1,5.0,0.0
1759417661.506,44.43687,8.88348,70.0,0.1,5.0,0.0
1759417661.606,44.43687,8.883487,70.0,0.1,5.0,0.0
1759417661.706,44.43687,8.883493,70.0,0.1,5.0,0.0
1759417661.806,44.436871,8.883499,70.0,0.1,5.0,0.0
1759417661.906,44.436871,8.883505,70.0,0.1,5.0,0.0
1759417662.006,44.436871,8.883512,70.0,0.1,5.0,0.0
1759417662.106,44.436871,8.883518,70.0,0.1,5.0,0.0
1759417662.206,44.436871,8.883524,70.0,0.1,5.0,0.0
1759417662.306,44.436871,8.883531,70.0,0.1,5.0,0.0
1759417662.406,44.436871,8.883537,70.0,0.1,5.0,0.0
1759417662.506,44.436871,8.883543,70.0,0.1,5.0,0.0
1759417662.606,44.436871,8.88355,70.0,0.1,5.0,0.0
1759417662.706,44.436871,8.883556,70.0,0.1,5.0,0.0
1759417662.806,44.436871,8.883562,70.0,0.1,5.0,0.0
1759417662.906,44.436871,8.883569,70.0,0.1,5.0,0.0
1759417663.006,44.436871,8.883575,70.0,0.1,5.0,0.0
1759417663.106,44.436871,8.883581,70.0,0.1,5.0,0.0
1759417663.206,44.436871,8.883588,70.0,0.1,5.0,0.0
1759417663.306,44.436872,8.883594,70.0,0.1,5.0,0.0
1759417663.406,44.436872,8.8836,70.0,0.1,5.0,0.0
1759417663.506,44.436872,8.883607,70.0,0.1,5.0,0.0
1759417663.606,44.436872,8.883613,70.0,0.1,5.0,0.0
1759417663.706,44.436872,8.883619,70.0,0.1,5.0,0.0
1759417663.806,44.436872,8.883625,70.0,0.1,5.0,0.0
1759417663.906,44.436872,8.883632,70.0,0.1,5.0,0.0
1759417664.006,44.436872,8.883638,70.0,0.1,5.0,0.0
1759417664.106,44.436872,8.883644,70.0,0.1,5.0,0.0
1759417664.206,44.436872,8.88365,70.0,0.1,5.0,0.0
1759417664.306,44.436872,8.883657,70.0,0.1,5.0,0.0
1759417664.406,44.436872,8.883663,70.0,0.1,5.0,0.0
1759417664.506,44.436872,8.883669,70.0,0.1,5.0,0.0
1759417664.606,44.436872,8.883676,70.0,0.1,5.0,0.0
1759417664.706,44.436872,8.883682,70.0,0.1,5.0,0.0
1759417664.806,44.436873,8.883688,70.0,0.1,5.0,0.0
1759417664.906,44.436873,8.883695,70.0,0.1,5.0,0.0
1759417665.006,44.436873,8.883701,70.0,0.1,5.0,0.0
1759417665.106,44.436873,8.883707,70.0,0.1,5.0,0.0
1759417665.206,44.436873,8.883714,70.0,0.1,5.0,0.0
1759417665.306,44.436873,8.88372,70.0,0.1,5.0,0.0
1759417665.406,44.436873,8.883726,70.0,0.1,5.0,0.0
1759417665.506,44.436873,8.883733,70.0,0.1,5.0,0.0
1759417665.606,44.436873,8.883739,70.0,0.1,5.0,0.0
1759417665.706,44.436873,8.883745,70.0,0.1,5.0,0.0
1759417665.806,44.436873,8.883752,70.0,0.1,5.0,0.0
1759417665.906,44.436873,8.883758,70.0,0.1,5.0,0.0
1759417666.006,44.436873,8.883764,70.0,0.1,5.0,0.0
1759417666.106,44.436873,8.88377,70.0,0.1,5.0,0.0
1759417666.206,44.436874,8.883776,70.0,0.1,5.0,0.0
1759417666.306,44.436874,8.883783,70.0,0.1,5.0,0.0
1759417666.406,44.436874,8.883789,70.0,0.1,5.0,0.0
1759417666.506,44.436874,8.883795,70.0,0.1,5.0,0.0
1759417666.606,44.436874,8.883801,70.0,0.1,5.0,0.0
1759417666.706,44.436874,8.883808,70.0,0.1,5.0,0.0
1759417666.806,44.436874,8.883814,70.0,0.1,4.94,0.0
1759417666.906,44.436874,8.88382,70.0,0.1,4.84,0.0
1759417667.006,44.436874,8.883827,70.0,0.1,4.74,0.0
1759417667.106,44.436874,8.883833,70.0,0.1,4.64,0.0
1759417667.206,44.436874,8.883839,70.0,0.1,4.54,0.0
1759417667.306,44.436874,8.883846,70.0,0.1,4.44,0.0
1759417667.406,44.436874,8.883852,70.0,0.1,4.34,0.0
1759417667.506,44.436874,8.883859,70.0,0.1,4.23,0.0
1759417667.606,44.436874,8.883865,70.0,0.1,4.13,0.0
1759417667.706,44.436874,8.883872,70.0,0.1,4.03,0.0
1759417667.806,44.436875,8.883878,70.0,0.09,3.89,0.0
1759417667.906,44.436875,8.883884,70.0,0.08,3.72,0.0
1759417668.006,44.436875,8.883889,70.0,0.07,3.55,0.0
1759417668.106,44.436875,8.883895,70.0,0.06,3.38,0.0
1759417668.206,44.436875,8.883901,70.0,0.05,3.21,0.0
1759417668.306,44.436875,8.883907,70.0,0.04,3.04,0.0
1759417668.406,44.436875,8.883913,70.0,0.03,2.88,0.0
1759417668.506,44.436875,8.883919,70.0,0.02,2.71,0.0
1759417668.606,44.436875,8.883925,70.0,0.01,2.54,0.0
1759417668.706,44.436875,8.883931,70.0,0.0,2.37,0.0
1759417668.806,44.436875,8.883936,70.0,0.0,2.24,0.0
1759417668.906,44.436875,8.883939,70.0,0.0,2.13,0.0
1759417669.006,44.436875,8.883943,70.0,0.0,2.02,0.0
1759417669.106,44.436875,8.883947,70.0,0.0,1.91,0.0
1759417669.206,44.436875,8.883951,70.0,0.0,1.8,0.0
1759417669.306,44.436876,8.883955,70.0,0.0,1.69,0.0
1759417669.406,44.436876,8.883959,70.0,0.0,1.58,0.0
1759417669.506,44.436876,8.883963,70.0,0.0,1.47,0.0
1759417669.606,44.436876,8.883967,70.0,0.0,1.36,0.0
1759417669.706,44.436876,8.88397,70.0,0.0,1.25,0.0
1759417669.806,44.436876,8.883973,70.0,0.0,1.15,0.06
1759417669.906,44.436876,8.883975,70.0,0.0,1.07,0.16
1759417670.006,44.436876,8.883977,70.0,0.0,0.99,0.26
1759417670.106,44.436876,8.883979,70.0,0.0,0.91,0.36
1759417670.206,44.436876,8.883981,70.0,0.0,0.83,0.46
1759417670.306,44.436876,8.883983,70.0,0.0,0.75,0.56
1759417670.406,44.436876,8.883985,70.0,0.0,0.67,0.66
1759417670.506,44.436876,8.883987,70.0,0.0,0.59,0.77
1759417670.606,44.436876,8.883989,70.0,0.0,0.51,0.87
1759417670.706,44.436876,8.883991,70.0,0.0,0.43,0.97
1759417670.806,44.436876,8.883992,69.97,0.0,0.38,1.04
1759417670.906,44.436876,8.883993,69.93,0.0,0.35,1.1
1759417671.006,44.436876,8.883993,69.89,0.0,0.32,1.16
1759417671.106,44.436876,8.883994,69.85,0.0,0.29,1.22
1759417671.206,44.436876,8.883995,69.81,0.0,0.26,1.28
1759417671.306,44.436876,8.883996,69.78,0.0,0.23,1.34
1759417671.406,44.436876,8.883996,69.74,0.0,0.2,1.4
1759417671.506,44.436876,8.883997,69.7,0.0,0.17,1.46
1759417671.606,44.436876,8.883998,69.66,0.0,0.14,1.52
1759417671.706,44.436876,8.883999,69.62,0.0,0.11,1.57
1759417671.806,44.436876,8.883999,69.51,0.0,0.1,1.59
1759417671.906,44.436876,8.883999,69.36,0.0,0.1,1.58
1759417672.006,44.436876,8.883999,69.21,0.0,0.1,1.57
1759417672.106,44.436876,8.883999,69.06,0.0,0.1,1.56
1759417672.206,44.436876,8.883999,68.91,0.0,0.1,1.55
1759417672.306,44.436876,8.883999,68.76,0.0,0.1,1.54
1759417672.406,44.436876,8.883999,68.61,0.0,0.1,1.53
1759417672.506,44.436875,8.883999,68.45,0.0,0.1,1.52
1759417672.606,44.436875,8.883999,68.3,0.0,0.1,1.51
1759417672.706,44.436875,8.883999,68.15,0.0,0.1,1.5
1759417672.806,44.436875,8.884,67.99,0.01,0.09,1.49
1759417672.906,44.436875,8.884,67.82,0.02,0.08,1.48
1759417673.006,44.436875,8.884,67.65,0.03,0.07,1.47
1759417673.106,44.436875,8.884,67.48,0.04,0.06,1.46
1759417673.206,44.436875,8.884,67.31,0.05,0.05,1.45
1759417673.306,44.436875,8.884001,67.14,0.06,0.04,1.44
1759417673.406,44.436875,8.884001,66.97,0.07,0.03,1.43
1759417673.506,44.436875,8.884001,66.8,0.08,0.02,1.42
1759417673.606,44.436874,8.884001,66.63,0.09,0.01,1.41
1759417673.706,44.436874,8.884002,66.46,0.1,0.0,1.4
1759417673.806,44.436874,8.884002,66.31,0.1,0.0,1.4
1759417673.906,44.436874,8.884002,66.17,0.1,0.0,1.4
1759417674.006,44.436874,8.884002,66.03,0.1,0.0,1.4
1759417674.106,44.436874,8.884002,65.89,0.1,0.0,1.4
1759417674.206,44.436874,8.884003,65.75,0.1,0.0,1.4
1759417674.306,44.436874,8.884003,65.61,0.1,0.0,1.4
1759417674.406,44.436874,8.884003,65.48,0.1,0.0,1.4
1759417674.506,44.436875,8.884003,65.34,0.1,0.0,1.4
1759417674.606,44.436875,8.884003,65.2,0.1,0.0,1.4
1759417674.706,44.436875,8.884004,65.06,0.1,0.0,1.4
1759417674.806,44.436875,8.884004,64.91,0.09,-0.01,1.41
1759417674.906,44.436875,8.884004,64.76,0.08,-0.02,1.42
1759417675.006,44.436875,8.884004,64.61,0.07,-0.03,1.43
1759417675.106,44.436875,8.884004,64.46,0.06,-0.04,1.44
1759417675.206,44.436875,8.884004,64.31,0.05,-0.05,1.45
1759417675.306,44.436875,8.884004,64.16,0.04,-0.06,1.46
1759417675.406,44.436875,8.884004,64.0,0.03,-0.07,1.47
1759417675.506,44.436875,8.884004,63.85,0.02,-0.08,1.48
1759417675.606,44.436875,8.884004,63.7,0.01,-0.09,1.49
1759417675.706,44.436876,8.884004,63.55,0.0,-0.1,1.5
1759417675.806,44.436876,8.884004,63.41,0.0,-0.09,1.5
1759417675.906,44.436876,8.884004,63.27,0.0,-0.08,1.5
1759417676.006,44.436876,8.884004,63.13,0.0,-0.07,1.5
1759417676.106,44.436876,8.884004,62.99,0.0,-0.06,1.5
1759417676.206,44.436876,8.884004,62.85,0.0,-0.05,1.5
1759417676.306,44.436876,8.884004,62.71,0.0,-0.04,1.5
1759417676.406,44.436876,8.884004,62.57,0.0,-0.03,1.5
1759417676.506,44.436876,8.884004,62.44,0.0,-0.02,1.5
1759417676.606,44.436876,8.884004,62.3,0.0,-0.01,1.5
1759417676.706,44.436876,8.884004,62.16,0.0,-0.0,1.5
1759417676.806,44.436876,8.884003,62.01,0.0,0.0,1.5
1759417676.906,44.436876,8.884003,61.86,0.0,0.0,1.5
1759417677.006,44.436876,8.884003,61.71,0.0,0.0,1.5
1759417677.106,44.436876,8.884003,61.56,0.0,0.0,1.5
1759417677.206,44.436876,8.884003,61.41,0.0,0.0,1.5
1759417677.306,44.436876,8.884003,61.26,0.0,0.0,1.5
1759417677.406,44.436876,8.884003,61.11,0.0,0.0,1.5
1759417677.506,44.436876,8.884003,60.96,0.0,0.0,1.5
1759417677.606,44.436876,8.884003,60.81,0.0,0.0,1.5
1759417677.706,44.436876,8.884003,60.66,0.0,0.0,1.5
1759417677.806,44.436876,8.884003,60.51,0.0,0.01,1.5
1759417677.906,44.436876,8.884003,60.36,0.0,0.02,1.5
1759417678.006,44.436876,8.884003,60.21,0.0,0.03,1.5
1759417678.106,44.436876,8.884003,60.06,0.0,0.04,1.5
1759417678.206,44.436876,8.884003,59.91,0.0,0.05,1.5
1759417678.306,44.436876,8.884003,59.76,0.0,0.06,1.5
1759417678.406,44.436876,8.884003,59.61,0.0,0.07,1.5
1759417678.506,44.436876,8.884003,59.46,0.0,0.08,1.5
1759417678.606,44.436876,8.884003,59.31,0.0,0.09,1.5
1759417678.706,44.436876,8.884003,59.16,0.0,0.1,1.5
1759417678.806,44.436876,8.884003,59.01,0.0,0.09,1.5
1759417678.906,44.436876,8.884003,58.86,0.0,0.08,1.5
1759417679.006,44.436876,8.884003,58.71,0.0,0.07,1.5
1759417679.106,44.436876,8.884003,58.56,0.0,0.06,1.5
1759417679.206,44.436876,8.884003,58.41,0.0,0.05,1.5
1759417679.306,44.436876,8.884003,58.26,0.0,0.04,1.5
1759417679.406,44.436876,8.884003,58.1,0.0,0.03,1.5
1759417679.506,44.436876,8.884003,57.95,0.0,0.02,1.5
1759417679.606,44.436876,8.884003,57.8,0.0,0.01,1.5
1759417679.706,44.436876,8.884003,57.65,0.0,0.0,1.5
1759417679.806,44.436876,8.884004,57.5,0.0,0.0,1.5
1759417679.906,44.436876,8.884004,57.35,0.0,0.0,1.5
1759417680.006,44.436876,8.884004,57.2,0.0,0.0,1.5
1759417680.106,44.436876,8.884004,57.05,0.0,0.0,1.5
1759417680.206,44.436876,8.884004,56.9,0.0,0.0,1.5
1759417680.306,44.436876,8.884004,56.76,0.0,0.0,1.5
1759417680.406,44.436876,8.884004,56.61,0.0,0.0,1.5
1759417680.506,44.436876,8.884004,56.46,0.0,0.0,1.5
1759417680.606,44.436876,8.884004,56.31,0.0,0.0,1.5
1759417680.706,44.436876,8.884004,56.16,0.0,0.0,1.5
1759417680.806,44.436876,8.884004,56.02,0.0,0.0,1.5
1759417680.906,44.436876,8.884004,55.88,0.0,0.0,1.5
1759417681.006,44.436876,8.884004,55.74,0.0,0.0,1.5
1759417681.106,44.436876,8.884004,55.59,0.0,0.0,1.5
1759417681.206,44.436876,8.884004,55.45,0.0,0.0,1.5
1759417681.306,44.436876,8.884004,55.31,0.0,0.0,1.5
1759417681.406,44.436876,8.884004,55.17,0.0,0.0,1.5
1759417681.506,44.436876,8.884004,55.03,0.0,0.0,1.5
1759417681.606,44.436876,8.884004,54.89,0.0,0.0,1.5
1759417681.706,44.436876,8.884004,54.75,0.0,0.0,1.5
1759417681.806,44.436876,8.884004,54.6,0.0,0.0,1.5
1759417681.906,44.436876,8.884004,54.45,0.0,0.0,1.5
1759417682.006,44.436876,8.884004,54.3,0.0,0.0,1.5
1759417682.106,44.436876,8.884005,54.15,0.0,0.0,1.5
1759417682.206,44.436876,8.884005,54.0,0.0,0.0,1.5
1759417682.306,44.436876,8.884005,53.85,0.0,0.0,1.5
1759417682.406,44.436876,8.884005,53.7,0.0,0.0,1.5
1759417682.506,44.436876,8.884005,53.55,0.0,0.0,1.5
1759417682.606,44.436876,8.884005,53.4,0.0,0.0,1.5
1759417682.706,44.436876,8.884005,53.25,0.0,0.0,1.5
1759417682.806,44.436876,8.884005,53.1,0.0,0.0,1.5
1759417682.906,44.436876,8.884005,52.95,0.0,0.0,1.5
1759417683.006,44.436876,8.884005,52.8,0.0,0.0,1.5
1759417683.106,44.436876,8.884005,52.65,0.0,0.0,1.5
1759417683.206,44.436876,8.884005,52.5,0.0,0.0,1.5
1759417683.306,44.436876,8.884005,52.36,0.0,0.0,1.5
1759417683.406,44.436876,8.884005,52.21,0.0,0.0,1.5
1759417683.506,44.436876,8.884005,52.06,0.0,0.0,1.5
1759417683.606,44.436876,8.884005,51.91,0.0,0.0,1.5
1759417683.706,44.436876,8.884005,51.76,0.0,0.0,1.5
1759417683.806,44.436876,8.884005,51.61,0.0,0.0,1.5
1759417683.906,44.436876,8.884005,51.46,0.0,0.0,1.5
1759417684.006,44.436876,8.884005,51.31,0.0,0.0,1.5
1759417684.106,44.436876,8.884005,51.16,0.0,0.0,1.5
1759417684.206,44.436876,8.884006,51.01,0.0,0.0,1.5
1759417684.306,44.436876,8.884006,50.86,0.0,0.0,1.5
1759417684.406,44.436876,8.884006,50.71,0.0,0.0,1.5
1759417684.506,44.436876,8.884006,50.56,0.0,0.0,1.5
1759417684.606,44.436876,8.884006,50.41,0.0,0.0,1.5
1759417684.706,44.436876,8.884006,50.26,0.0,0.0,1.5
1759417684.806,44.436876,8.884006,50.11,0.0,0.0,1.5
1759417684.906,44.436876,8.884006,49.96,0.0,0.0,1.5
1759417685.006,44.436876,8.884006,49.81,0.0,0.0,1.5
1759417685.106,44.436876,8.884006,49.66,0.0,0.0,1.5
1759417685.206,44.436876,8.884006,49.51,0.0,0.0,1.5
1759417685.306,44.436876,8.884006,49.36,0.0,0.0,1.5
1759417685.406,44.436876,8.884006,49.21,0.0,0.0,1.5
1759417685.506,44.436876,8.884006,49.06,0.0,0.0,1.5
1759417685.606,44.436876,8.884006,48.91,0.0,0.0,1.5
1759417685.706,44.436876,8.884006,48.76,0.0,0.0,1.5
1759417685.806,44.436876,8.884006,48.61,0.0,0.0,1.5
1759417685.906,44.436876,8.884006,48.46,0.0,0.0,1.5
1759417686.006,44.436876,8.884006,48.31,0.0,0.0,1.5
1759417686.106,44.436876,8.884006,48.16,0.0,0.0,1.5
1759417686.206,44.436876,8.884006,48.01,0.0,0.0,1.5
1759417686.306,44.436876,8.884006,47.86,0.0,0.0,1.5
1759417686.406,44.436876,8.884006,47.71,0.0,0.0,1.5
1759417686.506,44.436876,8.884007,47.56,0.0,0.0,1.5
1759417686.606,44.436876,8.884007,47.41,0.0,0.0,1.5
1759417686.706,44.436876,8.884007,47.26,0.0,0.0,1.5
1759417686.806,44.436876,8.884007,47.11,0.0,0.0,1.5
1759417686.906,44.436876,8.884007,46.96,0.0,0.0,1.5
1759417687.006,44.436876,8.884007,46.81,0.0,0.0,1.5
1759417687.106,44.436876,8.884007,46.66,0.0,0.0,1.5
1759417687.206,44.436876,8.884007,46.51,0.0,0.0,1.5
1759417687.306,44.436876,8.884007,46.36,0.0,0.0,1.5
1759417687.406,44.436876,8.884007,46.21,0.0,0.0,1.5
1759417687.506,44.436876,8.884007,46.06,0.0,0.0,1.5
1759417687.606,44.436876,8.884007,45.91,0.0,0.0,1.5
1759417687.706,44.436876,8.884007,45.76,0.0,0.0,1.5
1759417687.806,44.436876,8.884007,45.61,0.0,0.0,1.5
1759417687.906,44.436876,8.884007,45.46,0.0,0.0,1.5
1759417688.006,44.436876,8.884007,45.31,0.0,0.0,1.5
1759417688.106,44.436876,8.884007,45.16,0.0,0.0,1.5
1759417688.206,44.436876,8.884007,45.01,0.0,0.0,1.5
1759417688.306,44.436876,8.884007,44.86,0.0,0.0,1.5
1759417688.406,44.436876,8.884007,44.71,0.0,0.0,1.5
1759417688.506,44.436876,8.884007,44.56,0.0,0.0,1.5
1759417688.606,44.436876,8.884008,44.41,0.0,0.0,1.5
1759417688.706,44.436876,8.884008,44.26,0.0,0.0,1.5
1759417688.806,44.436876,8.884008,44.12,0.0,0.0,1.5
1759417688.906,44.436876,8.884008,43.98,0.0,0.0,1.5
1759417689.006,44.436876,8.884008,43.84,0.0,0.0,1.5
1759417689.106,44.436876,8.884008,43.7,0.0,0.0,1.5
1759417689.206,44.436876,8.884008,43.56,0.0,0.0,1.5
1759417689.306,44.436876,8.884008,43.42,0.0,0.0,1.5
1759417689.406,44.436876,8.884008,43.28,0.0,0.0,1.5
1759417689.506,44.436876,8.884008,43.14,0.0,0.0,1.5
1759417689.606,44.436876,8.884008,43.0,0.0,0.0,1.5
1759417689.706,44.436876,8.884008,42.86,0.0,0.0,1.5
1759417689.806,44.436876,8.884008,42.71,0.0,0.0,1.5
1759417689.906,44.436876,8.884008,42.55,0.0,0.0,1.5
1759417690.006,44.436876,8.884008,42.39,0.0,0.0,1.5
1759417690.106,44.436876,8.884008,42.23,0.0,0.0,1.5
1759417690.206,44.436876,8.884008,42.07,0.0,0.0,1.5
1759417690.306,44.436876,8.884008,41.91,0.0,0.0,1.5
1759417690.406,44.436876,8.884008,41.75,0.0,0.0,1.5
1759417690.506,44.436876,8.884008,41.59,0.0,0.0,1.5
1759417690.606,44.436876,8.884008,41.43,0.0,0.0,1.5
1759417690.706,44.436876,8.884008,41.27,0.0,0.0,1.5
1759417690.806,44.436876,8.884008,41.11,0.0,0.0,1.5
1759417690.906,44.436876,8.884008,40.96,0.0,0.0,1.5
1759417691.006,44.436876,8.884008,40.81,0.0,0.0,1.5
1759417691.106,44.436876,8.884008,40.66,0.0,0.0,1.5
1759417691.206,44.436876,8.884009,40.51,0.0,0.0,1.5
1759417691.306,44.436876,8.884009,40.36,0.0,0.0,1.5
1759417691.406,44.436876,8.884009,40.21,0.0,0.0,1.5
1759417691.506,44.436876,8.884009,40.06,0.0,0.0,1.5
1759417691.606,44.436876,8.884009,39.91,0.0,0.0,1.5
1759417691.706,44.436876,8.884009,39.76,0.0,0.0,1.5
1759417691.806,44.436876,8.884009,39.62,0.0,0.0,1.5
1759417691.906,44.436876,8.884009,39.48,0.0,0.0,1.5
1759417692.006,44.436876,8.884009,39.34,0.0,0.0,1.5
1759417692.106,44.436876,8.884009,39.2,0.0,0.0,1.5
1759417692.206,44.436876,8.884009,39.06,0.0,0.0,1.5
1759417692.306,44.436876,8.884009,38.92,0.0,0.0,1.5
1759417692.406,44.436876,8.884009,38.78,0.0,0.0,1.5
1759417692.506,44.436876,8.884009,38.64,0.0,0.0,1.5
1759417692.606,44.436876,8.884009,38.5,0.0,0.0,1.5
1759417692.706,44.436876,8.884009,38.36,0.0,0.0,1.5
1759417692.806,44.436876,8.884009,38.21,0.0,0.0,1.5
1759417692.906,44.436876,8.884009,38.06,0.0,0.0,1.5
1759417693.006,44.436876,8.884009,37.91,0.0,0.0,1.5
1759417693.106,44.436876,8.884009,37.76,0.0,0.0,1.5
1759417693.206,44.436876,8.884009,37.61,0.0,0.0,1.5
1759417693.306,44.436876,8.884009,37.46,0.0,0.0,1.5
1759417693.406,44.436876,8.884009,37.3,0.0,0.0,1.5
1759417693.506,44.436876,8.88401,37.15,0.0,0.0,1.5
1759417693.606,44.436876,8.88401,37.0,0.0,0.0,1.5
1759417693.706,44.436876,8.88401,36.85,0.0,0.0,1.5
1759417693.806,44.436876,8.88401,36.7,0.0,0.0,1.5
1759417693.906,44.436876,8.88401,36.55,0.0,0.0,1.5
1759417694.006,44.436876,8.88401,36.4,0.0,0.0,1.5
1759417694.106,44.436876,8.88401,36.25,0.0,0.0,1.5
1759417694.206,44.436876,8.88401,36.11,0.0,0.0,1.5
1759417694.306,44.436876,8.88401,35.96,0.0,0.0,1.5
1759417694.406,44.436876,8.88401,35.81,0.0,0.0,1.5
1759417694.506,44.436876,8.88401,35.66,0.0,0.0,1.5
1759417694.606,44.436876,8.88401,35.51,0.0,0.0,1.5
1759417694.706,44.436876,8.88401,35.36,0.0,0.0,1.5
1759417694.806,44.436876,8.88401,35.21,0.0,0.0,1.5
1759417694.906,44.436876,8.88401,35.06,0.0,0.0,1.5
1759417695.006,44.436876,8.88401,34.91,0.0,0.0,1.5
1759417695.106,44.436876,8.88401,34.76,0.0,0.0,1.5
1759417695.206,44.436876,8.88401,34.61,0.0,0.0,1.5
1759417695.306,44.436876,8.88401,34.46,0.0,0.0,1.5
1759417695.406,44.436876,8.88401,34.31,0.0,0.0,1.5
1759417695.506,44.436876,8.88401,34.16,0.0,0.0,1.5
1759417695.606,44.436876,8.88401,34.01,0.0,0.0,1.5
1759417695.706,44.436876,8.88401,33.86,0.0,0.0,1.5
1759417695.806,44.436876,8.884011,33.71,0.0,0.0,1.5
1759417695.906,44.436876,8.884011,33.56,0.0,0.0,1.5
1759417696.006,44.436876,8.884011,33.41,0.0,0.0,1.5
1759417696.106,44.436876,8.884011,33.26,0.0,0.0,1.5
1759417696.206,44.436876,8.884011,33.11,0.0,0.0,1.5
1759417696.306,44.436876,8.884011,32.96,0.0,0.0,1.5
1759417696.406,44.436876,8.884011,32.81,0.0,0.0,1.5
1759417696.506,44.436876,8.884011,32.66,0.0,0.0,1.5
1759417696.606,44.436876,8.884011,32.51,0.0,0.0,1.5
1759417696.706,44.436876,8.884011,32.36,0.0,0.0,1.5
1759417696.806,44.436876,8.884011,32.21,0.0,0.0,1.5
1759417696.906,44.436876,8.884011,32.06,0.0,0.0,1.5
1759417697.006,44.436876,8.884011,31.91,0.0,0.0,1.5
1759417697.106,44.436876,8.884011,31.76,0.0,0.0,1.5
1759417697.206,44.436876,8.884011,31.61,0.0,0.0,1.5
1759417697.306,44.436876,8.884011,31.46,0.0,0.0,1.5
1759417697.406,44.436876,8.884011,31.31,0.0,0.0,1.5
1759417697.506,44.436876,8.884011,31.16,0.0,0.0,1.5
1759417697.606,44.436876,8.884011,31.01,0.0,0.0,1.5
1759417697.706,44.436876,8.884011,30.86,0.0,0.0,1.5
1759417697.806,44.436876,8.884011,30.71,0.0,0.0,1.5
1759417697.906,44.436876,8.884011,30.56,0.0,0.0,1.5
1759417698.006,44.436876,8.884011,30.41,0.0,0.0,1.5
1759417698.106,44.436876,8.884011,30.26,0.0,0.0,1.5
1759417698.206,44.436876,8.884011,30.11,0.0,0.0,1.5
1759417698.306,44.436876,8.884012,29.96,0.0,0.0,1.5
1759417698.406,44.436876,8.884012,29.81,0.0,0.0,1.5
1759417698.506,44.436876,8.884012,29.66,0.0,0.0,1.5
1759417698.606,44.436876,8.884012,29.51,0.0,0.0,1.5
1759417698.706,44.436876,8.884012,29.36,0.0,0.0,1.5
1759417698.806,44.436876,8.884012,29.21,0.0,0.0,1.5
1759417698.906,44.436876,8.884012,29.06,0.0,0.0,1.5
1759417699.006,44.436876,8.884012,28.91,0.0,0.0,1.5
1759417699.106,44.436876,8.884012,28.76,0.0,0.0,1.5
1759417699.206,44.436876,8.884012,28.61,0.0,0.0,1.5
1759417699.306,44.436876,8.884012,28.46,0.0,0.0,1.5
1759417699.406,44.436876,8.884012,28.31,0.0,0.0,1.5
1759417699.506,44.436876,8.884012,28.16,0.0,0.0,1.5
1759417699.606,44.436876,8.884012,28.01,0.0,0.0,1.5
1759417699.706,44.436876,8.884012,27.86,0.0,0.0,1.5
1759417699.806,44.436876,8.884012,27.71,0.0,0.0,1.5
1759417699.906,44.436876,8.884012,27.56,0.0,0.0,1.5
1759417700.006,44.436876,8.884012,27.41,0.0,0.0,1.5
1759417700.106,44.436876,8.884012,27.26,0.0,0.0,1.5
1759417700.206,44.436876,8.884012,27.11,0.0,0.0,1.5
1759417700.306,44.436876,8.884012,26.96,0.0,0.0,1.5
1759417700.406,44.436876,8.884012,26.81,0.0,0.0,1.5
1759417700.506,44.436876,8.884013,26.66,0.0,0.0,1.5
1759417700.606,44.436876,8.884013,26.51,0.0,0.0,1.5
1759417700.706,44.436876,8.884013,26.36,0.0,0.0,1.5
1759417700.806,44.436876,8.884013,26.21,0.0,0.0,1.5
1759417700.906,44.436876,8.884013,26.06,0.0,0.0,1.5
1759417701.006,44.436876,8.884013,25.91,0.0,0.0,1.5
1759417701.106,44.436876,8.884013,25.76,0.0,0.0,1.5
1759417701.206,44.436876,8.884013,25.61,0.0,0.0,1.5
1759417701.306,44.436876,8.884013,25.46,0.0,0.0,1.5
1759417701.406,44.436876,8.884013,25.31,0.0,0.0,1.5
1759417701.506,44.436876,8.884013,25.16,0.0,0.0,1.5
1759417701.606,44.436876,8.884013,25.01,0.0,0.0,1.5
1759417701.706,44.436876,8.884013,24.86,0.0,0.0,1.5
1759417701.806,44.436876,8.884013,24.71,0.0,0.0,1.5
1759417701.906,44.436876,8.884013,24.56,0.0,0.0,1.5
1759417702.006,44.436876,8.884013,24.41,0.0,0.0,1.5
1759417702.106,44.436876,8.884013,24.26,0.0,0.0,1.5
1759417702.206,44.436876,8.884013,24.11,0.0,0.0,1.5
1759417702.306,44.436876,8.884013,23.96,0.0,0.0,1.5
1759417702.406,44.436876,8.884013,23.81,0.0,0.0,1.5
1759417702.506,44.436876,8.884013,23.66,0.0,0.0,1.5
1759417702.606,44.436876,8.884013,23.51,0.0,0.0,1.5
1759417702.706,44.436876,8.884013,23.36,0.0,0.0,1.5
1759417702.806,44.436876,8.884013,23.21,0.0,0.0,1.5
1759417702.906,44.436876,8.884013,23.06,0.0,0.0,1.5
1759417703.006,44.436876,8.884014,22.91,0.0,0.0,1.5
1759417703.106,44.436876,8.884014,22.76,0.0,0.0,1.5
1759417703.206,44.436876,8.884014,22.61,0.0,0.0,1.5
1759417703.306,44.436876,8.884014,22.46,0.0,0.0,1.5
1759417703.406,44.436876,8.884014,22.31,0.0,0.0,1.5
1759417703.506,44.436876,8.884014,22.16,0.0,0.0,1.5
1759417703.606,44.436876,8.884014,22.01,0.0,0.0,1.5
1759417703.706,44.436876,8.884014,21.86,0.0,0.0,1.5
1759417703.806,44.436876,8.884014,21.71,0.0,0.0,1.5
1759417703.906,44.436876,8.884014,21.56,0.0,0.0,1.5
1759417704.006,44.436876,8.884014,21.41,0.0,0.0,1.5
1759417704.106,44.436876,8.884014,21.26,0.0,0.0,1.5
1759417704.206,44.436876,8.884014,21.11,0.0,0.0,1.5
1759417704.306,44.436876,8.884014,20.96,0.0,0.0,1.5
1759417704.406,44.436876,8.884014,20.81,0.0,0.0,1.5
1759417704.506,44.436876,8.884014,20.66,0.0,0.0,1.5
1759417704.606,44.436876,8.884014,20.51,0.0,0.0,1.5
1759417704.706,44.436876,8.884014,20.36,0.0,0.0,1.5
1759417704.806,44.436876,8.884014,20.21,0.0,0.0,1.5
1759417704.906,44.436876,8.884014,20.06,0.0,0.0,1.5
1759417705.006,44.436876,8.884014,19.91,0.0,0.0,1.5
1759417705.106,44.436876,8.884014,19.76,0.0,0.0,1.5
1759417705.206,44.436876,8.884014,19.61,0.0,0.0,1.5
1759417705.306,44.436876,8.884014,19.46,0.0,0.0,1.5
1759417705.406,44.436876,8.884014,19.31,0.0,0.0,1.5
1759417705.506,44.436876,8.884015,19.16,0.0,0.0,1.5
1759417705.606,44.436876,8.884015,19.01,0.0,0.0,1.5
1759417705.706,44.436876,8.884015,18.86,0.0,0.0,1.5
1759417705.806,44.436876,8.884015,18.71,0.0,0.0,1.5
1759417705.906,44.436876,8.884015,18.56,0.0,0.0,1.5
1759417706.006,44.436876,8.884015,18.41,0.0,0.0,1.5
1759417706.106,44.436876,8.884015,18.26,0.0,0.0,1.5
1759417706.206,44.436876,8.884015,18.11,0.0,0.0,1.5
1759417706.306,44.436876,8.884015,17.96,0.0,0.0,1.5
1759417706.406,44.436876,8.884015,17.81,0.0,0.0,1.5
1759417706.506,44.436876,8.884015,17.66,0.0,0.0,1.5
1759417706.606,44.436876,8.884015,17.51,0.0,0.0,1.5
1759417706.706,44.436876,8.884015,17.36,0.0,0.0,1.5
1759417706.806,44.436876,8.884015,17.21,0.0,0.0,1.5
1759417706.906,44.436876,8.884015,17.06,0.0,0.0,1.5
1759417707.006,44.436876,8.884015,16.91,0.0,0.0,1.5
1759417707.106,44.436876,8.884015,16.76,0.0,0.0,1.5
1759417707.206,44.436876,8.884015,16.61,0.0,0.0,1.5
1759417707.306,44.436876,8.884015,16.46,0.0,0.0,1.5
1759417707.406,44.436876,8.884015,16.31,0.0,0.0,1.5
1759417707.506,44.436876,8.884015,16.16,0.0,0.0,1.5
1759417707.606,44.436876,8.884015,16.01,0.0,0.0,1.5
1759417707.706,44.436876,8.884015,15.86,0.0,0.0,1.5
1759417707.806,44.436876,8.884016,15.71,0.0,0.0,1.5
1759417707.906,44.436876,8.884016,15.56,0.0,0.0,1.5
1759417708.006,44.436876,8.884016,15.41,0.0,0.0,1.5
1759417708.106,44.436876,8.884016,15.26,0.0,0.0,1.5
1759417708.206,44.436876,8.884016,15.11,0.0,0.0,1.5
1759417708.306,44.436876,8.884016,14.96,0.0,0.0,1.5
1759417708.406,44.436876,8.884016,14.81,0.0,0.0,1.5
1759417708.506,44.436876,8.884016,14.66,0.0,0.0,1.5
1759417708.606,44.436876,8.884016,14.51,0.0,0.0,1.5
1759417708.706,44.436876,8.884016,14.36,0.0,0.0,1.5
1759417708.806,44.436876,8.884016,14.21,0.0,0.0,1.48
1759417708.906,44.436876,8.884016,14.06,0.0,0.0,1.45
1759417709.006,44.436876,8.884016,13.91,0.0,0.0,1.42
1759417709.106,44.436876,8.884016,13.76,0.0,0.0,1.39
1759417709.206,44.436876,8.884016,13.61,0.0,0.0,1.36
1759417709.306,44.436876,8.884016,13.45,0.0,0.0,1.33
1759417709.406,44.436876,8.884016,13.3,0.0,0.0,1.3
1759417709.506,44.436876,8.884016,13.15,0.0,0.0,1.27
1759417709.606,44.436876,8.884016,13.0,0.0,0.0,1.24
1759417709.706,44.436876,8.884016,12.85,0.0,0.0,1.21
1759417709.806,44.436876,8.884016,12.7,0.0,0.0,1.16
1759417709.906,44.436876,8.884016,12.57,0.0,0.0,1.1
1759417710.006,44.436876,8.884016,12.43,0.0,0.0,1.04
1759417710.106,44.436876,8.884016,12.29,0.0,0.0,0.98
1759417710.206,44.436876,8.884017,12.15,0.0,0.0,0.92
1759417710.306,44.436876,8.884017,12.01,0.0,0.0,0.86
1759417710.406,44.436876,8.884017,11.87,0.0,0.0,0.8
1759417710.506,44.436876,8.884017,11.74,0.0,0.0,0.74
1759417710.606,44.436876,8.884017,11.6,0.0,0.0,0.68
1759417710.706,44.436876,8.884017,11.46,0.0,0.0,0.63
1759417710.806,44.436876,8.884017,11.35,0.0,0.0,0.64
1759417710.906,44.436876,8.884017,11.27,0.0,0.0,0.71
1759417711.006,44.436876,8.884017,11.19,0.0,0.0,0.78
1759417711.106,44.436876,8.884017,11.11,0.0,0.0,0.85
1759417711.206,44.436876,8.884017,11.03,0.0,0.0,0.92
1759417711.306,44.436876,8.884017,10.95,0.0,0.0,0.99
1759417711.406,44.436876,8.884017,10.87,0.0,0.0,1.06
1759417711.506,44.436876,8.884017,10.79,0.0,0.0,1.13
1759417711.606,44.436876,8.884017,10.71,0.0,0.0,1.2
1759417711.706,44.436876,8.884017,10.63,0.0,0.0,1.27
1759417711.806,44.436876,8.884017,10.55,0.0,0.0,1.31
1759417711.906,44.436876,8.884017,10.46,0.0,0.0,1.32
1759417712.006,44.436876,8.884017,10.37,0.0,0.0,1.33
1759417712.106,44.436876,8.884017,10.28,0.0,0.0,1.34
1759417712.206,44.436876,8.884017,10.19,0.0,0.0,1.35
1759417712.306,44.436876,8.884017,10.1,0.0,0.0,1.36
1759417712.406,44.436876,8.884017,10.01,0.0,0.0,1.37
1759417712.506,44.436876,8.884017,9.92,0.0,0.0,1.38
1759417712.606,44.436876,8.884017,9.83,0.0,0.0,1.39
1759417712.706,44.436876,8.884017,9.74,0.0,0.0,1.4
1759417712.806,44.436876,8.884017,9.62,0.0,0.0,1.38
1759417712.906,44.436876,8.884017,9.48,0.0,0.0,1.35
1759417713.006,44.436876,8.884017,9.34,0.0,0.0,1.32
1759417713.106,44.436876,8.884017,9.2,0.0,0.0,1.29
1759417713.206,44.436876,8.884017,9.06,0.0,0.0,1.26
1759417713.306,44.436876,8.884017,8.92,0.0,0.0,1.23
1759417713.406,44.436876,8.884017,8.78,0.0,0.0,1.2
1759417713.506,44.436876,8.884017,8.64,0.0,0.0,1.17
1759417713.606,44.436876,8.884017,8.5,0.0,0.0,1.14
1759417713.706,44.436876,8.884017,8.36,0.0,0.0,1.11
1759417713.806,44.436876,8.884017,8.22,0.0,0.0,1.08
1759417713.906,44.436876,8.884017,8.09,0.0,0.0,1.05
1759417714.006,44.436876,8.884017,7.96,0.0,0.0,1.02
1759417714.106,44.436876,8.884017,7.83,0.0,0.0,0.99
1759417714.206,44.436876,8.884017,7.7,0.0,0.0,0.96
1759417714.306,44.436876,8.884017,7.57,0.0,0.0,0.93
1759417714.406,44.436876,8.884017,7.44,0.0,0.0,0.9
1759417714.506,44.436876,8.884017,7.31,0.0,0.0,0.87
1759417714.606,44.436876,8.884017,7.18,0.0,0.0,0.84
1759417714.706,44.436876,8.884017,7.04,0.0,0.0,0.81
1759417714.806,44.436876,8.884017,6.94,0.0,0.0,0.79
1759417714.906,44.436876,8.884017,6.85,0.0,0.0,0.78
1759417715.006,44.436876,8.884017,6.76,0.0,0.0,0.77
1759417715.106,44.436876,8.884017,6.67,0.0,0.0,0.76
1759417715.206,44.436876,8.884017,6.58,0.0,0.0,0.75
1759417715.306,44.436876,8.884017,6.49,0.0,0.0,0.74
1759417715.406,44.436876,8.884017,6.4,0.0,0.0,0.73
1759417715.506,44.436876,8.884017,6.31,0.0,0.0,0.72
1759417715.606,44.436876,8.884017,6.22,0.0,0.0,0.71
1759417715.706,44.436876,8.884017,6.13,0.0,0.0,0.7
1759417715.806,44.436876,8.884017,6.05,0.0,0.0,0.7
1759417715.906,44.436876,8.884017,5.97,0.0,0.0,0.7
1759417716.006,44.436876,8.884017,5.89,0.0,0.0,0.7
1759417716.106,44.436876,8.884017,5.81,0.0,0.0,0.7
1759417716.206,44.436876,8.884017,5.73,0.0,0.0,0.7
1759417716.306,44.436876,8.884017,5.65,0.0,0.0,0.7
1759417716.406,44.436876,8.884017,5.57,0.0,0.0,0.7
1759417716.506,44.436876,8.884017,5.49,0.0,0.0,0.7
1759417716.606,44.436876,8.884017,5.41,0.0,0.0,0.7
1759417716.706,44.436876,8.884017,5.33,0.0,0.0,0.7
1759417716.806,44.436876,8.884017,5.26,0.0,0.0,0.7
1759417716.906,44.436876,8.884017,5.19,0.0,0.0,0.7
1759417717.006,44.436876,8.884017,5.12,0.0,0.0,0.7
1759417717.106,44.436876,8.884017,5.05,0.0,0.0,0.7
1759417717.206,44.436876,8.884017,4.98,0.0,0.0,0.7
1759417717.306,44.436876,8.884017,4.91,0.0,0.0,0.7
1759417717.406,44.436876,8.884017,4.84,0.0,0.0,0.7
1759417717.506,44.436876,8.884017,4.76,0.0,0.0,0.7
1759417717.606,44.436876,8.884017,4.69,0.0,0.0,0.7
1759417717.706,44.436876,8.884017,4.62,0.0,0.0,0.7
1759417717.806,44.436876,8.884017,4.55,0.0,0.0,0.7
1759417717.906,44.436876,8.884017,4.48,0.0,0.0,0.7
1759417718.006,44.436876,8.884017,4.41,0.0,0.0,0.7
1759417718.106,44.436876,8.884017,4.34,0.0,0.0,0.7
1759417718.206,44.436876,8.884017,4.27,0.0,0.0,0.7
1759417718.306,44.436876,8.884017,4.2,0.0,0.0,0.7
1759417718.406,44.436876,8.884017,4.13,0.0,0.0,0.7
1759417718.506,44.436876,8.884017,4.06,0.0,0.0,0.7
1759417718.606,44.436876,8.884017,3.99,0.0,0.0,0.7
1759417718.706,44.436876,8.884017,3.92,0.0,0.0,0.7
1759417718.806,44.436876,8.884017,3.85,0.0,0.0,0.7
1759417718.906,44.436876,8.884017,3.78,0.0,0.0,0.7
1759417719.006,44.436876,8.884017,3.71,0.0,0.0,0.7
1759417719.106,44.436876,8.884017,3.65,0.0,0.0,0.7
1759417719.206,44.436876,8.884017,3.58,0.0,0.0,0.7
1759417719.306,44.436876,8.884017,3.51,0.0,0.0,0.7
1759417719.406,44.436876,8.884017,3.44,0.0,0.0,0.7
1759417719.506,44.436876,8.884017,3.37,0.0,0.0,0.7
1759417719.606,44.436876,8.884017,3.3,0.0,0.0,0.7
1759417719.706,44.436876,8.884017,3.23,0.0,0.0,0.7
1759417719.806,44.436876,8.884017,3.16,0.0,0.0,0.7
1759417719.906,44.436876,8.884017,3.09,0.0,0.0,0.7
1759417720.006,44.436876,8.884017,3.02,0.0,0.0,0.7
1759417720.106,44.436876,8.884017,2.95,0.0,0.0,0.7
1759417720.206,44.436876,8.884017,2.88,0.0,0.0,0.7
1759417720.306,44.436876,8.884017,2.81,0.0,0.0,0.7
1759417720.406,44.436876,8.884017,2.73,0.0,0.0,0.7
1759417720.506,44.436876,8.884017,2.66,0.0,0.0,0.7
1759417720.606,44.436876,8.884017,2.59,0.0,0.0,0.7
1759417720.706,44.436876,8.884017,2.52,0.0,0.0,0.7
1759417720.806,44.436876,8.884017,2.45,0.0,0.0,0.7
1759417720.906,44.436876,8.884017,2.38,0.0,0.0,0.7
1759417721.006,44.436876,8.884017,2.31,0.0,0.0,0.7
1759417721.106,44.436876,8.884017,2.24,0.0,0.0,0.7
1759417721.206,44.436876,8.884017,2.18,0.0,0.0,0.7
1759417721.306,44.436876,8.884017,2.11,0.0,0.0,0.7
1759417721.406,44.436876,8.884017,2.04,0.0,0.0,0.7
1759417721.506,44.436876,8.884017,1.97,0.0,0.0,0.7
1759417721.606,44.436876,8.884017,1.9,0.0,0.0,0.7
1759417721.706,44.436876,8.884017,1.83,0.0,0.0,0.7
1759417721.806,44.436876,8.884017,1.76,0.0,0.0,0.7
1759417721.906,44.436876,8.884017,1.69,0.0,0.0,0.7
1759417722.006,44.436876,8.884017,1.62,0.0,0.0,0.7
1759417722.106,44.436876,8.884017,1.55,0.0,0.0,0.7
1759417722.206,44.436876,8.884017,1.48,0.0,0.0,0.7
1759417722.306,44.436876,8.884017,1.41,0.0,0.0,0.7
1759417722.406,44.436876,8.884017,1.34,0.0,0.0,0.7
1759417722.506,44.436876,8.884017,1.27,0.0,0.0,0.7
1759417722.606,44.436876,8.884017,1.2,0.0,0.0,0.7
1759417722.706,44.436876,8.884017,1.13,0.0,0.0,0.7
1759417722.806,44.436876,8.884017,1.06,0.0,0.0,0.69
1759417722.906,44.436876,8.884017,0.99,0.0,0.0,0.68
1759417723.006,44.436876,8.884017,0.92,0.0,0.0,0.67
1759417723.106,44.436876,8.884017,0.85,0.0,0.0,0.66
1759417723.206,44.436876,8.884017,0.78,0.0,0.0,0.65
1759417723.306,44.436876,8.884017,0.71,0.0,0.0,0.64
1759417723.406,44.436876,8.884017,0.64,0.0,0.0,0.63
1759417723.506,44.436876,8.884017,0.57,0.0,0.0,0.62
1759417723.606,44.436876,8.884017,0.5,0.0,0.0,0.61
1759417723.706,44.436876,8.884017,0.43,0.0,0.0,0.6
1759417723.806,44.436876,8.884017,0.37,0.0,0.0,0.58
1759417723.906,44.436876,8.884017,0.32,0.0,0.0,0.54
1759417724.006,44.436876,8.884017,0.27,0.0,0.0,0.5
1759417724.106,44.436876,8.884017,0.22,0.0,0.0,0.46
1759417724.206,44.436876,8.884017,0.17,0.0,0.0,0.42
1759417724.306,44.436876,8.884017,0.12,0.0,0.0,0.38
1759417724.406,44.436876,8.884017,0.07,0.0,0.0,0.34
1759417724.506,44.436876,8.884017,0.02,0.0,0.0,0.3
1759417724.606,44.436876,8.884017,-0.03,0.0,0.0,0.26
1759417724.706,44.436876,8.884017,-0.08,0.0,0.0,0.22
1759417724.806,44.436876,8.884017,-0.1,0.0,0.0,0.19
1759417724.906,44.436876,8.884017,-0.1,0.0,0.0,0.17
1759417725.006,44.436876,8.884017,-0.1,0.0,0.0,0.15
1759417725.106,44.436876,8.884017,-0.1,0.0,0.0,0.13
1759417725.206,44.436876,8.884017,-0.1,0.0,0.0,0.11
1759417725.306,44.436876,8.884017,-0.1,0.0,0.0,0.09
1759417725.406,44.436876,8.884017,-0.1,0.0,0.0,0.07
1759417725.506,44.436876,8.884017,-0.1,0.0,0.0,0.05
1759417725.606,44.436876,8.884017,-0.1,0.0,0.0,0.03
1759417725.706,44.436876,8.884017,-0.1,0.0,0.0,0.01
1759417725.806,44.436876,8.884017,-0.09,0.0,0.0,-0.01
1759417725.906,44.436876,8.884017,-0.07,0.0,0.0,-0.02
1759417726.006,44.436876,8.884017,-0.05,0.0,0.0,-0.03
1759417726.106,44.436876,8.884017,-0.03,0.0,0.0,-0.04
1759417726.206,44.436876,8.884017,-0.01,0.0,0.0,-0.05
1759417726.306,44.436876,8.884017,0.01,0.0,0.0,-0.06
1759417726.406,44.436876,8.884017,0.03,0.0,0.0,-0.07
1759417726.506,44.436876,8.884017,0.05,0.0,0.0,-0.08
1759417726.606,44.436876,8.884017,0.07,0.0,0.0,-0.09
1759417726.706,44.436876,8.884017,0.09,0.0,0.0,-0.1
1759417726.806,44.436876,8.884017,0.1,0.0,0.0,-0.11
1759417726.906,44.436876,8.884017,0.1,0.0,0.0,-0.12
1759417727.006,44.436876,8.884017,0.1,0.0,0.0,-0.13
1759417727.106,44.436876,8.884017,0.1,0.0,0.0,-0.14
1759417727.206,44.436876,8.884017,0.1,0.0,0.0,-0.15
1759417727.306,44.436876,8.884017,0.1,0.0,0.0,-0.16
1759417727.406,44.436876,8.884017,0.1,0.0,0.0,-0.17
1759417727.506,44.436876,8.884017,0.1,0.0,0.0,-0.18
1759417727.606,44.436876,8.884017,0.1,0.0,0.0,-0.19
1759417727.706,44.436876,8.884017,0.1,0.0,0.0,-0.2
1759417727.806,44.436876,8.884017,0.09,0.0,0.0,-0.2
1759417727.906,44.436876,8.884017,0.08,0.0,0.0,-0.2
1759417728.006,44.436876,8.884017,0.07,0.0,0.0,-0.2
1759417728.106,44.436876,8.884017,0.06,0.0,0.0,-0.2
1759417728.206,44.436876,8.884017,0.05,0.0,0.0,-0.2
1759417728.306,44.436876,8.884017,0.04,0.0,0.0,-0.2
1759417728.406,44.436876,8.884017,0.03,0.0,0.0,-0.2
1759417728.506,44.436876,8.884017,0.02,0.0,0.0,-0.2
1759417728.606,44.436876,8.884017,0.01,0.0,0.0,-0.2
1759417728.706,44.436876,8.884017,0.0,0.0,0.0,-0.2
1759417728.806,44.436876,8.884017,0.0,0.0,0.0,-0.19
1759417728.906,44.436876,8.884017,0.0,0.0,0.0,-0.18
1759417729.006,44.436876,8.884017,0.0,0.0,0.0,-0.17
1759417729.106,44.436876,8.884017,0.0,0.0,0.0,-0.16
1759417729.206,44.436876,8.884017,0.0,0.0,0.0,-0.15
1759417729.306,44.436876,8.884017,0.0,0.0,0.0,-0.14
1759417729.406,44.436876,8.884017,0.0,0.0,0.0,-0.13
1759417729.506,44.436876,8.884017,0.0,0.0,0.0,-0.12
1759417729.606,44.436876,8.884017,0.0,0.0,0.0,-0.11
1759417729.706,44.436876,8.884017,0.0,0.0,0.0,-0.1
1759417729.806,44.436876,8.884017,0.0,0.0,0.0,-0.1
1759417729.906,44.436876,8.884017,0.0,0.0,0.0,-0.1
1759417730.006,44.436876,8.884017,0.0,0.0,0.0,-0.1
1759417730.106,44.436876,8.884017,0.0,0.0,0.0,-0.1
1759417730.206,44.436876,8.884017,0.0,0.0,0.0,-0.1
1759417730.306,44.436876,8.884017,0.0,0.0,0.0,-0.1
1759417730.406,44.436876,8.884017,0.0,0.0,0.0,-0.1
1759417730.506,44.436876,8.884017,0.0,0.0,0.0,-0.1
1759417730.606,44.436876,8.884017,0.0,0.0,0.0,-0.1
1759417730.706,44.436876,8.884017,0.0,0.0,0.0,-0.1
1759417730.806,44.436876,8.884017,0.0,0.0,0.0,-0.1
1759417730.906,44.436876,8.884017,0.0,0.0,0.0,-0.1
1759417731.006,44.436876,8.884017,0.0,0.0,0.0,-0.1
1759417731.106,44.436876,8.884017,0.0,0.0,0.0,-0.1
1759417731.206,44.436876,8.884017,0.0,0.0,0.0,-0.1
1759417731.306,44.436876,8.884017,0.0,0.0,0.0,-0.1
1759417731.406,44.436876,8.884017,0.0,0.0,0.0,-0.1
1759417731.506,44.436876,8.884017,0.0,0.0,0.0,-0.1
1759417731.606,44.436876,8.884017,0.0,0.0,0.0,-0.1
1759417731.706,44.436876,8.884017,0.0,0.0,0.0,-0.1
1759417731.806,44.436876,8.884017,0.0,0.0,0.0,-0.1
1759417731.906,44.436876,8.884017,0.0,0.0,0.0,-0.1
1759417732.006,44.436876,8.884017,0.0,0.0,0.0,-0.1
1759417732.106,44.436876,8.884017,0.0,0.0,0.0,-0.1
1759417732.206,44.436876,8.884017,0.0,0.0,0.0,-0.1
1759417732.306,44.436876,8.884017,0.0,0.0,0.0,-0.1
1759417732.406,44.436876,8.884017,0.0,0.0,0.0,-0.1
1759417732.506,44.436876,8.884017,0.0,0.0,0.0,-0.1
1759417732.606,44.436876,8.884017,0.0,0.0,0.0,-0.1
1759417732.706,44.436876,8.884017,0.0,0.0,0.0,-0.1
1759417732.806,44.436876,8.884017,0.0,0.0,0.0,-0.1
1759417732.906,44.436876,8.884017,0.0,0.0,0.0,-0.1
1759417733.006,44.436876,8.884017,0.0,0.0,0.0,-0.1
1759417733.106,44.436876,8.884017,0.0,0.0,0.0,-0.1
1759417733.206,44.436876,8.884017,0.0,0.0,0.0,-0.1
1759417733.306,44.436876,8.884017,0.0,0.0,0.0,-0.1
1759417733.406,44.436876,8.884017,0.0,0.0,0.0,-0.1
1759417733.506,44.436876,8.884017,0.0,0.0,0.0,-0.1
1759417733.606,44.436876,8.884017,0.0,0.0,0.0,-0.1
1759417733.706,44.436876,8.884017,0.0,0.0,0.0,-0.1
1759417733.806,44.436876,8.884017,0.0,0.0,0.0,-0.1
1759417733.906,44.436876,8.884017,0.0,0.0,0.0,-0.1
1759417734.006,44.436876,8.884017,0.0,0.0,0.0,-0.1
1759417734.106,44.436876,8.884017,0.0,0.0,0.0,-0.1
1759417734.206,44.436876,8.884017,0.0,0.0,0.0,-0.1
1759417734.306,44.436876,8.884017,0.0,0.0,0.0,-0.1
1759417734.406,44.436876,8.884017,0.0,0.0,0.0,-0.1
1759417734.506,44.436876,8.884017,0.0,0.0,0.0,-0.1
1759417734.606,44.436876,8.884017,0.0,0.0,0.0,-0.1
1759417734.706,44.436876,8.884017,0.0,0.0,0.0,-0.1
1759417734.806,44.436876,8.884017,0.0,0.0,0.0,-0.1
1759417734.906,44.436876,8.884017,0.0,0.0,0.0,-0.1
1759417735.006,44.436876,8.884017,0.0,0.0,0.0,-0.1
1759417735.106,44.436876,8.884017,0.0,0.0,0.0,-0.1
1759417735.206,44.436876,8.884017,0.0,0.0,0.0,-0.1
1759417735.306,44.436876,8.884017,0.0,0.0,0.0,-0.1
1759417735.406,44.436876,8.884017,0.0,0.0,0.0,-0.1
1759417735.506,44.436876,8.884017,0.0,0.0,0.0,-0.1
1759417735.606,44.436876,8.884017,0.0,0.0,0.0,-0.1
1759417735.706,44.436876,8.884017,0.0,0.0,0.0,-0.1
